timestamp,open,high,low,close,volume
2025-02-26T15:30:00+0000,597.975,599.21,597.95,598.85,1721420.0
2025-02-26T16:00:00+0000,598.87,599.58,598.65,598.65,1929898.0
2025-02-26T16:30:00+0000,598.68,599.43,597.82,598.01,1753016.0
2025-02-26T17:30:00+0000,598.65,599.01,595.1,595.605,2524123.0
2025-02-26T18:00:00+0000,595.59,595.86,593.85,593.925,2590483.0
2025-02-26T18:30:00+0000,593.865,594.59,592.12,592.58,2886822.0
2025-02-26T19:00:00+0000,592.55,593.8897,591.8556,593.389,3105429.0
2025-02-26T19:30:00+0000,593.35,594.64,592.63,592.76,2233529.0
2025-02-26T20:00:00+0000,592.8,593.98,592.46,593.59,2315881.0
2025-02-26T20:30:00+0000,593.59,595.29,593.14,594.43,6328749.0
2025-02-27T14:30:00+0000,596.85,598.02,592.14,592.435,5890791.0
2025-02-27T15:00:00+0000,592.43,596.52,590.52,595.45,6431577.0
2025-02-27T15:30:00+0000,595.45,595.72,593.29,593.432,2724297.0
2025-02-27T16:00:00+0000,593.44,596.24,593.22,594.1213,2470161.0
2025-02-27T16:30:00+0000,594.13,594.9589,592.28,592.45,2312216.0
2025-02-27T17:00:00+0000,592.49,593.99,591.4,593.95,2462927.0
2025-02-27T17:30:00+0000,593.96,594.475,592.37,593.42,1830736.0
2025-02-27T18:00:00+0000,593.44,595.16,593.305,594.59,2239049.0
2025-02-27T18:30:00+0000,594.63,594.95,593.641,593.71,1254520.0
2025-02-27T19:00:00+0000,593.76,593.84,590.68,590.7697,2592714.0
2025-02-27T19:30:00+0000,590.782,590.8,588.34,589.28,5034163.0
2025-02-27T20:00:00+0000,589.3,589.35,586.24,586.31,6566007.0
2025-02-27T20:30:00+0000,586.363,587.57,584.65,585.04,15219479.0
2025-02-28T14:30:00+0000,585.56,586.33,583.27,586.03,8529278.0
2025-02-28T15:00:00+0000,586.01,588.38,585.225,588.36,5169608.0
2025-02-28T15:30:00+0000,588.36,588.8998,587.09,588.86,3341921.0
2025-02-28T16:00:00+0000,588.87,589.03,586.01,586.06,2879052.0
2025-02-28T16:30:00+0000,586.07,588.34,585.83,587.34,2112070.0
2025-02-28T17:00:00+0000,587.3647,588.3,586.48,587.025,1744506.0
2025-02-28T17:30:00+0000,587.075,587.18,583.6,583.6866,4642612.0
2025-02-28T18:00:00+0000,583.69,584.79,582.44,584.72,6277798.0
2025-02-28T18:30:00+0000,584.69,586.52,583.58,583.6025,3656783.0
2025-02-28T19:00:00+0000,583.6,585.83,583.531,585.67,2868094.0
2025-02-28T19:30:00+0000,585.6699,588.25,585.25,588.1,3731695.0
2025-02-28T20:00:00+0000,588.09,589.68,587.7,589.615,4947446.0
2025-02-28T20:30:00+0000,589.63,594.72,587.93,594.07,20419361.0
2025-03-03T14:30:00+0000,596.18,597.34,592.44,593.05,6122378.0
2025-03-03T15:00:00+0000,592.67,594.115,590.71,594.115,5066295.0
2025-03-03T15:30:00+0000,594.09,595.125,592.22,592.4159,2855990.0
2025-03-03T16:00:00+0000,592.41,594.5499,592.28,592.4,3001852.0
2025-03-03T16:30:00+0000,592.43,593.4236,591.17,593.055,2475187.0
2025-03-03T17:00:00+0000,593.04,594.15,592.7,593.81,1446741.0
2025-03-03T17:30:00+0000,593.8,594.22,591.42,592.015,1371964.0
2025-03-03T18:00:00+0000,592.015,592.13,587.87,588.0903,3605684.0
2025-03-03T18:30:00+0000,588.115,594.2194,587.48,589.17,4495026.0
2025-03-03T19:00:00+0000,589.12,590.23,588.2401,588.495,2373156.0
2025-03-03T19:30:00+0000,588.49,590.65,585.97,586.05,4646550.0
2025-03-03T20:00:00+0000,586.03,586.08,580.83,581.21,11213907.0
2025-03-03T20:30:00+0000,581.19,584.11,579.9,583.97,14073580.0
2025-03-04T14:30:00+0000,579.71,580.21,575.59,575.7,10890956.0
2025-03-04T15:00:00+0000,575.71,576.21,572.25,574.51,9470939.0
2025-03-04T15:30:00+0000,574.52,576.1,573.4,574.09,5901420.0
2025-03-04T16:00:00+0000,574.1,575.09,572.3,572.9601,6578602.0
2025-03-04T16:30:00+0000,572.99,576.57,572.92,575.985,5014741.0
2025-03-04T17:00:00+0000,576.02,578.57,575.33,577.86,4228834.0
2025-03-04T17:30:00+0000,577.85,578.17,575.9,576.494,4065990.0
2025-03-04T18:00:00+0000,576.51,580.0696,576.03,577.54,3775915.0
2025-03-04T18:30:00+0000,577.48,580.83,574.1723,580.285,2825458.0
2025-03-04T19:00:00+0000,580.26,582.929,580.18,581.4,6271765.0
2025-03-04T19:30:00+0000,581.42,583.13,580.8,582.89,4134096.0
2025-03-04T20:00:00+0000,582.82,585.39,582.2,583.84,5731520.0
2025-03-04T20:30:00+0000,583.86,584.03,574.69,576.87,20076479.0
2025-03-05T14:30:00+0000,576.69,579.12,575.0,575.81,6463176.0
2025-03-05T15:00:00+0000,576.51,579.64,575.4,575.8915,6443675.0
2025-03-05T15:30:00+0000,575.92,578.35,575.5004,576.92,2973070.0
2025-03-05T16:00:00+0000,576.9,576.91,573.8,574.85,3380639.0
2025-03-05T16:30:00+0000,574.84,576.8,573.0795,575.89,4794482.0
2025-03-05T17:00:00+0000,575.86,578.79,575.77,578.7,3399680.0
2025-03-05T17:30:00+0000,578.69,580.91,577.91,580.7463,3237115.0
2025-03-05T18:00:00+0000,580.75,581.16,577.74,579.23,4370852.0
2025-03-05T18:30:00+0000,579.27,581.57,577.91,581.465,3403591.0
2025-03-05T19:00:00+0000,581.46,584.34,580.83,582.8,6430856.0
2025-03-05T19:30:00+0000,582.8,584.2,581.98,583.09,2869548.0
2025-03-05T20:00:00+0000,583.025,584.88,582.25,584.13,4157849.0
2025-03-05T20:30:00+0000,584.1,584.16,581.39,583.05,9308636.0
2025-03-06T14:30:00+0000,575.48,575.99,573.45,574.423,5812750.0
2025-03-06T15:00:00+0000,574.41,578.71,574.085,578.461,6483836.0
2025-03-06T15:30:00+0000,578.46,580.06,577.49,578.71,3052033.0
2025-03-06T16:00:00+0000,578.71,580.1736,577.11,578.49,3101163.0
2025-03-06T16:30:00+0000,578.47,580.07,574.42,574.5,4330666.0
2025-03-06T17:00:00+0000,574.48,574.99,572.0,572.55,5101416.0
2025-03-06T17:30:00+0000,572.56,573.75,571.04,573.0699,5225267.0
2025-03-06T18:00:00+0000,572.985,574.16,571.95,572.53,2952772.0
2025-03-06T18:30:00+0000,572.5303,573.15,570.42,572.179,3396558.0
2025-03-06T19:00:00+0000,572.08,572.36,570.12,570.6388,4179327.0
2025-03-06T19:30:00+0000,570.6,574.93,570.12,570.98,6530676.0
2025-03-06T20:00:00+0000,571.03,573.61,570.46,573.0131,5198744.0
2025-03-06T20:30:00+0000,573.03,574.27,571.57,572.8,9951281.0
2025-03-07T14:30:00+0000,570.9,576.0679,570.8,573.95,6360788.0
2025-03-07T15:00:00+0000,573.95,575.069,571.77,572.36,4183279.0
2025-03-07T15:30:00+0000,572.35,573.0,568.4281,570.91,8627325.0
2025-03-07T16:00:00+0000,570.92,571.26,567.37,567.63,4075629.0
2025-03-07T16:30:00+0000,567.67,568.035,565.63,567.1,6455045.0
2025-03-07T17:00:00+0000,567.12,568.6695,565.8,568.08,4641821.0
2025-03-07T17:30:00+0000,568.06,573.08,567.44,570.185,6676521.0
2025-03-07T18:00:00+0000,570.19,574.29,570.13,572.6269,4228177.0
2025-03-07T18:30:00+0000,572.66,575.3,568.1599,575.24,4273829.0
2025-03-07T19:00:00+0000,575.27,577.31,574.13,576.575,4847191.0
2025-03-07T19:30:00+0000,576.66,577.14,574.66,575.1735,3548451.0
2025-03-07T20:00:00+0000,575.16,576.72,574.62,575.9796,3602396.0
2025-03-07T20:30:00+0000,575.94,577.39,572.81,575.85,9088796.0
2025-03-10T13:30:00+0000,567.59,569.54,566.36,567.36,6730401.0
2025-03-10T14:00:00+0000,567.32,567.32,565.1731,565.515,5602117.0
2025-03-10T14:30:00+0000,565.53,566.05,563.06,563.94,7265707.0
2025-03-10T15:00:00+0000,563.95,565.4,563.93,565.125,5503054.0
2025-03-10T15:30:00+0000,565.14,566.62,563.64,563.84,3976317.0
2025-03-10T16:00:00+0000,563.8,564.55,562.45,563.77,3564621.0
2025-03-10T16:30:00+0000,563.78,565.11,562.71,563.0,3459947.0
2025-03-10T17:00:00+0000,562.99,563.17,561.1,561.84,3916811.0
2025-03-10T17:30:00+0000,561.88,561.97,560.1,560.42,4328056.0
2025-03-10T18:00:00+0000,560.41,561.53,559.42,559.82,5549038.0
2025-03-10T18:30:00+0000,559.82,560.48,557.07,557.3,5165825.0
2025-03-10T19:00:00+0000,557.3,561.29,555.59,559.67,9789022.0
2025-03-10T19:30:00+0000,559.72,562.4697,559.06,560.75,15153241.0
2025-03-11T13:30:00+0000,559.4,561.74,558.3,559.79,6641332.0
2025-03-11T14:00:00+0000,559.75,562.12,555.65,555.9858,8233100.0
2025-03-11T14:30:00+0000,555.95,557.24,554.05,554.77,5855289.0
2025-03-11T15:00:00+0000,554.74,558.86,554.17,557.17,5186949.0
2025-03-11T15:30:00+0000,557.1,559.98,556.86,557.17,3365698.0
2025-03-11T16:00:00+0000,557.15,557.65,554.75,555.81,3111346.0
2025-03-11T16:30:00+0000,555.85,556.93,553.57,554.32,3576708.0
2025-03-11T17:00:00+0000,554.3199,554.355,552.04,552.2,5084005.0
2025-03-11T17:30:00+0000,552.16,555.39,552.02,554.28,4453646.0
2025-03-11T18:00:00+0000,554.26,559.32,554.14,558.44,4923985.0
2025-03-11T18:30:00+0000,558.41,562.87,557.34,561.546,7107724.0
2025-03-11T19:00:00+0000,561.55,564.02,558.61,559.57,6486765.0
2025-03-11T19:30:00+0000,559.5815,560.32,556.01,556.12,10711110.0
2025-03-12T13:30:00+0000,562.17,563.11,558.34,559.48,13032603.0
2025-03-12T14:00:00+0000,559.46,560.5805,557.98,559.01,4000766.0
2025-03-12T14:30:00+0000,559.07,559.27,555.5,555.6001,4335512.0
2025-03-12T15:00:00+0000,555.62,557.2,553.69,556.9,4772825.0
2025-03-12T15:30:00+0000,556.94,559.23,556.575,559.12,2946607.0
2025-03-12T16:00:00+0000,559.1,560.86,558.24,560.27,3169264.0
2025-03-12T16:30:00+0000,560.31,561.26,558.69,559.07,3362406.0
2025-03-12T17:00:00+0000,559.1,561.46,558.66,561.42,1921423.0
2025-03-12T17:30:00+0000,561.4,561.78,557.94,558.01,2479046.0
2025-03-12T18:00:00+0000,558.04,560.24,557.81,560.2,2236798.0
2025-03-12T18:30:00+0000,560.21,561.9,559.89,561.2247,2349761.0
2025-03-12T19:00:00+0000,561.2,561.2,558.87,559.64,2975964.0
2025-03-12T19:30:00+0000,559.64,560.29,558.17,558.91,8724830.0
2025-03-13T13:30:00+0000,558.49,558.718,554.47,555.03,4598726.0
2025-03-13T14:00:00+0000,555.02,559.105,554.45,557.115,4274167.0
2025-03-13T14:30:00+0000,557.13,558.37,555.56,555.98,2822981.0
2025-03-13T15:00:00+0000,556.0,556.97,554.14,554.2837,2516344.0
2025-03-13T15:30:00+0000,554.25,555.16,552.37,552.4898,4987005.0
2025-03-13T16:00:00+0000,552.47,554.07,552.27,552.57,2959026.0
2025-03-13T16:30:00+0000,552.59,554.5762,551.36,552.595,4102026.0
2025-03-13T17:00:00+0000,552.58,553.34,550.36,551.16,3266664.0
2025-03-13T17:30:00+0000,551.11,551.24,549.68,550.09,3628940.0
2025-03-13T18:00:00+0000,550.07,553.25,549.975,553.06,3678635.0
2025-03-13T18:30:00+0000,553.07,554.32,552.5342,553.94,4516649.0
2025-03-13T19:00:00+0000,553.8041,554.62,550.9,551.47,4567940.0
2025-03-13T19:30:00+0000,551.48,552.06,550.16,551.51,11165938.0
2025-03-14T13:30:00+0000,556.11,559.69,555.8,558.44,6007901.0
2025-03-14T14:00:00+0000,557.68,558.91,555.5,557.005,5620787.0
2025-03-14T14:30:00+0000,556.995,560.2798,556.88,560.2798,2782941.0
2025-03-14T15:00:00+0000,560.27,561.51,559.92,561.05,2952555.0
2025-03-14T15:30:00+0000,561.06,562.43,561.05,562.14,3242394.0
2025-03-14T16:00:00+0000,562.14,562.2,560.0201,560.22,2585872.0
2025-03-14T16:30:00+0000,560.2397,562.43,560.05,562.09,3647822.0
2025-03-14T17:00:00+0000,562.07,562.8,561.21,561.45,3058452.0
2025-03-14T17:30:00+0000,561.45,561.95,551.4917,560.63,2527362.0
2025-03-14T18:00:00+0000,560.64,561.7499,560.23,560.69,3271073.0
2025-03-14T18:30:00+0000,560.69,562.48,560.6832,561.76,2629318.0
2025-03-14T19:00:00+0000,561.77,562.75,561.47,561.8,3425263.0
2025-03-14T19:30:00+0000,561.81,563.83,561.37,562.79,11894666.0
2025-03-17T13:30:00+0000,562.79,566.36,562.35,565.65,5605638.0
2025-03-17T14:00:00+0000,565.7,566.2863,564.3224,564.64,2998602.0
2025-03-17T14:30:00+0000,564.63,565.69,563.67,563.98,2507628.0
2025-03-17T15:00:00+0000,564.02,565.23,563.5,564.15,2135461.0
2025-03-17T15:30:00+0000,564.13,564.47,562.8,563.8142,2190080.0
2025-03-17T16:00:00+0000,563.83,565.27,563.29,563.8499,1515753.0
2025-03-17T16:30:00+0000,563.84,564.95,563.4503,564.6,1487874.0
2025-03-17T17:00:00+0000,564.595,566.0,563.9616,565.81,1587050.0
2025-03-17T17:30:00+0000,565.82,567.37,565.61,567.115,2587651.0
2025-03-17T18:00:00+0000,567.1,568.909,567.085,568.6524,3531844.0
2025-03-17T18:30:00+0000,568.655,569.71,568.495,569.2,2827592.0
2025-03-17T19:00:00+0000,569.17,569.31,568.38,569.045,3367846.0
2025-03-17T19:30:00+0000,569.03,569.3,566.82,567.02,8356087.0
2025-03-18T13:30:00+0000,564.8,565.02,560.635,560.77,5949601.0
2025-03-18T14:00:00+0000,560.78,561.6617,560.15,561.306,4326102.0
2025-03-18T14:30:00+0000,561.29,562.07,560.33,560.79,2863770.0
2025-03-18T15:00:00+0000,560.79,560.93,559.34,559.97,2991068.0
2025-03-18T15:30:00+0000,559.94,560.82,559.06,559.61,2060746.0
2025-03-18T16:00:00+0000,559.61,561.68,559.41,561.678,2514906.0
2025-03-18T16:30:00+0000,561.66,561.81,559.33,560.8509,2817940.0
2025-03-18T17:00:00+0000,560.86,561.24,559.22,560.56,2603096.0
2025-03-18T17:30:00+0000,560.57,561.5587,560.03,560.82,1844409.0
2025-03-18T18:00:00+0000,560.82,561.35,559.73,560.48,2069358.0
2025-03-18T18:30:00+0000,560.49,562.215,560.41,561.3991,2202776.0
2025-03-18T19:00:00+0000,561.37,561.7113,560.58,561.11,3852361.0
2025-03-18T19:30:00+0000,561.12,561.45,559.84,561.05,7981600.0
2025-03-19T13:30:00+0000,562.83,564.45,561.63,563.92,3485752.0
2025-03-19T14:00:00+0000,563.94,565.38,563.94,564.48,2725553.0
2025-03-19T14:30:00+0000,564.5,564.8699,563.3009,563.52,1974657.0
2025-03-19T15:00:00+0000,563.4997,564.78,563.35,564.57,3219075.0
2025-03-19T15:30:00+0000,564.57,566.29,564.34,565.78,2041489.0
2025-03-19T16:00:00+0000,565.77,566.21,565.04,565.5598,2241843.0
2025-03-19T16:30:00+0000,565.54,565.65,564.67,564.955,1333354.0
2025-03-19T17:00:00+0000,564.95,565.166,563.28,563.35,1890057.0
2025-03-19T17:30:00+0000,563.38,564.25,562.72,563.18,1609773.0
2025-03-19T18:00:00+0000,563.18,565.88,562.0,564.61,4538268.0
2025-03-19T18:30:00+0000,564.57,568.53,564.57,568.25,4978869.0
2025-03-19T19:00:00+0000,568.24,570.95,566.5749,567.2301,8369763.0
2025-03-19T19:30:00+0000,567.2,569.38,566.68,567.01,10897396.0
2025-03-20T13:30:00+0000,563.33,566.77,562.6012,566.61,4716700.0
2025-03-20T14:00:00+0000,566.65,570.05,566.46,569.48,4928129.0
2025-03-20T14:30:00+0000,569.48,570.57,568.86,569.4,3066456.0
2025-03-20T15:00:00+0000,569.43,569.88,568.7,568.94,2543974.0
2025-03-20T15:30:00+0000,568.94,569.58,567.69,568.1698,3053631.0
2025-03-20T16:00:00+0000,568.15,569.42,565.93,566.24,3034669.0
2025-03-20T16:30:00+0000,566.23,567.05,565.61,565.87,2674592.0
2025-03-20T17:00:00+0000,565.86,567.21,564.7,564.7493,2162242.0
2025-03-20T17:30:00+0000,564.75,569.3567,564.66,565.16,2698711.0
2025-03-20T18:00:00+0000,565.19,566.2,564.04,564.12,3454726.0
2025-03-20T18:30:00+0000,564.12,565.89,563.7703,564.45,3765778.0
2025-03-20T19:00:00+0000,564.451,566.3187,564.38,564.67,3849367.0
2025-03-20T19:30:00+0000,564.67,566.68,564.67,565.68,9146390.0
2025-03-21T13:30:00+0000,559.28,560.32,558.27,559.841,7767271.0
2025-03-21T14:00:00+0000,559.85,560.4,558.03,559.88,3771229.0
2025-03-21T14:30:00+0000,559.9,561.48,559.04,561.47,3399869.0
2025-03-21T15:00:00+0000,561.47,561.81,559.68,559.83,10926803.0
2025-03-21T15:30:00+0000,559.82,560.5799,558.8,559.44,3447522.0
2025-03-21T16:00:00+0000,559.37,562.69,558.76,562.3626,4610300.0
2025-03-21T16:30:00+0000,562.38,563.685,561.76,563.6503,2709153.0
2025-03-21T17:00:00+0000,563.65,563.65,561.8969,562.07,1845673.0
2025-03-21T17:30:00+0000,562.1,563.93,561.52,562.905,2753912.0
2025-03-21T18:00:00+0000,562.905,563.3063,562.05,562.11,2598221.0
2025-03-21T18:30:00+0000,562.12,563.29,562.1,562.49,3592729.0
2025-03-21T19:00:00+0000,562.495,562.6,561.48,561.99,2987614.0
2025-03-21T19:30:00+0000,561.97,564.89,561.7301,564.19,13001931.0
2025-03-24T13:30:00+0000,570.8,572.98,570.2,572.74,6022507.0
2025-03-24T14:00:00+0000,572.735,573.34,572.01,573.13,4243673.0
2025-03-24T14:30:00+0000,573.15,573.69,572.68,573.555,3093207.0
2025-03-24T15:00:00+0000,573.55,573.99,573.11,573.71,2028817.0
2025-03-24T15:30:00+0000,573.72,573.9199,573.14,573.8796,1904947.0
2025-03-24T16:00:00+0000,573.87,574.39,573.22,573.25,2614526.0
2025-03-24T16:30:00+0000,573.26,573.58,572.77,573.1293,2234744.0
2025-03-24T17:00:00+0000,573.14,573.19,572.45,573.05,1980702.0
2025-03-24T17:30:00+0000,573.05,573.375,572.78,573.0999,1913730.0
2025-03-24T18:00:00+0000,573.1,573.13,572.05,572.405,2440033.0
2025-03-24T18:30:00+0000,572.4,573.71,572.0747,573.635,3853017.0
2025-03-24T19:00:00+0000,573.64,574.21,573.47,573.95,3235564.0
2025-03-24T19:30:00+0000,573.96,575.15,573.84,574.02,9449903.0
2025-03-25T13:30:00+0000,575.3,575.655,574.02,574.66,3919048.0
2025-03-25T14:00:00+0000,574.7,575.81,573.94,575.8,3055996.0
2025-03-25T14:30:00+0000,575.8,576.41,575.37,575.99,3116324.0
2025-03-25T15:00:00+0000,575.97,576.21,575.585,575.69,1831951.0
2025-03-25T15:30:00+0000,575.7,575.76,574.56,574.7599,1827698.0
2025-03-25T16:00:00+0000,574.76,574.99,574.4,574.5399,1568197.0
2025-03-25T16:30:00+0000,574.53,575.09,574.17,574.955,1176295.0
2025-03-25T17:00:00+0000,574.96,575.54,574.02,574.18,1685306.0
2025-03-25T17:30:00+0000,574.19,574.69,574.09,574.125,1340889.0
2025-03-25T18:00:00+0000,574.12,574.9499,573.8,574.41,2590651.0
2025-03-25T18:30:00+0000,574.42,574.57,573.69,573.9393,2358036.0
2025-03-25T19:00:00+0000,573.88,574.61,573.88,574.11,2145552.0
2025-03-25T19:30:00+0000,574.11,575.6,573.87,575.36,5904386.0
2025-03-26T13:30:00+0000,575.19,576.33,573.33,573.63,3889931.0
2025-03-26T14:00:00+0000,573.62,574.52,572.486,573.375,3437117.0
2025-03-26T14:30:00+0000,573.37,573.83,572.87,573.44,2363686.0
2025-03-26T15:00:00+0000,573.42,573.84,571.95,572.34,2170495.0
2025-03-26T15:30:00+0000,572.315,572.79,570.12,570.66,2821563.0
2025-03-26T16:00:00+0000,570.66,571.12,570.2048,571.07,2381454.0
2025-03-26T16:30:00+0000,571.07,571.39,569.28,569.49,2119382.0
2025-03-26T17:00:00+0000,569.49,570.1999,568.78,568.95,2379066.0
2025-03-26T17:30:00+0000,568.965,569.28,567.94,568.0498,2587860.0
2025-03-26T18:00:00+0000,568.06,569.49,567.96,569.2406,2667570.0
2025-03-26T18:30:00+0000,569.22,569.48,567.2,567.41,2155441.0
2025-03-26T19:00:00+0000,567.4,568.74,567.19,567.7,4163901.0
2025-03-26T19:30:00+0000,567.71,569.58,567.61,568.74,9546961.0
2025-03-27T13:30:00+0000,567.18,568.43,564.94,568.33,5907350.0
2025-03-27T14:00:00+0000,568.31,569.58,567.53,569.52,2931939.0
2025-03-27T14:30:00+0000,569.52,570.7999,569.25,570.7999,2932897.0
2025-03-27T15:00:00+0000,570.8,570.9,569.81,569.86,1961501.0
2025-03-27T15:30:00+0000,569.88,569.88,567.85,567.94,2364330.0
2025-03-27T16:00:00+0000,567.96,569.9102,567.79,568.645,1696197.0
2025-03-27T16:30:00+0000,568.65,569.3,566.6001,566.66,1787696.0
2025-03-27T17:00:00+0000,566.66,568.19,566.38,566.76,2024896.0
2025-03-27T17:30:00+0000,566.79,567.7676,566.423,566.635,1426332.0
2025-03-27T18:00:00+0000,566.65,568.68,566.56,567.96,1891548.0
2025-03-27T18:30:00+0000,567.92,569.1875,567.42,567.56,1814825.0
2025-03-27T19:00:00+0000,567.54,570.03,567.43,569.78,2815988.0
2025-03-27T19:30:00+0000,569.76,569.81,566.72,567.0,7887395.0
2025-03-28T13:30:00+0000,565.53,566.2675,563.76,563.9399,4062541.0
2025-03-28T14:00:00+0000,563.84,564.36,559.49,559.57,7247769.0
2025-03-28T14:30:00+0000,559.565,560.15,558.26,558.79,5774725.0
2025-03-28T15:00:00+0000,558.8,559.35,557.77,558.94,4678226.0
2025-03-28T15:30:00+0000,558.94,559.8,557.91,557.93,2702927.0
2025-03-28T16:00:00+0000,557.92,558.8,556.631,556.84,2860834.0
2025-03-28T16:30:00+0000,556.845,557.5787,556.44,556.5432,2704047.0
2025-03-28T17:00:00+0000,556.5,556.7,555.25,555.39,3531719.0
2025-03-28T17:30:00+0000,555.4,556.45,555.22,556.41,2693460.0
2025-03-28T18:00:00+0000,556.39,556.97,555.63,555.99,2888441.0
2025-03-28T18:30:00+0000,555.965,556.34,555.31,556.18,3049711.0
2025-03-28T19:00:00+0000,556.21,556.72,555.66,555.77,3299504.0
2025-03-28T19:30:00+0000,555.78,556.5,555.07,555.83,12602547.0
2025-03-31T13:30:00+0000,549.83,550.63,546.87,549.74,8562282.0
2025-03-31T14:00:00+0000,549.75,551.59,549.43,549.51,4143766.0
2025-03-31T14:30:00+0000,549.55,551.98,549.49,551.6,3854944.0
2025-03-31T15:00:00+0000,551.61,553.47,551.236,552.53,3712569.0
2025-03-31T15:30:00+0000,552.51,554.12,552.0937,553.32,2808384.0
2025-03-31T16:00:00+0000,553.32,554.59,551.915,554.555,2483952.0
2025-03-31T16:30:00+0000,554.55,554.55,553.12,553.33,1764081.0
2025-03-31T17:00:00+0000,553.26,555.16,552.82,553.64,2696171.0
2025-03-31T17:30:00+0000,553.6303,554.21,552.71,553.16,2008854.0
2025-03-31T18:00:00+0000,553.15,556.96,553.02,556.95,5982695.0
2025-03-31T18:30:00+0000,556.93,557.95,556.26,556.39,4820475.0
2025-03-31T19:00:00+0000,556.39,559.19,556.365,557.41,7923608.0
2025-03-31T19:30:00+0000,557.39,560.7112,557.13,559.15,18187367.0
2025-04-01T13:30:00+0000,557.45,558.58,556.0,557.22,4502115.0
2025-04-01T14:00:00+0000,557.1525,557.57,553.68,555.14,4806877.0
2025-04-01T14:30:00+0000,555.135,559.8,555.03,559.72,4199657.0
2025-04-01T15:00:00+0000,559.715,561.8794,559.4,560.799,4960583.0
2025-04-01T15:30:00+0000,560.82,561.76,560.2,561.57,2440694.0
2025-04-01T16:00:00+0000,561.59,562.94,560.65,560.75,2576755.0
2025-04-01T16:30:00+0000,560.76,561.38,559.335,560.69,3088065.0
2025-04-01T17:00:00+0000,560.6727,561.12,559.18,559.42,1966676.0
2025-04-01T17:30:00+0000,559.33,560.36,558.91,559.0,1862541.0
2025-04-01T18:00:00+0000,559.0,559.17,556.4293,556.6895,3392757.0
2025-04-01T18:30:00+0000,556.675,557.7799,556.15,557.662,2237322.0
2025-04-01T19:00:00+0000,557.66,558.995,557.43,558.4293,2818011.0
2025-04-01T19:30:00+0000,558.43,561.52,558.1713,561.03,7837554.0
2025-04-02T13:30:00+0000,555.05,559.78,554.81,558.73,6685880.0
2025-04-02T14:00:00+0000,558.71,560.9162,558.29,560.86,2772834.0
2025-04-02T14:30:00+0000,560.845,562.2696,560.34,562.09,2339583.0
2025-04-02T15:00:00+0000,562.07,563.75,560.86,563.33,2589051.0
2025-04-02T15:30:00+0000,563.3,563.73,561.1022,562.2836,2876715.0
2025-04-02T16:00:00+0000,562.31,564.28,562.08,564.28,2291152.0
2025-04-02T16:30:00+0000,564.29,566.06,563.57,565.68,3249258.0
2025-04-02T17:00:00+0000,565.69,567.42,565.62,566.0769,3668458.0
2025-04-02T17:30:00+0000,566.03,566.098903,563.21,564.1,3188719.0
2025-04-02T18:00:00+0000,564.08,564.45,561.1,561.1,2843185.0
2025-04-02T18:30:00+0000,561.11,563.785,560.96,561.11,2881263.0
2025-04-02T19:00:00+0000,561.15,563.3702,561.135,563.2,2273723.0
2025-04-02T19:30:00+0000,563.18,565.655,562.65,564.65,10009789.0
2025-04-03T13:30:00+0000,545.11,547.97,544.18,544.92,14671718.0
2025-04-03T14:00:00+0000,544.86,545.22,541.57,543.07,10472105.0
2025-04-03T14:30:00+0000,543.04,543.9,540.1,540.19,8476646.0
2025-04-03T15:00:00+0000,540.2,542.77,539.58,541.73,8071040.0
2025-04-03T15:30:00+0000,541.78,544.4199,541.64,543.51,6169689.0
2025-04-03T16:00:00+0000,543.51,545.96,543.39,545.92,4725150.0
2025-04-03T16:30:00+0000,545.94,546.36,542.985,543.44,4887008.0
2025-04-03T17:00:00+0000,543.46,544.37,541.92,542.26,3421604.0
2025-04-03T17:30:00+0000,542.24,543.79,541.77,541.85,3375225.0
2025-04-03T18:00:00+0000,541.84,542.53,540.365,540.79,4256103.0
2025-04-03T18:30:00+0000,540.77,542.35,539.9402,541.79,5116402.0
2025-04-03T19:00:00+0000,541.77,542.0,538.55,539.03,7861809.0
2025-04-03T19:30:00+0000,539.04,539.63,536.9,537.64,20432905.0
2025-04-04T13:30:00+0000,523.67,525.87,519.15,523.18,19792273.0
2025-04-04T14:00:00+0000,523.18,523.26,516.24,516.29,10807577.0
2025-04-04T14:30:00+0000,516.26,517.53,510.05,515.525,16764789.0
2025-04-04T15:00:00+0000,515.47,522.59,514.79,516.35,19048338.0
2025-04-04T15:30:00+0000,516.4,518.35,514.0,514.96,9408333.0
2025-04-04T16:00:00+0000,514.98,517.4585,511.86,512.39,6329437.0
2025-04-04T16:30:00+0000,512.34,514.36,510.91,512.075,7460914.0
2025-04-04T17:00:00+0000,512.08,513.59,508.325,511.16,9115651.0
2025-04-04T17:30:00+0000,511.16,514.64,509.749,514.57,9107093.0
2025-04-04T18:00:00+0000,514.59,515.82,508.56,508.8,9195703.0
2025-04-04T18:30:00+0000,508.91,509.26,505.52,507.78,12012835.0
2025-04-04T19:00:00+0000,507.78,512.04,506.39,510.52,12365621.0
2025-04-04T19:30:00+0000,510.53,513.9197,505.06,505.5,30910975.0
2025-04-07T13:30:00+0000,489.19,496.46,481.8,495.69,29057940.0
2025-04-07T14:00:00+0000,495.67,523.17,493.37,498.19,49271493.0
2025-04-07T14:30:00+0000,498.21,508.78,493.67,505.91,23906964.0
2025-04-07T15:00:00+0000,505.88,509.77,492.66,493.75,23988531.0
2025-04-07T15:30:00+0000,493.75,503.98,493.73,499.5,11787966.0
2025-04-07T16:00:00+0000,499.5,500.52,495.015,499.56,7653412.0
2025-04-07T16:30:00+0000,499.56,501.77,494.7,495.68,6705510.0
2025-04-07T17:00:00+0000,495.63,505.94,495.59,505.62,11148373.0
2025-04-07T17:30:00+0000,505.62,509.36,498.2651,509.09,10068344.0
2025-04-07T18:00:00+0000,509.07,510.47,504.66,505.19,8322020.0
2025-04-07T18:30:00+0000,505.15,508.34,502.28,503.21,6530007.0
2025-04-07T19:00:00+0000,503.25,506.31,500.14,500.605,11040355.0
2025-04-07T19:30:00+0000,500.605,506.64,500.56,504.55,20721611.0
2025-04-08T13:30:00+0000,521.86,523.29,517.79,522.5925,16220083.0
2025-04-08T14:00:00+0000,522.59,524.98,522.14,523.37,9132879.0
2025-04-08T14:30:00+0000,523.36,524.21,517.81,517.85,7357776.0
2025-04-08T15:00:00+0000,517.86,519.27,514.1,514.16,8267446.0
2025-04-08T15:30:00+0000,514.19,518.525,514.0,516.77,6466938.0
2025-04-08T16:00:00+0000,516.74,517.29,511.8,513.96,6156497.0
2025-04-08T16:30:00+0000,513.95,514.6,507.02,507.1442,13638733.0
2025-04-08T17:00:00+0000,507.08,508.57,502.25,502.45,11653054.0
2025-04-08T17:30:00+0000,502.37,509.11,502.03,506.72,9371976.0
2025-04-08T18:00:00+0000,506.76,507.12,502.07,502.41,6053754.0
2025-04-08T18:30:00+0000,502.44,507.82,501.4,501.69,8432150.0
2025-04-08T19:00:00+0000,501.71,502.12,494.34,497.51,12437324.0
2025-04-08T19:30:00+0000,497.53,497.59,489.16,496.74,28407588.0
2025-04-09T13:30:00+0000,493.44,502.04,493.43,499.85,15013575.0
2025-04-09T14:00:00+0000,499.86,503.67,496.67,498.97,10629767.0
2025-04-09T14:30:00+0000,499.07,501.68,493.0904,493.2084,8195169.0
2025-04-09T15:00:00+0000,493.22,499.71,493.05,498.28,6155518.0
2025-04-09T15:30:00+0000,498.29,499.59,494.83,495.975,5248862.0
2025-04-09T16:00:00+0000,495.95,500.55,494.77,499.26,4211145.0
2025-04-09T16:30:00+0000,499.19,502.58,498.65,501.2,5619508.0
2025-04-09T17:00:00+0000,501.25,533.4,497.56,523.96,36642037.0
2025-04-09T17:30:00+0000,524.02,536.5,522.95,534.87,28834097.0
2025-04-09T18:00:00+0000,534.925,539.71,531.11,538.15,19258175.0
2025-04-09T18:30:00+0000,538.16,539.87,530.59,530.93,14300155.0
2025-04-09T19:00:00+0000,530.91,541.78,529.68,540.49,14625005.0
2025-04-09T19:30:00+0000,540.45,546.33,539.54,543.37,30435610.0
2025-04-10T13:30:00+0000,532.17,533.495,528.51,529.0025,13712994.0
2025-04-10T14:00:00+0000,528.99,530.73,526.3401,528.11,9340632.0
2025-04-10T14:30:00+0000,528.12,531.96,526.05,526.29,7459071.0
2025-04-10T15:00:00+0000,526.29,528.7,523.71,523.7102,6809648.0
2025-04-10T15:30:00+0000,523.72,524.27,517.91,518.6143,9707070.0
2025-04-10T16:00:00+0000,518.56,520.09,509.32,511.86,15257294.0
2025-04-10T16:30:00+0000,511.815,520.55,511.5127,519.76,13102777.0
2025-04-10T17:00:00+0000,519.67,524.7,512.87,519.32,11203347.0
2025-04-10T17:30:00+0000,519.21,525.55,518.32,524.28,8426889.0
2025-04-10T18:00:00+0000,524.19,528.76,520.31,528.39,9212749.0
2025-04-10T18:30:00+0000,528.39,529.71,523.57,526.07,7832809.0
2025-04-10T19:00:00+0000,526.17,529.43,522.37,522.43,8008713.0
2025-04-10T19:30:00+0000,522.47,526.52,518.2,524.7,21617931.0
2025-04-11T13:30:00+0000,523.01,528.84,521.1,526.4001,10093287.0
2025-04-11T14:00:00+0000,526.48,528.43,520.07,520.69,9014063.0
2025-04-11T14:30:00+0000,520.8,526.71,520.09,523.17,5359416.0
2025-04-11T15:00:00+0000,523.14,527.42,520.88,523.08,5496461.0
2025-04-11T15:30:00+0000,523.03,527.11,522.42,526.94,3274764.0
2025-04-11T16:00:00+0000,526.93,528.67,526.08,527.39,3235177.0
2025-04-11T16:30:00+0000,527.535,532.85,527.4475,531.72,5151554.0
2025-04-11T17:00:00+0000,531.77,533.09,529.48,529.83,3876673.0
2025-04-11T17:30:00+0000,529.84,536.43,528.84,534.7,6931128.0
2025-04-11T18:00:00+0000,534.72,534.99,531.57,533.17,5147825.0
2025-04-11T18:30:00+0000,533.16,534.52,531.97,532.16,3508436.0
2025-04-11T19:00:00+0000,532.23,535.68,532.11,534.74,4910366.0
2025-04-11T19:30:00+0000,534.67,535.45,533.48,533.98,14411623.0
2025-04-14T13:30:00+0000,544.05,544.28,539.21,540.47,8373434.0
2025-04-14T14:00:00+0000,540.63,543.49,539.71,542.12,4579077.0
2025-04-14T14:30:00+0000,542.14,543.85,541.63,542.42,3289928.0
2025-04-14T15:00:00+0000,542.435,543.09,538.43,538.52,4077410.0
2025-04-14T15:30:00+0000,538.64,539.93,535.23,535.7399,5458083.0
2025-04-14T16:00:00+0000,535.725,537.85,533.86,535.85,5805567.0
2025-04-14T16:30:00+0000,535.82,537.92,535.37,535.52,3277546.0
2025-04-14T17:00:00+0000,535.6,539.23,535.29,537.3,3462109.0
2025-04-14T17:30:00+0000,537.26,539.45,536.49,538.97,2357801.0
2025-04-14T18:00:00+0000,538.95,540.51,538.81,540.38,2430042.0
2025-04-14T18:30:00+0000,540.38,541.31,540.05,540.73,2874370.0
2025-04-14T19:00:00+0000,540.77,542.58,540.64,541.33,3967633.0
2025-04-14T19:30:00+0000,541.32,542.15,538.36,538.97,10593853.0
2025-04-15T13:30:00+0000,539.675,542.9499,539.249,541.48,5511986.0
2025-04-15T14:00:00+0000,541.52,543.23,538.14,539.4,6117324.0
2025-04-15T14:30:00+0000,539.4,541.88,539.08,540.58,4679725.0
2025-04-15T15:00:00+0000,540.5801,542.03,540.15,540.1701,2295686.0
2025-04-15T15:30:00+0000,540.22,541.53,539.44,540.9717,2567994.0
2025-04-15T16:00:00+0000,541.0,541.62,540.3726,540.98,1592611.0
2025-04-15T16:30:00+0000,541.0,541.4302,538.48,539.04,2053924.0
2025-04-15T17:00:00+0000,539.01,539.9,537.37,537.76,2561681.0
2025-04-15T17:30:00+0000,537.77,539.2457,537.385,538.2867,2641999.0
2025-04-15T18:00:00+0000,538.32,538.775,536.81,537.5,2540301.0
2025-04-15T18:30:00+0000,537.44,539.21,537.435,538.63,3062456.0
2025-04-15T19:00:00+0000,538.63,539.29,537.74,538.3434,4771542.0
2025-04-15T19:30:00+0000,538.36,538.73,537.14,537.72,7983330.0
2025-04-16T13:30:00+0000,531.68,533.86,529.92,529.92,6591508.0
2025-04-16T14:00:00+0000,529.9,532.21,529.65,531.77,3604248.0
2025-04-16T14:30:00+0000,531.76,532.96,531.305,532.27,2696359.0
2025-04-16T15:00:00+0000,532.29,535.11,531.7058,534.64,4305936.0
2025-04-16T15:30:00+0000,534.66,534.73,531.38,531.71,3764495.0
2025-04-16T16:00:00+0000,531.73,531.87,530.765,531.505,2324932.0
2025-04-16T16:30:00+0000,531.5,532.12,530.53,530.89,3116092.0
2025-04-16T17:00:00+0000,530.93,531.71,530.22,531.5295,1976044.0
2025-04-16T17:30:00+0000,531.55,531.62,523.94,524.1,7988105.0
2025-04-16T18:00:00+0000,524.1,526.8398,524.065,526.0,5284542.0
2025-04-16T18:30:00+0000,526.0,537.8854,522.71,522.84,4685017.0
2025-04-16T19:00:00+0000,522.83,523.29,520.29,520.665,6789404.0
2025-04-16T19:30:00+0000,520.69,526.17,520.69,525.73,13824534.0
2025-04-17T13:30:00+0000,527.64,529.31,526.36,528.74,6523059.0
2025-04-17T14:00:00+0000,528.68,529.15,525.1601,525.28,3955567.0
2025-04-17T14:30:00+0000,525.28,526.2586,523.91,525.08,5697429.0
2025-04-17T15:00:00+0000,525.09,528.85,525.025,526.71,8460731.0
2025-04-17T15:30:00+0000,526.71,528.6,526.48,526.76,2020384.0
2025-04-17T16:00:00+0000,526.76,529.87,526.22,529.45,6453222.0
2025-04-17T16:30:00+0000,529.45,530.41,527.77,529.9105,3432247.0
2025-04-17T17:00:00+0000,529.92,530.3386,527.61,527.68,1900383.0
2025-04-17T17:30:00+0000,527.69,530.3285,527.67,529.57,3715973.0
2025-04-17T18:00:00+0000,529.5796,531.165,529.36,530.02,4712341.0
2025-04-17T18:30:00+0000,530.02,530.92,528.52,528.52,3665572.0
2025-04-17T19:00:00+0000,528.54,528.8,526.63,527.31,4074482.0
2025-04-17T19:30:00+0000,527.36,528.51,525.71,526.39,11828314.0
2025-04-21T13:30:00+0000,521.16,521.7,517.52,517.56,4838202.0
2025-04-21T14:00:00+0000,517.51,517.51,515.19,515.63,4098441.0
2025-04-21T14:30:00+0000,515.64,516.86,514.389,514.6,3998748.0
2025-04-21T15:00:00+0000,514.58,515.06,512.79,513.11,3215654.0
2025-04-21T15:30:00+0000,513.11,513.36,510.8,511.0699,4064373.0
2025-04-21T16:00:00+0000,511.05,512.23,511.01,511.66,3306847.0
2025-04-21T16:30:00+0000,511.66,513.25,511.12,511.24,3751661.0
2025-04-21T17:00:00+0000,511.2562,511.7399,509.5409,509.9612,4410645.0
2025-04-21T17:30:00+0000,509.95,510.51,508.74,508.94,2710512.0
2025-04-21T18:00:00+0000,508.95,509.9799,508.46,509.91,3568749.0
2025-04-21T18:30:00+0000,509.9,510.66,508.69,508.7701,4109741.0
2025-04-21T19:00:00+0000,508.77,511.17,508.73,510.365,6150867.0
2025-04-21T19:30:00+0000,510.36,514.87,510.36,513.98,12847246.0
2025-04-22T13:30:00+0000,520.14,522.3,519.1925,521.89,5286509.0
2025-04-22T14:00:00+0000,521.96,523.44,521.73,523.06,3957514.0
2025-04-22T14:30:00+0000,523.07,524.89,522.26,524.67,3392761.0
2025-04-22T15:00:00+0000,524.67,525.8138,524.59,524.94,3540226.0
2025-04-22T15:30:00+0000,524.95,526.55,523.76,526.17,4077214.0
2025-04-22T16:00:00+0000,526.2,529.305,526.2,528.8,6524856.0
2025-04-22T16:30:00+0000,528.79,529.11,526.93,527.5595,3282417.0
2025-04-22T17:00:00+0000,527.57,528.97,522.33,522.65,8097005.0
2025-04-22T17:30:00+0000,522.57,523.9327,521.76,521.85,3981233.0
2025-04-22T18:00:00+0000,521.85,525.67,521.78,525.39,3440915.0
2025-04-22T18:30:00+0000,525.39,527.23,525.35,526.76,2621713.0
2025-04-22T19:00:00+0000,526.75,527.13,524.25,524.69,4031558.0
2025-04-22T19:30:00+0000,524.67,527.5,524.21,526.94,10594326.0
2025-04-23T13:30:00+0000,540.43,544.99,539.5101,543.56,16531816.0
2025-04-23T14:00:00+0000,543.595,545.43,540.75,543.88,7561777.0
2025-04-23T14:30:00+0000,543.82,545.2,540.76,542.555,4255363.0
2025-04-23T15:00:00+0000,542.54,543.93,537.67,538.6,6840823.0
2025-04-23T15:30:00+0000,538.59,545.1,535.57,537.43,5289052.0
2025-04-23T16:00:00+0000,537.42,545.16,534.0,536.3,4571724.0
2025-04-23T16:30:00+0000,536.3,545.1075,535.79,538.22,3822115.0
2025-04-23T17:00:00+0000,538.2,545.1606,536.19,538.2,3083035.0
2025-04-23T17:30:00+0000,538.21,545.1325,536.34,538.36,2800852.0
2025-04-23T18:00:00+0000,538.34,544.78,536.26,536.57,4202365.0
2025-04-23T18:30:00+0000,536.57,545.095,535.8,536.36,3459869.0
2025-04-23T19:00:00+0000,536.36,545.13,534.1,534.63,3982767.0
2025-04-23T19:30:00+0000,534.71,544.544129,533.88,535.41,12940487.0
2025-04-24T13:30:00+0000,536.715,539.6462,535.4504,539.48,4695190.0
2025-04-24T14:00:00+0000,539.48,542.33,539.01,542.2342,4917310.0
2025-04-24T14:30:00+0000,542.23,543.31,540.99,542.46,5104798.0
2025-04-24T15:00:00+0000,542.45,543.87,541.97,542.48,3500946.0
2025-04-24T15:30:00+0000,542.51,543.9,541.89,542.76,2947115.0
2025-04-24T16:00:00+0000,542.81,544.97,542.2503,544.44,2701731.0
2025-04-24T16:30:00+0000,544.44,545.8479,544.295,545.44,3067426.0
2025-04-24T17:00:00+0000,545.43,545.46,544.03,544.98,2130650.0
2025-04-24T17:30:00+0000,544.98,545.59,544.37,545.27,1982280.0
2025-04-24T18:00:00+0000,545.29,546.33,545.03,545.51,3328067.0
2025-04-24T18:30:00+0000,545.51,546.9,545.43,546.08,2557096.0
2025-04-24T19:00:00+0000,546.05,546.1,544.28,544.87,4399367.0
2025-04-24T19:30:00+0000,544.89,547.43,544.75,546.54,10603371.0
2025-04-25T13:30:00+0000,546.65,548.1142,544.72,544.88,5172022.0
2025-04-25T14:00:00+0000,544.94,547.93,543.89,544.56,5985652.0
2025-04-25T14:30:00+0000,544.6,547.01,543.69,546.46,3650454.0
2025-04-25T15:00:00+0000,546.47,547.5,545.86,546.46,1984631.0
2025-04-25T15:30:00+0000,546.494,547.3452,545.7,547.07,1649613.0
2025-04-25T16:00:00+0000,547.09,548.57,546.96,548.33,2458221.0
2025-04-25T16:30:00+0000,548.35,549.2,547.98,549.1,2248004.0
2025-04-25T17:00:00+0000,549.12,551.05,548.81,550.9744,3434864.0
2025-04-25T17:30:00+0000,550.96,550.99,546.76,547.91,5863242.0
2025-04-25T18:00:00+0000,547.9,550.15,547.535,549.74,3050660.0
2025-04-25T18:30:00+0000,549.75,550.75,549.305,549.84,2922775.0
2025-04-25T19:00:00+0000,549.8,550.62,549.515,549.645,3084660.0
2025-04-25T19:30:00+0000,549.63,550.91,548.76,550.52,8236246.0
2025-04-28T13:30:00+0000,551.39,553.55,550.13,550.29,6063920.0
2025-04-28T14:00:00+0000,550.35,552.1,549.66,550.94,3204518.0
2025-04-28T14:30:00+0000,550.95,551.88,549.74,550.53,2421331.0
2025-04-28T15:00:00+0000,550.51,551.16,547.03,547.21,3309950.0
2025-04-28T15:30:00+0000,547.2,548.5413,547.0934,547.48,2597078.0
2025-04-28T16:00:00+0000,547.42,547.6337,545.7,546.02,2367001.0
2025-04-28T16:30:00+0000,546.03,547.47,545.94,546.47,2522406.0
2025-04-28T17:00:00+0000,546.46,546.85,545.18,545.37,1772117.0
2025-04-28T17:30:00+0000,545.345,547.88,545.02,547.705,1894889.0
2025-04-28T18:00:00+0000,547.72,548.83,547.3825,548.59,2143654.0
2025-04-28T18:30:00+0000,548.56,549.04,547.97,548.73,1574290.0
2025-04-28T19:00:00+0000,548.75,550.84,548.64,550.5924,3254074.0
2025-04-28T19:30:00+0000,550.52,552.28,550.01,550.94,6817992.0
2025-04-29T13:30:00+0000,548.91,551.69,548.55,550.62,3855315.0
2025-04-29T14:00:00+0000,550.68,552.8,549.41,549.92,4623530.0
2025-04-29T14:30:00+0000,549.895,553.05,549.82,552.96,2273180.0
2025-04-29T15:00:00+0000,552.97,553.2918,551.05,552.2398,2134535.0
2025-04-29T15:30:00+0000,552.24,552.7636,550.872,551.73,1902388.0
2025-04-29T16:00:00+0000,551.7302,553.45,551.71,552.89,1739975.0
2025-04-29T16:30:00+0000,552.895,553.1899,550.51,551.07,2232939.0
2025-04-29T17:00:00+0000,551.08,552.98,550.77,552.63,2017917.0
2025-04-29T17:30:00+0000,552.6459,555.1,552.54,554.7325,3021760.0
2025-04-29T18:00:00+0000,554.74,555.4407,554.12,554.91,3450071.0
2025-04-29T18:30:00+0000,554.9,555.25,554.12,554.33,1977510.0
2025-04-29T19:00:00+0000,554.34,555.27,554.19,554.6,3282818.0
2025-04-29T19:30:00+0000,554.63,555.45,553.82,554.14,7773848.0
2025-04-30T13:30:00+0000,547.57,547.58,541.52,541.94,8749979.0
2025-04-30T14:00:00+0000,541.925,546.49,541.63,546.31,5906345.0
2025-04-30T14:30:00+0000,546.31,547.4597,545.31,546.97,4388855.0
2025-04-30T15:00:00+0000,546.98,549.745,546.89,549.01,3900877.0
2025-04-30T15:30:00+0000,549.005,549.84,548.61,549.4869,3094055.0
2025-04-30T16:00:00+0000,549.43,550.24,547.78,548.09,3211111.0
2025-04-30T16:30:00+0000,548.09,549.7699,547.41,549.5557,1869831.0
2025-04-30T17:00:00+0000,549.555,550.15,547.14,550.03,2470804.0
2025-04-30T17:30:00+0000,550.0,551.12,549.7743,550.47,2279934.0
2025-04-30T18:00:00+0000,550.48,553.1,549.75,550.48,5496964.0
2025-04-30T18:30:00+0000,550.45,551.11,549.11,549.6,3251704.0
2025-04-30T19:00:00+0000,549.59,551.03,549.59,549.79,4392163.0
2025-04-30T19:30:00+0000,549.82,556.52,549.38,554.35,23351565.0
2025-05-01T13:30:00+0000,560.37,561.36,558.65,558.85,7445257.0
2025-05-01T14:00:00+0000,558.85,562.21,558.83,562.0318,5356010.0
2025-05-01T14:30:00+0000,562.05,563.395,561.16,563.35,4312165.0
2025-05-01T15:00:00+0000,563.36,564.0699,562.68,563.26,4188467.0
2025-05-01T15:30:00+0000,563.26,563.44,559.69,560.38,4287052.0
2025-05-01T16:00:00+0000,560.4,561.26,559.06,560.31,2273470.0
2025-05-01T16:30:00+0000,560.31,560.96,559.2,559.69,2147472.0
2025-05-01T17:00:00+0000,559.64,561.9462,559.64,561.34,2414081.0
2025-05-01T17:30:00+0000,561.35,561.72,559.8932,560.57,1478200.0
2025-05-01T18:00:00+0000,560.58,562.35,560.47,561.89,2441393.0
2025-05-01T18:30:00+0000,561.9,562.69,561.62,561.705,2252150.0
2025-05-01T19:00:00+0000,561.73,562.13,560.855,562.03,3315419.0
2025-05-01T19:30:00+0000,562.02,562.49,557.86,558.46,9908240.0
2025-05-02T13:30:00+0000,564.73,565.48,562.38,563.62,5602363.0
2025-05-02T14:00:00+0000,563.6449,566.32,563.27,566.3,6286094.0
2025-05-02T14:30:00+0000,566.3,566.31,564.75,565.8,2802442.0
2025-05-02T15:00:00+0000,565.8,566.13,564.51,564.65,2568519.0
2025-05-02T15:30:00+0000,564.67,566.39,564.46,566.2299,1941974.0
2025-05-02T16:00:00+0000,566.23,567.94,566.16,567.2,4878949.0
2025-05-02T16:30:00+0000,567.2,568.0796,567.15,567.5,2261177.0
2025-05-02T17:00:00+0000,567.5,567.77,566.36,566.78,1921550.0
2025-05-02T17:30:00+0000,566.78,567.61,566.5,567.25,1473181.0
2025-05-02T18:00:00+0000,567.25,567.9588,567.15,567.65,1904050.0
2025-05-02T18:30:00+0000,567.68,568.38,566.45,567.1,2983335.0
2025-05-02T19:00:00+0000,567.08,567.93,566.15,567.67,4360271.0
2025-05-02T19:30:00+0000,567.64,567.83,566.02,566.62,10188217.0
2025-05-05T13:30:00+0000,562.57,563.3,561.7,562.99,4640884.0
2025-05-05T14:00:00+0000,563.07,564.2891,562.43,563.69,3285307.0
2025-05-05T14:30:00+0000,563.69,565.19,562.92,565.0,2637812.0
2025-05-05T15:00:00+0000,565.01,565.31,564.45,564.8049,3123626.0
2025-05-05T15:30:00+0000,564.809,565.13,563.84,565.0,1796941.0
2025-05-05T16:00:00+0000,565.0,565.8999,564.8188,565.71,1723268.0
2025-05-05T16:30:00+0000,565.7,565.9599,565.1821,565.61,1737587.0
2025-05-05T17:00:00+0000,565.6,565.66,564.84,565.16,1247985.0
2025-05-05T17:30:00+0000,565.15,566.08,565.08,565.6801,1015492.0
2025-05-05T18:00:00+0000,565.68,566.38,565.5701,566.15,1542785.0
2025-05-05T18:30:00+0000,566.13,566.65,565.72,565.785,1705052.0
2025-05-05T19:00:00+0000,565.78,565.88,564.56,564.77,3588359.0
2025-05-05T19:30:00+0000,564.76,565.37,563.09,563.53,5959203.0
2025-05-06T13:30:00+0000,557.93,559.76,556.96,557.4,4830189.0
2025-05-06T14:00:00+0000,557.4,560.9,557.09,560.62,3610008.0
2025-05-06T14:30:00+0000,560.59,561.41,560.3398,560.75,2202805.0
2025-05-06T15:00:00+0000,560.75,561.82,560.48,561.65,2059185.0
2025-05-06T15:30:00+0000,561.65,561.94,560.19,560.37,1667438.0
2025-05-06T16:00:00+0000,560.375,563.3476,560.14,560.5896,4374783.0
2025-05-06T16:30:00+0000,560.55,561.46,559.1204,559.21,1831121.0
2025-05-06T17:00:00+0000,559.24,560.5899,559.19,559.72,1883366.0
2025-05-06T17:30:00+0000,559.6799,560.15,558.32,558.44,1943987.0
2025-05-06T18:00:00+0000,558.45,560.51,558.43,560.49,2371289.0
2025-05-06T18:30:00+0000,560.4615,561.08,559.93,561.04,2354794.0
2025-05-06T19:00:00+0000,561.06,561.1199,559.8701,560.785,2585228.0
2025-05-06T19:30:00+0000,560.8,561.4,558.72,558.8,8604027.0
2025-05-07T13:30:00+0000,560.15,561.6,559.5202,561.4599,3880721.0
2025-05-07T14:00:00+0000,561.46,561.96,560.98,561.82,2431584.0
2025-05-07T14:30:00+0000,561.84,561.98,559.0101,559.45,2414749.0
2025-05-07T15:00:00+0000,559.45,559.565,558.38,559.1608,2816336.0
2025-05-07T15:30:00+0000,559.1,560.16,558.6,559.94,2366966.0
2025-05-07T16:00:00+0000,559.91,560.4,559.11,559.18,1629625.0
2025-05-07T16:30:00+0000,559.19,561.37,559.07,561.255,1177782.0
2025-05-07T17:00:00+0000,561.24,561.85,560.83,561.2434,1175234.0
2025-05-07T17:30:00+0000,561.25,561.4121,558.8,559.27,2374258.0
2025-05-07T18:00:00+0000,559.235,560.5189,556.04,557.98,4986682.0
2025-05-07T18:30:00+0000,557.95,562.64,557.3101,560.85,4723693.0
2025-05-07T19:00:00+0000,560.83,560.98,557.72,557.87,3490234.0
2025-05-07T19:30:00+0000,557.86,563.82,557.52,561.23,12073519.0
2025-05-08T13:30:00+0000,565.24,565.64,563.56,564.1298,3780928.0
2025-05-08T14:00:00+0000,564.14,564.825,562.3006,564.43,3930530.0
2025-05-08T14:30:00+0000,564.4653,565.16,561.7,562.6,4384692.0
2025-05-08T15:00:00+0000,562.55,567.07,562.03,566.2,4903331.0
2025-05-08T15:30:00+0000,566.23,569.65,565.43,568.38,7463760.0
2025-05-08T16:00:00+0000,568.3962,569.71,568.34,568.7993,2449752.0
2025-05-08T16:30:00+0000,568.8,570.31,568.71,570.12,2378934.0
2025-05-08T17:00:00+0000,570.11,570.205,568.89,569.2,2352448.0
2025-05-08T17:30:00+0000,569.2,569.39,567.6,567.6899,2190544.0
2025-05-08T18:00:00+0000,567.68,568.69,567.42,568.03,2401868.0
2025-05-08T18:30:00+0000,568.03,569.13,568.02,568.35,2465571.0
2025-05-08T19:00:00+0000,568.34,569.37,567.63,569.02,5784365.0
2025-05-08T19:30:00+0000,569.03,569.13,564.54,564.92,11038175.0
2025-05-09T13:30:00+0000,566.48,567.5,565.81,567.0,2921037.0
2025-05-09T14:00:00+0000,566.97,567.36,563.83,564.4699,2600973.0
2025-05-09T14:30:00+0000,564.4508,564.88,562.7637,564.56,3861187.0
2025-05-09T15:00:00+0000,564.58,565.28,563.88,564.55,2144803.0
2025-05-09T15:30:00+0000,564.54,565.59,563.88,565.55,1591402.0
2025-05-09T16:00:00+0000,565.56,565.6353,563.4401,563.88,1813618.0
2025-05-09T16:30:00+0000,563.85,564.52,563.085,563.4,1613751.0
2025-05-09T17:00:00+0000,563.4,564.43,562.87,563.96,1962293.0
2025-05-09T17:30:00+0000,563.96,565.355,563.53,565.23,1683429.0
2025-05-09T18:00:00+0000,565.22,565.2951,564.09,564.3,1093072.0
2025-05-09T18:30:00+0000,564.3001,565.1,564.245,564.83,1224562.0
2025-05-09T19:00:00+0000,564.84,565.89,564.8365,564.95,3056388.0
2025-05-09T19:30:00+0000,564.96,565.17,564.1,564.29,5995188.0
2025-05-12T13:30:00+0000,581.47,581.73,578.34,578.79,10237247.0
2025-05-12T14:00:00+0000,578.8,580.5,577.89,578.26,5841427.0
2025-05-12T14:30:00+0000,578.27,580.18,577.04,579.05,6525197.0
2025-05-12T15:00:00+0000,579.06,579.7315,578.16,578.85,3815077.0
2025-05-12T15:30:00+0000,578.87,579.33,578.035,578.1695,3902411.0
2025-05-12T16:00:00+0000,578.16,579.83,577.9775,579.3,2740026.0
2025-05-12T16:30:00+0000,579.27,581.22,579.235,581.06,2710759.0
2025-05-12T17:00:00+0000,581.08,582.43,580.97,581.3199,4456127.0
2025-05-12T17:30:00+0000,581.29,582.0,581.16,581.5007,1953982.0
2025-05-12T18:00:00+0000,581.51,582.1799,581.32,581.95,2451891.0
2025-05-12T18:30:00+0000,581.98,582.58,581.5,581.54,3219477.0
2025-05-12T19:00:00+0000,581.55,582.1949,581.1403,581.52,4234963.0
2025-05-12T19:30:00+0000,581.51,583.0,580.8,582.84,13295631.0
2025-05-13T13:30:00+0000,583.41,585.47,582.84,585.28,6110223.0
2025-05-13T14:00:00+0000,585.29,587.9,585.22,586.82,7038588.0
2025-05-13T14:30:00+0000,586.84,587.3789,586.11,587.0801,3687203.0
2025-05-13T15:00:00+0000,587.11,588.09,586.74,587.7,4128117.0
2025-05-13T15:30:00+0000,587.69,588.44,587.33,587.65,3577848.0
2025-05-13T16:00:00+0000,587.67,587.81,586.96,587.6917,5232986.0
2025-05-13T16:30:00+0000,587.66,588.355,587.29,587.955,2249986.0
2025-05-13T17:00:00+0000,587.96,588.39,587.66,588.33,2931780.0
2025-05-13T17:30:00+0000,588.335,589.0699,587.86,587.9191,4503168.0
2025-05-13T18:00:00+0000,587.92,588.33,587.46,587.89,2902534.0
2025-05-13T18:30:00+0000,587.92,588.7,587.4899,588.6,3424250.0
2025-05-13T19:00:00+0000,588.59,588.96,588.23,588.45,3087041.0
2025-05-13T19:30:00+0000,588.44,589.08,586.73,586.81,9977310.0
2025-05-14T13:30:00+0000,587.81,588.98,586.46,587.5308,6572463.0
2025-05-14T14:00:00+0000,587.54,587.8175,586.39,587.52,4384566.0
2025-05-14T14:30:00+0000,587.49,587.91,586.85,587.54,3021747.0
2025-05-14T15:00:00+0000,587.54,588.1,585.8,587.86,4204016.0
2025-05-14T15:30:00+0000,587.8599,588.35,587.705,588.0002,3010201.0
2025-05-14T16:00:00+0000,588.0,588.545,587.69,587.915,1922378.0
2025-05-14T16:30:00+0000,587.93,588.5651,587.1,587.4601,2341322.0
2025-05-14T17:00:00+0000,587.47,587.51,585.535,586.33,4084826.0
2025-05-14T17:30:00+0000,586.32,587.42,586.23,587.3355,2537145.0
2025-05-14T18:00:00+0000,587.34,587.695,586.575,586.86,2497548.0
2025-05-14T18:30:00+0000,586.87,588.22,586.85,587.625,3228071.0
2025-05-14T19:00:00+0000,587.62,587.8,586.4702,587.005,4088271.0
2025-05-14T19:30:00+0000,587.0,588.14,586.39,587.56,13269210.0
2025-05-15T13:30:00+0000,585.56,586.4699,585.0969,586.14,6133007.0
2025-05-15T14:00:00+0000,586.13,587.13,585.55,585.89,4501887.0
2025-05-15T14:30:00+0000,585.87,586.64,585.31,586.64,3653287.0
2025-05-15T15:00:00+0000,586.64,588.91,586.48,588.35,6637346.0
2025-05-15T15:30:00+0000,588.37,589.42,588.0649,589.08,3329741.0
2025-05-15T16:00:00+0000,589.09,590.1,588.7713,589.17,5510690.0
2025-05-15T16:30:00+0000,589.16,590.2,588.83,590.17,2794037.0
2025-05-15T17:00:00+0000,590.1875,590.97,590.015,590.685,3248382.0
2025-05-15T17:30:00+0000,590.68,590.69,589.73,589.8999,3028318.0
2025-05-15T18:00:00+0000,589.895,589.94,588.69,589.5099,3583207.0
2025-05-15T18:30:00+0000,589.5,590.33,589.41,589.72,2949560.0
2025-05-15T19:00:00+0000,589.73,590.3,588.305,588.77,4779873.0
2025-05-15T19:30:00+0000,588.75,590.44,588.74,590.41,11737601.0
2025-05-16T13:30:00+0000,591.25,591.42,590.01,591.36,5849051.0
2025-05-16T14:00:00+0000,591.31,591.63,590.2,590.89,5137098.0
2025-05-16T14:30:00+0000,590.89,590.91,589.28,590.46,5403954.0
2025-05-16T15:00:00+0000,590.46,591.08,590.385,590.9,6081730.0
2025-05-16T15:30:00+0000,590.89,591.62,590.88,591.045,2936129.0
2025-05-16T16:00:00+0000,591.04,592.28,590.92,592.06,3642695.0
2025-05-16T16:30:00+0000,592.07,592.51,591.7799,592.23,3471323.0
2025-05-16T17:00:00+0000,592.25,593.29,592.0949,593.09,3030013.0
2025-05-16T17:30:00+0000,593.1,593.48,592.58,592.82,3119399.0
2025-05-16T18:00:00+0000,592.82,593.43,592.66,593.26,2952058.0
2025-05-16T18:30:00+0000,593.26,594.0299,593.0507,593.57,3403752.0
2025-05-16T19:00:00+0000,593.565,594.3493,593.53,593.855,4217898.0
2025-05-16T19:30:00+0000,593.85,594.5,593.19,594.29,10488237.0
2025-05-19T13:30:00+0000,588.1,591.41,588.1,591.24,7906003.0
2025-05-19T14:00:00+0000,591.24,593.3,591.05,592.25,6808566.0
2025-05-19T14:30:00+0000,592.26,592.91,591.61,592.015,4156330.0
2025-05-19T15:00:00+0000,592.02,592.87,591.95,592.3565,2205685.0
2025-05-19T15:30:00+0000,592.35,593.77,588.51,593.1,3129112.0
2025-05-19T16:00:00+0000,593.1057,594.14,588.9495,593.9622,2099120.0
2025-05-19T16:30:00+0000,593.98,594.76,593.57,594.54,5435719.0
2025-05-19T17:00:00+0000,594.54,595.54,594.45,595.11,4146792.0
2025-05-19T17:30:00+0000,595.11,595.4766,594.31,594.36,3266360.0
2025-05-19T18:00:00+0000,594.36,594.55,593.335,593.75,3248930.0
2025-05-19T18:30:00+0000,593.76,594.5,593.59,594.39,2591982.0
2025-05-19T19:00:00+0000,594.4,594.66,593.16,593.545,5005476.0
2025-05-19T19:30:00+0000,593.56,595.25,593.515,594.94,9470633.0
2025-05-20T13:30:00+0000,593.09,593.63,592.04,592.84,5404160.0
2025-05-20T14:00:00+0000,592.85,593.46,592.355,592.9,3503072.0
2025-05-20T14:30:00+0000,592.88,594.05,592.62,592.97,2965941.0
2025-05-20T15:00:00+0000,592.97,593.64,592.49,593.44,2345225.0
2025-05-20T15:30:00+0000,593.44,593.54,592.47,593.2098,2252669.0
2025-05-20T16:00:00+0000,593.1901,593.345,592.235,592.68,2314562.0
2025-05-20T16:30:00+0000,592.69,593.57,592.63,593.38,2611967.0
2025-05-20T17:00:00+0000,593.375,593.8,593.19,593.46,2459826.0
2025-05-20T17:30:00+0000,593.45,593.53,592.335,592.995,2882061.0
2025-05-20T18:00:00+0000,592.985,593.17,590.6201,590.81,4443675.0
2025-05-20T18:30:00+0000,590.81,591.595,590.59,590.88,4897097.0
2025-05-20T19:00:00+0000,590.88,591.65,589.6,591.32,7079587.0
2025-05-20T19:30:00+0000,591.32,592.965,591.32,592.83,9607728.0
2025-05-21T13:30:00+0000,588.44,590.5102,588.42,589.84,7124310.0
2025-05-21T14:00:00+0000,589.84,591.43,589.585,589.62,5581108.0
2025-05-21T14:30:00+0000,589.63,590.7,588.87,590.65,3614444.0
2025-05-21T15:00:00+0000,590.66,592.24,590.37,591.79,4991047.0
2025-05-21T15:30:00+0000,591.77,592.19,591.25,591.74,2803383.0
2025-05-21T16:00:00+0000,591.73,592.295,591.42,591.7897,2826218.0
2025-05-21T16:30:00+0000,591.8,592.58,591.56,591.61,2930174.0
2025-05-21T17:00:00+0000,591.62,591.79,584.55,584.69,10476247.0
2025-05-21T17:30:00+0000,584.7,587.76,583.79,586.1665,10747722.0
2025-05-21T18:00:00+0000,586.16,586.39,584.15,585.26,4881402.0
2025-05-21T18:30:00+0000,585.28,586.28,583.78,584.02,4714844.0
2025-05-21T19:00:00+0000,584.03,584.6062,581.82,582.25,9155565.0
2025-05-21T19:30:00+0000,582.26,584.62,582.26,582.96,14497631.0
2025-05-22T13:30:00+0000,582.66,584.35,581.405,584.18,7745635.0
2025-05-22T14:00:00+0000,584.19,585.17,582.51,582.84,5391500.0
2025-05-22T14:30:00+0000,582.84,583.36,581.51,582.9,4870693.0
2025-05-22T15:00:00+0000,582.92,583.84,582.3499,582.55,4006951.0
2025-05-22T15:30:00+0000,582.54,584.37,582.42,584.25,3573811.0
2025-05-22T16:00:00+0000,584.25,585.61,583.78,584.325,3529955.0
2025-05-22T16:30:00+0000,584.32,584.45,583.02,583.12,2729026.0
2025-05-22T17:00:00+0000,583.13,584.87,582.63,584.67,3553504.0
2025-05-22T17:30:00+0000,584.68,585.83,584.31,585.39,3229721.0
2025-05-22T18:00:00+0000,585.38,586.0,585.04,585.57,4053004.0
2025-05-22T18:30:00+0000,585.58,586.1,584.89,585.84,3474856.0
2025-05-22T19:00:00+0000,585.845,586.62,585.67,586.51,4870293.0
2025-05-22T19:30:00+0000,586.5,586.5665,582.58,583.03,13429690.0
2025-05-23T13:30:00+0000,575.98,578.16,575.6,576.77,11681893.0
2025-05-23T14:00:00+0000,576.84,578.87,576.69,577.72,6925797.0
2025-05-23T14:30:00+0000,577.71,578.9499,577.01,577.12,3784999.0
2025-05-23T15:00:00+0000,577.13,578.5399,576.8094,578.48,3888673.0
2025-05-23T15:30:00+0000,578.49,579.73,577.98,578.03,3701833.0
2025-05-23T16:00:00+0000,578.04,579.1,577.52,578.66,2989251.0
2025-05-23T16:30:00+0000,578.65,579.62,577.9508,579.0,3051300.0
2025-05-23T17:00:00+0000,579.0,581.16,578.73,581.09,3364053.0
2025-05-23T17:30:00+0000,581.07,581.46,580.04,580.82,2571778.0
2025-05-23T18:00:00+0000,580.82,581.8101,579.99,580.765,4146720.0
2025-05-23T18:30:00+0000,580.74,581.53,580.37,580.73,2691241.0
2025-05-23T19:00:00+0000,580.73,581.45,579.38,579.9,4357174.0
2025-05-23T19:30:00+0000,579.88,581.03,578.49,579.16,10611875.0
2025-05-27T13:30:00+0000,586.07,586.37,584.37,586.13,8847264.0
2025-05-27T14:00:00+0000,586.17,588.25,586.14,587.87,7402375.0
2025-05-27T14:30:00+0000,587.87,588.59,587.625,588.04,4648001.0
2025-05-27T15:00:00+0000,588.04,589.01,587.94,588.81,3713867.0
2025-05-27T15:30:00+0000,588.8,589.12,588.475,588.965,3305776.0
2025-05-27T16:00:00+0000,588.96,589.62,588.89,589.37,3530917.0
2025-05-27T16:30:00+0000,589.37,590.67,589.355,589.93,4358723.0
2025-05-27T17:00:00+0000,589.9483,590.4648,578.43,590.1701,2321679.0
2025-05-27T17:30:00+0000,590.18,591.08,590.0,591.01,2935006.0
2025-05-27T18:00:00+0000,591.0,591.31,590.52,590.67,3429103.0
2025-05-27T18:30:00+0000,590.67,590.9394,590.35,590.4,3248070.0
2025-05-27T19:00:00+0000,590.39,590.785,590.175,590.295,5384748.0
2025-05-27T19:30:00+0000,590.29,591.08,589.88,591.06,12620369.0
2025-05-28T13:30:00+0000,591.56,592.7688,590.54,590.7885,7553655.0
2025-05-28T14:00:00+0000,590.8,591.155,589.95,590.22,4265747.0
2025-05-28T14:30:00+0000,590.23,590.33,589.22,589.34,4108539.0
2025-05-28T15:00:00+0000,589.335,590.14,589.13,589.4,3247801.0
2025-05-28T15:30:00+0000,589.39,589.68,588.97,589.06,2729959.0
2025-05-28T16:00:00+0000,589.06,589.98,589.055,589.875,2503334.0
2025-05-28T16:30:00+0000,589.86,590.245,589.635,589.93,2229654.0
2025-05-28T17:00:00+0000,589.93,590.615,589.8,590.2899,2395319.0
2025-05-28T17:30:00+0000,590.27,590.31,589.43,589.7021,2444200.0
2025-05-28T18:00:00+0000,589.7,590.44,589.66,590.115,2467136.0
2025-05-28T18:30:00+0000,590.1,590.3282,587.92,589.76,5586488.0
2025-05-28T19:00:00+0000,589.75,590.79,589.29,589.515,5645296.0
2025-05-28T19:30:00+0000,589.51,589.645,586.985,587.71,12448140.0
2025-05-29T13:30:00+0000,593.06,593.2,590.26,591.2308,8014988.0
2025-05-29T14:00:00+0000,591.21,591.61,588.5,590.09,6436148.0
2025-05-29T14:30:00+0000,590.08,591.09,589.29,590.93,3401042.0
2025-05-29T15:00:00+0000,590.92,591.01,589.56,590.72,3107835.0
2025-05-29T15:30:00+0000,590.71,590.805,586.54,587.19,4936711.0
2025-05-29T16:00:00+0000,587.18,589.24,586.07,588.99,4898028.0
2025-05-29T16:30:00+0000,588.99,590.149,588.9001,589.795,2618324.0
2025-05-29T17:00:00+0000,589.7908,590.45,589.14,589.32,2718069.0
2025-05-29T17:30:00+0000,589.33,589.81,588.41,588.5551,3153025.0
2025-05-29T18:00:00+0000,588.58,589.3,587.61,588.03,3291039.0
2025-05-29T18:30:00+0000,588.01,589.54,588.01,588.7901,3218284.0
2025-05-29T19:00:00+0000,588.81,589.73,588.3,588.89,4880837.0
2025-05-29T19:30:00+0000,588.89,590.665,588.88,590.0,10417473.0
2025-05-30T13:30:00+0000,588.93,589.11,586.4,587.09,6000057.0
2025-05-30T14:00:00+0000,587.01,589.86,587.01,589.6,4798946.0
2025-05-30T14:30:00+0000,589.59,589.92,588.44,588.69,3116827.0
2025-05-30T15:00:00+0000,588.71,589.37,588.04,589.1254,2307299.0
2025-05-30T15:30:00+0000,589.13,589.37,587.34,587.98,3277528.0
2025-05-30T16:00:00+0000,588.01,588.65,584.68,585.085,5896949.0
2025-05-30T16:30:00+0000,585.07,585.5,583.235,584.405,8513158.0
2025-05-30T17:00:00+0000,584.385,586.06,583.99,585.895,5248966.0
2025-05-30T17:30:00+0000,585.89,586.69,585.54,585.86,3564287.0
2025-05-30T18:00:00+0000,585.86,588.72,585.82,588.26,5829140.0
2025-05-30T18:30:00+0000,588.27,588.8698,587.76,588.68,2870809.0
2025-05-30T19:00:00+0000,588.67,590.95,588.58,590.64,5175127.0
2025-05-30T19:30:00+0000,590.65,591.1299,589.22,589.47,20367654.0
2025-06-02T13:30:00+0000,587.76,589.74,586.64,586.8499,7644202.0
2025-06-02T14:00:00+0000,586.63,588.61,585.06,588.59,7241867.0
2025-06-02T14:30:00+0000,588.58,589.94,588.12,589.33,4496077.0
2025-06-02T15:00:00+0000,589.34,589.68,588.325,588.54,3525312.0
2025-06-02T15:30:00+0000,588.57,590.06,588.13,589.81,2723685.0
2025-06-02T16:00:00+0000,589.8,589.97,588.98,589.41,1824296.0
2025-06-02T16:30:00+0000,589.37,590.19,589.04,590.0,1836077.0
2025-06-02T17:00:00+0000,589.9817,590.61,589.72,589.86,2011440.0
2025-06-02T17:30:00+0000,589.85,590.22,589.5,589.98,1670127.0
2025-06-02T18:00:00+0000,589.98,591.7,589.54,591.505,3829451.0
2025-06-02T18:30:00+0000,591.5,591.96,591.175,591.86,3563376.0
2025-06-02T19:00:00+0000,591.86,592.72,591.7446,592.4,4227718.0
2025-06-02T19:30:00+0000,592.39,592.79,591.65,592.65,9605642.0
2025-06-03T13:30:00+0000,592.34,593.27,592.05,592.395,5527703.0
2025-06-03T14:00:00+0000,592.47,593.9,591.85,593.895,4516836.0
2025-06-03T14:30:00+0000,593.89,594.41,593.17,594.37,3570196.0
2025-06-03T15:00:00+0000,594.37,595.16,594.36,594.97,3686956.0
2025-06-03T15:30:00+0000,594.96,595.7,594.83,595.64,3868135.0
2025-06-03T16:00:00+0000,595.64,596.2501,595.24,596.075,3437732.0
2025-06-03T16:30:00+0000,596.08,596.67,596.02,596.5,2854805.0
2025-06-03T17:00:00+0000,596.5,597.08,596.255,596.75,3353162.0
2025-06-03T17:30:00+0000,596.77,596.97,596.06,596.11,3052023.0
2025-06-03T18:00:00+0000,596.12,596.195,594.8001,596.15,5568231.0
2025-06-03T18:30:00+0000,596.17,596.47,595.905,596.33,2920582.0
2025-06-03T19:00:00+0000,596.34,596.51,595.78,596.26,4545075.0
2025-06-03T19:30:00+0000,596.255,596.5,595.23,596.11,10051960.0
2025-06-04T13:30:00+0000,596.96,597.95,596.79,597.565,6451176.0
2025-06-04T14:00:00+0000,597.5,597.7,595.49,597.585,6527972.0
2025-06-04T14:30:00+0000,597.58,597.77,596.695,597.525,3857557.0
2025-06-04T15:00:00+0000,597.54,597.875,596.97,596.99,2835286.0
2025-06-04T15:30:00+0000,596.99,597.41,596.41,596.88,3216321.0
2025-06-04T16:00:00+0000,596.87,596.94,595.7909,595.925,3092225.0
2025-06-04T16:30:00+0000,595.91,596.84,595.87,596.77,2130854.0
2025-06-04T17:00:00+0000,596.77,597.43,596.75,597.315,2800876.0
2025-06-04T17:30:00+0000,597.31,597.67,597.05,597.57,2067350.0
2025-06-04T18:00:00+0000,597.58,597.93,597.29,597.59,2900679.0
2025-06-04T18:30:00+0000,597.59,597.68,596.84,597.0212,2863492.0
2025-06-04T19:00:00+0000,597.03,597.6,596.71,597.03,3163001.0
2025-06-04T19:30:00+0000,597.03,597.245,595.89,595.9,10285672.0
2025-06-05T13:30:00+0000,597.63,597.905,593.91,594.2897,7655558.0
2025-06-05T14:00:00+0000,594.29,596.21,594.17,596.165,4584229.0
2025-06-05T14:30:00+0000,596.16,597.58,594.0,597.295,9754954.0
2025-06-05T15:00:00+0000,597.29,598.735,597.06,598.6601,4884010.0
2025-06-05T15:30:00+0000,598.65,599.0,598.17,598.7799,3220028.0
2025-06-05T16:00:00+0000,598.76,598.95,597.03,597.89,3578381.0
2025-06-05T16:30:00+0000,597.9,598.02,594.26,594.76,6081379.0
2025-06-05T17:00:00+0000,594.75,596.68,594.305,596.47,3894284.0
2025-06-05T17:30:00+0000,596.45,596.9797,595.68,595.82,3014114.0
2025-06-05T18:00:00+0000,595.84,596.02,593.06,595.3388,6018467.0
2025-06-05T18:30:00+0000,595.34,596.12,595.09,595.24,3622101.0
2025-06-05T19:00:00+0000,595.24,595.51,591.05,592.46,10951582.0
2025-06-05T19:30:00+0000,592.47,594.77,592.2,593.0,14777229.0
2025-06-06T13:30:00+0000,598.66,600.83,598.06,600.3,9907197.0
2025-06-06T14:00:00+0000,600.31,600.48,598.85,599.18,4702812.0
2025-06-06T14:30:00+0000,599.16,599.94,598.65,599.3,3119505.0
2025-06-06T15:00:00+0000,599.29,600.37,597.25,598.51,6049763.0
2025-06-06T15:30:00+0000,598.48,599.23,597.9699,598.6901,3052331.0
2025-06-06T16:00:00+0000,598.7,599.39,598.38,598.59,2191061.0
2025-06-06T16:30:00+0000,598.58,598.89,596.86,597.62,3602628.0
2025-06-06T17:00:00+0000,597.61,598.59,597.125,598.19,3888883.0
2025-06-06T17:30:00+0000,598.2,599.05,598.2,598.95,1987480.0
2025-06-06T18:00:00+0000,598.95,600.13,598.95,599.58,4154333.0
2025-06-06T18:30:00+0000,599.59,600.64,599.465,599.72,3604474.0
2025-06-06T19:00:00+0000,599.73,600.06,599.18,599.35,3516568.0
2025-06-06T19:30:00+0000,599.34,599.85,598.91,599.03,9372356.0
2025-06-09T13:30:00+0000,599.72,599.99,598.49,598.895,5223763.0
2025-06-09T14:00:00+0000,598.93,599.97,598.79,599.71,4277675.0
2025-06-09T14:30:00+0000,599.71,600.4,599.03,599.51,4369888.0
2025-06-09T15:00:00+0000,599.52,599.86,599.05,599.215,2335044.0
2025-06-09T15:30:00+0000,599.22,600.01,599.19,599.85,2365414.0
2025-06-09T16:00:00+0000,599.86,600.015,599.36,599.79,2044512.0
2025-06-09T16:30:00+0000,599.78,601.1,599.78,600.67,2770790.0
2025-06-09T17:00:00+0000,600.69,601.13,600.105,600.83,2347916.0
2025-06-09T17:30:00+0000,600.83,601.215,600.56,600.94,1973291.0
2025-06-09T18:00:00+0000,600.94,601.25,600.74,601.05,1951136.0
2025-06-09T18:30:00+0000,601.02,601.22,600.34,600.995,3292291.0
2025-06-09T19:00:00+0000,601.0,601.14,600.33,600.54,3303709.0
2025-06-09T19:30:00+0000,600.53,600.74,599.42,599.56,10817419.0
2025-06-10T13:30:00+0000,600.22,601.13,600.16,600.57,5069016.0
2025-06-10T14:00:00+0000,600.57,601.2699,600.51,601.19,3294318.0
2025-06-10T14:30:00+0000,601.2,601.81,601.0001,601.06,3422136.0
2025-06-10T15:00:00+0000,601.07,601.49,600.88,601.175,2930944.0
2025-06-10T15:30:00+0000,601.16,601.285,599.09,601.27,5781946.0
2025-06-10T16:00:00+0000,601.26,601.98,601.225,601.8791,2964795.0
2025-06-10T16:30:00+0000,601.88,602.29,601.74,602.17,2416959.0
2025-06-10T17:00:00+0000,602.17,602.67,601.72,601.91,2942305.0
2025-06-10T17:30:00+0000,601.905,602.0087,601.27,601.32,2690360.0
2025-06-10T18:00:00+0000,601.33,601.33,600.12,600.925,4834526.0
2025-06-10T18:30:00+0000,600.92,602.89,600.85,602.4009,4317179.0
2025-06-10T19:00:00+0000,602.4,603.47,602.31,602.632,5320824.0
2025-06-10T19:30:00+0000,602.63,603.23,601.61,603.06,9806179.0
2025-06-11T13:30:00+0000,604.19,604.25,602.25,603.65,6612166.0
2025-06-11T14:00:00+0000,603.66,604.885,603.3,604.735,3697794.0
2025-06-11T14:30:00+0000,604.74,605.06,604.38,604.7,2914378.0
2025-06-11T15:00:00+0000,604.7,604.9879,603.46,604.22,3656375.0
2025-06-11T15:30:00+0000,604.21,604.44,603.23,603.58,3375671.0
2025-06-11T16:00:00+0000,603.59,603.87,601.96,603.22,5364941.0
2025-06-11T16:30:00+0000,603.21,603.6,602.74,603.42,2963932.0
2025-06-11T17:00:00+0000,603.405,604.43,603.26,604.35,3150076.0
2025-06-11T17:30:00+0000,604.35,604.445,602.36,602.507,3079624.0
2025-06-11T18:00:00+0000,602.51,602.78,599.27,600.71,9771161.0
2025-06-11T18:30:00+0000,600.73,602.16,599.86,600.79,6009262.0
2025-06-11T19:00:00+0000,600.82,601.12,599.93,600.48,4799444.0
2025-06-11T19:30:00+0000,600.47,601.59,599.73,601.4,10397308.0
2025-06-12T13:30:00+0000,600.01,601.24,599.52,600.7699,5813411.0
2025-06-12T14:00:00+0000,600.76,602.64,600.61,602.48,5073218.0
2025-06-12T14:30:00+0000,602.49,603.13,602.35,602.6413,4124323.0
2025-06-12T15:00:00+0000,602.65,603.62,601.54,602.45,6609385.0
2025-06-12T15:30:00+0000,602.45,602.61,601.74,602.47,3005518.0
2025-06-12T16:00:00+0000,602.475,603.32,601.915,603.0046,4517382.0
2025-06-12T16:30:00+0000,602.99,603.42,602.02,602.425,3886949.0
2025-06-12T17:00:00+0000,602.45,603.34,602.37,602.98,2377201.0
2025-06-12T17:30:00+0000,602.97,603.5604,602.94,603.1108,2119239.0
2025-06-12T18:00:00+0000,603.11,603.4285,602.42,602.81,3251938.0
2025-06-12T18:30:00+0000,602.84,603.365,602.46,603.33,3325350.0
2025-06-12T19:00:00+0000,603.32,603.57,603.08,603.2946,3385608.0
2025-06-12T19:30:00+0000,603.28,603.72,602.39,603.72,9089571.0
2025-06-13T13:30:00+0000,598.5,600.37,597.86,598.15,8484651.0
2025-06-13T14:00:00+0000,598.17,599.167,596.63,596.77,5674354.0
2025-06-13T14:30:00+0000,596.77,599.42,596.65,599.14,5690228.0
2025-06-13T15:00:00+0000,599.14,600.67,598.92,600.58,3956057.0
2025-06-13T15:30:00+0000,600.57,601.71,600.292,601.25,4270088.0
2025-06-13T16:00:00+0000,601.24,601.85,600.74,600.88,2776668.0
2025-06-13T16:30:00+0000,600.89,601.49,600.285,601.065,2825451.0
2025-06-13T17:00:00+0000,601.05,601.17,599.17,599.53,3951565.0
2025-06-13T17:30:00+0000,599.52,600.15,598.96,599.78,3558506.0
2025-06-13T18:00:00+0000,599.8,600.29,597.0,597.11,7019487.0
2025-06-13T18:30:00+0000,597.1,597.36,595.59,597.21,8772173.0
2025-06-13T19:00:00+0000,597.19,597.685,596.04,596.2692,6751348.0
2025-06-13T19:30:00+0000,596.28,597.25,595.48,596.95,15540629.0
2025-06-16T13:30:00+0000,600.4,603.41,600.22,603.05,9990517.0
2025-06-16T14:00:00+0000,603.07,604.19,602.965,604.07,6558683.0
2025-06-16T14:30:00+0000,604.07,604.45,603.71,603.9188,5199847.0
2025-06-16T15:00:00+0000,603.92,604.09,603.27,603.378,4210706.0
2025-06-16T15:30:00+0000,603.38,603.84,602.77,603.1399,3910343.0
2025-06-16T16:00:00+0000,603.14,603.66,602.83,603.02,2386552.0
2025-06-16T16:30:00+0000,603.02,603.21,602.47,602.73,3509616.0
2025-06-16T17:00:00+0000,602.73,603.56,602.3301,603.38,3063638.0
2025-06-16T17:30:00+0000,603.39,603.71,602.13,602.3099,3356782.0
2025-06-16T18:00:00+0000,602.31,602.87,602.255,602.56,3042927.0
2025-06-16T18:30:00+0000,602.57,602.77,601.85,602.5046,3854818.0
2025-06-16T19:00:00+0000,602.5,602.62,601.64,602.05,6767024.0
2025-06-16T19:30:00+0000,602.04,602.8,601.79,602.71,11086822.0
2025-06-17T13:30:00+0000,600.21,600.95,599.18,600.865,7257594.0
2025-06-17T14:00:00+0000,600.86,601.64,600.3309,601.17,4347692.0
2025-06-17T14:30:00+0000,601.14,601.4,600.37,600.4799,3486686.0
2025-06-17T15:00:00+0000,600.49,601.75,600.38,600.47,3488151.0
2025-06-17T15:30:00+0000,600.47,601.22,600.22,600.705,2961348.0
2025-06-17T16:00:00+0000,600.74,601.5801,600.54,601.15,3074584.0
2025-06-17T16:30:00+0000,601.15,601.59,599.5,599.78,4401385.0
2025-06-17T17:00:00+0000,599.79,600.2,598.99,599.0,5036591.0
2025-06-17T17:30:00+0000,598.99,599.9,597.41,598.02,6233404.0
2025-06-17T18:00:00+0000,598.02,598.18,596.96,597.39,6404553.0
2025-06-17T18:30:00+0000,597.4,598.16,596.76,598.12,5032489.0
2025-06-17T19:00:00+0000,598.12,598.37,597.38,598.25,4998592.0
2025-06-17T19:30:00+0000,598.24,598.61,597.29,597.55,11154104.0
2025-06-18T13:30:00+0000,598.44,599.5882,597.36,599.12,5618129.0
2025-06-18T14:00:00+0000,599.13,601.04,598.73,600.7708,5360275.0
2025-06-18T14:30:00+0000,600.78,601.22,600.54,600.84,3663387.0
2025-06-18T15:00:00+0000,600.83,600.9,599.895,600.1,2284418.0
2025-06-18T15:30:00+0000,600.13,600.52,599.62,599.7393,3135261.0
2025-06-18T16:00:00+0000,599.72,600.32,599.4,599.495,2311811.0
2025-06-18T16:30:00+0000,599.49,600.11,599.38,599.465,2283120.0
2025-06-18T17:00:00+0000,599.46,599.705,598.82,598.875,1884220.0
2025-06-18T17:30:00+0000,598.88,599.9699,598.04,599.52,3527964.0
2025-06-18T18:00:00+0000,599.61,601.0,598.45,599.34,5054720.0
2025-06-18T18:30:00+0000,599.35,600.87,596.67,597.27,9573202.0
2025-06-18T19:00:00+0000,597.27,598.93,596.47,596.92,9046373.0
2025-06-18T19:30:00+0000,596.89,598.795,596.63,597.46,10029295.0
2025-06-20T13:30:00+0000,598.38,599.46,597.16,597.35,9519427.0
2025-06-20T14:00:00+0000,597.35,597.59,595.3112,596.15,5818729.0
2025-06-20T14:30:00+0000,596.16,596.61,593.98,594.38,6880018.0
2025-06-20T15:00:00+0000,594.37,595.63,593.5,595.11,4752886.0
2025-06-20T15:30:00+0000,595.09,596.37,594.6,594.702,12021907.0
2025-06-20T16:00:00+0000,594.71,595.3548,594.225,594.93,3320391.0
2025-06-20T16:30:00+0000,594.92,595.7,594.88,595.315,2564133.0
2025-06-20T17:00:00+0000,595.33,595.97,593.54,593.555,5160358.0
2025-06-20T17:30:00+0000,593.545,594.1,592.86,594.04,4066704.0
2025-06-20T18:00:00+0000,594.03,595.35,593.89,594.88,3305447.0
2025-06-20T18:30:00+0000,594.88,595.225,593.36,593.6,3355889.0
2025-06-20T19:00:00+0000,593.62,594.01,593.24,593.47,4420735.0
2025-06-20T19:30:00+0000,593.46,594.97,593.25,594.23,13468365.0
2025-06-23T13:30:00+0000,595.04,596.67,593.6,596.65,6986925.0
2025-06-23T14:00:00+0000,596.66,598.29,596.66,597.54,5898237.0
2025-06-23T14:30:00+0000,597.55,597.77,596.42,596.465,4448657.0
2025-06-23T15:00:00+0000,596.47,597.66,596.345,596.39,3494310.0
2025-06-23T15:30:00+0000,596.38,596.73,595.75,595.86,3437138.0
2025-06-23T16:00:00+0000,595.86,596.08,594.16,594.31,3711742.0
2025-06-23T16:30:00+0000,594.28,595.46,591.89,593.58,12034619.0
2025-06-23T17:00:00+0000,593.61,598.0,593.19,597.71,7450710.0
2025-06-23T17:30:00+0000,597.75,599.34,597.715,598.53,6933216.0
2025-06-23T18:00:00+0000,598.54,599.13,598.32,598.36,3655143.0
2025-06-23T18:30:00+0000,598.37,598.8,597.99,598.5086,3854791.0
2025-06-23T19:00:00+0000,598.51,599.44,598.41,599.24,4717269.0
2025-06-23T19:30:00+0000,599.235,600.54,598.92,600.13,10795451.0
2025-06-24T13:30:00+0000,604.33,605.45,603.8,604.05,8204327.0
2025-06-24T14:00:00+0000,604.02,604.96,603.41,604.5999,5314283.0
2025-06-24T14:30:00+0000,604.6,605.355,604.53,604.95,3933207.0
2025-06-24T15:00:00+0000,604.96,605.82,604.94,605.755,3475943.0
2025-06-24T15:30:00+0000,605.76,606.165,605.66,605.755,2769483.0
2025-06-24T16:00:00+0000,605.77,606.595,605.655,606.492,2427231.0
2025-06-24T16:30:00+0000,606.5,607.175,606.32,606.6399,3222929.0
2025-06-24T17:00:00+0000,606.65,606.9601,606.3,606.33,3260444.0
2025-06-24T17:30:00+0000,606.34,607.36,606.33,607.1701,2441782.0
2025-06-24T18:00:00+0000,607.18,607.46,606.95,607.0,3117417.0
2025-06-24T18:30:00+0000,607.02,607.35,606.87,607.305,2659710.0
2025-06-24T19:00:00+0000,607.31,607.69,607.3,607.505,5561669.0
2025-06-24T19:30:00+0000,607.51,607.8499,606.75,606.77,12204162.0
2025-06-25T13:30:00+0000,607.91,608.61,607.45,608.16,8244207.0
2025-06-25T14:00:00+0000,608.17,608.3499,607.31,607.69,4533352.0
2025-06-25T14:30:00+0000,607.7,608.41,607.51,607.765,3710328.0
2025-06-25T15:00:00+0000,607.76,607.805,606.86,607.155,4688271.0
2025-06-25T15:30:00+0000,607.16,607.17,606.48,606.89,3243413.0
2025-06-25T16:00:00+0000,606.89,607.27,606.8,606.975,2719935.0
2025-06-25T16:30:00+0000,606.98,607.1,606.42,606.71,2556945.0
2025-06-25T17:00:00+0000,606.705,607.14,606.26,607.02,2840606.0
2025-06-25T17:30:00+0000,607.015,607.08,605.54,606.24,5855008.0
2025-06-25T18:00:00+0000,606.27,606.55,606.05,606.3799,2299079.0
2025-06-25T18:30:00+0000,606.38,606.51,606.06,606.42,2064546.0
2025-06-25T19:00:00+0000,606.43,607.37,606.4,606.9948,3335747.0
2025-06-25T19:30:00+0000,606.99,607.2,606.37,607.08,9706335.0
2025-06-26T13:30:00+0000,608.99,609.39,608.37,609.12,6490404.0
2025-06-26T14:00:00+0000,609.13,609.98,609.07,609.945,7578158.0
2025-06-26T14:30:00+0000,609.93,610.58,609.92,610.3693,4914810.0
2025-06-26T15:00:00+0000,610.37,610.865,610.06,610.09,3459112.0
2025-06-26T15:30:00+0000,610.07,610.66,609.83,610.53,3796295.0
2025-06-26T16:00:00+0000,610.52,611.1283,610.46,610.88,2753411.0
2025-06-26T16:30:00+0000,610.9,611.125,610.675,610.845,2569306.0
2025-06-26T17:00:00+0000,610.8329,611.28,610.64,611.19,3995982.0
2025-06-26T17:30:00+0000,611.2,611.59,611.2,611.271,4936877.0
2025-06-26T18:00:00+0000,611.28,612.12,611.15,611.72,4328591.0
2025-06-26T18:30:00+0000,611.73,611.915,611.095,611.45,4135095.0
2025-06-26T19:00:00+0000,611.44,611.82,611.26,611.64,3884813.0
2025-06-26T19:30:00+0000,611.63,612.31,611.23,611.89,15252257.0
2025-06-27T13:30:00+0000,612.88,614.6599,612.7,614.36,5877300.0
2025-06-27T14:00:00+0000,614.37,615.5,614.37,614.905,5340523.0
2025-06-27T14:30:00+0000,614.91,615.55,614.6,614.81,4960630.0
2025-06-27T15:00:00+0000,614.82,615.39,614.6,615.34,3702450.0
2025-06-27T15:30:00+0000,615.34,616.1,615.3001,615.902,5186771.0
2025-06-27T16:00:00+0000,615.9,616.35,615.69,616.315,3084870.0
2025-06-27T16:30:00+0000,616.315,616.39,615.645,615.97,3139757.0
2025-06-27T17:00:00+0000,615.955,615.96,615.26,615.39,2168948.0
2025-06-27T17:30:00+0000,615.4,615.58,613.27,614.155,6581295.0
2025-06-27T18:00:00+0000,614.16,614.38,612.33,612.33,4924781.0
2025-06-27T18:30:00+0000,612.34,612.6,610.83,611.19,9466155.0
2025-06-27T19:00:00+0000,611.185,612.71,611.01,612.385,7217430.0
2025-06-27T19:30:00+0000,612.38,615.14,612.38,614.86,16255113.0
2025-06-30T13:30:00+0000,617.38,617.49,615.96,616.433,7140406.0
2025-06-30T14:00:00+0000,616.44,616.82,615.93,616.7,4865262.0
2025-06-30T14:30:00+0000,616.7,616.775,615.688,616.01,3270431.0
2025-06-30T15:00:00+0000,616.01,616.59,615.71,616.205,6402975.0
2025-06-30T15:30:00+0000,616.21,616.925,616.1,616.465,3357802.0
2025-06-30T16:00:00+0000,616.47,616.9,616.11,616.2551,2193674.0
2025-06-30T16:30:00+0000,616.24,617.13,616.195,616.64,2842110.0
2025-06-30T17:00:00+0000,616.64,616.82,616.22,616.515,3380891.0
2025-06-30T17:30:00+0000,616.515,616.64,615.04,615.84,4781311.0
2025-06-30T18:00:00+0000,615.847,616.44,615.63,616.045,4663528.0
2025-06-30T18:30:00+0000,616.04,616.94,615.32,616.93,5353875.0
2025-06-30T19:00:00+0000,616.935,618.25,616.91,617.9,8218009.0
2025-06-30T19:30:00+0000,617.9,619.22,617.4,617.88,21452337.0
2025-07-01T13:30:00+0000,616.36,617.74,616.255,617.27,5822882.0
2025-07-01T14:00:00+0000,617.23,618.065,616.75,617.12,5460274.0
2025-07-01T14:30:00+0000,617.1,617.61,616.13,616.5011,5403686.0
2025-07-01T15:00:00+0000,616.51,617.4901,615.52,617.28,6188048.0
2025-07-01T15:30:00+0000,617.27,617.49,616.08,616.94,3733670.0
2025-07-01T16:00:00+0000,616.96,618.1,616.71,617.32,3989338.0
2025-07-01T16:30:00+0000,617.32,618.135,617.05,617.09,2956305.0
2025-07-01T17:00:00+0000,617.09,618.2599,617.0,618.075,3175707.0
2025-07-01T17:30:00+0000,618.08,618.83,617.76,618.568052,2975084.0
2025-07-01T18:00:00+0000,618.57,618.6993,617.9193,618.01,3392682.0
2025-07-01T18:30:00+0000,618.01,618.51,617.91,617.96,3262474.0
2025-07-01T19:00:00+0000,617.95,618.37,616.7,618.365,6581386.0
2025-07-01T19:30:00+0000,618.37,618.72,617.43,617.56,10358123.0
2025-07-02T13:30:00+0000,617.24,617.64,616.61,617.3093,5486367.0
2025-07-02T14:00:00+0000,617.31,618.72,617.28,618.6,5191611.0
2025-07-02T14:30:00+0000,618.6,619.165,618.2,618.74,5370832.0
2025-07-02T15:00:00+0000,618.77,619.12,618.55,618.79,3347686.0
2025-07-02T15:30:00+0000,618.79,619.455,618.74,619.2719,3217897.0
2025-07-02T16:00:00+0000,619.27,619.33,618.86,619.155,2678398.0
2025-07-02T16:30:00+0000,619.16,619.6011,619.0,619.585,4269029.0
2025-07-02T17:00:00+0000,619.58,619.675,619.12,619.48,3371232.0
2025-07-02T17:30:00+0000,619.47,619.72,619.28,619.4199,3377493.0
2025-07-02T18:00:00+0000,619.42,619.6901,619.23,619.59,3269003.0
2025-07-02T18:30:00+0000,619.58,619.94,619.575,619.855,3938052.0
2025-07-02T19:00:00+0000,619.855,620.17,619.72,619.76,3764055.0
2025-07-02T19:30:00+0000,619.75,620.49,619.61,620.38,10219755.0
2025-07-03T13:30:00+0000,622.45,624.545,622.43,624.07,8579864.0
2025-07-03T14:00:00+0000,624.06,625.11,624.04,625.0,5895465.0
2025-07-03T14:30:00+0000,625.0,625.47,624.79,625.3,3710811.0
2025-07-03T15:00:00+0000,625.31,625.785,625.17,625.42,5368160.0
2025-07-03T15:30:00+0000,625.42,626.08,625.36,625.9,4654222.0
2025-07-03T16:00:00+0000,625.902,626.05,625.5501,625.735,4376545.0
2025-07-03T16:30:00+0000,625.73,626.28,624.87,625.35,10675960.0
2025-07-03T17:00:00+0000,625.35,625.38,625.33,625.34,879874.0
2025-07-07T13:30:00+0000,623.36,624.03,622.88,623.6526,5014199.0
2025-07-07T14:00:00+0000,623.65,623.795,622.53,623.04,3494188.0
2025-07-07T14:30:00+0000,623.04,623.105,621.96,622.1599,3677156.0
2025-07-07T15:00:00+0000,622.16,622.39,621.56,622.07,3171493.0
2025-07-07T15:30:00+0000,622.06,622.22,621.18,621.74,2880025.0
2025-07-07T16:00:00+0000,621.75,622.29,619.241,620.575,8643142.0
2025-07-07T16:30:00+0000,620.56,621.235,619.48,619.8006,4684058.0
2025-07-07T17:00:00+0000,619.78,621.02,619.5912,620.19,3085044.0
2025-07-07T17:30:00+0000,620.16,621.41,619.56,620.047,5288656.0
2025-07-07T18:00:00+0000,620.04,620.3696,617.88,617.99,5571885.0
2025-07-07T18:30:00+0000,617.99,620.2199,617.87,620.16,5267390.0
2025-07-07T19:00:00+0000,620.15,620.39,619.375,619.46,4457747.0
2025-07-07T19:30:00+0000,619.47,621.0,619.39,620.78,12111654.0
2025-07-08T13:30:00+0000,621.35,621.665,620.55,620.66,5114622.0
2025-07-08T14:00:00+0000,620.68,620.93,619.642,620.01,3953959.0
2025-07-08T14:30:00+0000,620.025,621.495,619.52,620.43,5588664.0
2025-07-08T15:00:00+0000,620.43,621.1001,619.72,619.964,3456463.0
2025-07-08T15:30:00+0000,619.98,621.22,619.98,621.065,3126807.0
2025-07-08T16:00:00+0000,621.0612,622.11,620.52,621.875,4005483.0
2025-07-08T16:30:00+0000,621.89,622.05,620.4,620.7999,4768303.0
2025-07-08T17:00:00+0000,620.79,620.9499,619.84,620.835,3928216.0
2025-07-08T17:30:00+0000,620.83,621.31,620.2,621.17,2858697.0
2025-07-08T18:00:00+0000,621.15,621.3022,620.61,620.65,2555443.0
2025-07-08T18:30:00+0000,620.66,620.925,620.3,620.52,2644584.0
2025-07-08T19:00:00+0000,620.52,620.64,620.09,620.51,3475175.0
2025-07-08T19:30:00+0000,620.51,620.81,619.99,620.31,9688143.0
2025-07-09T13:30:00+0000,622.77,624.72,622.65,624.245,6709279.0
2025-07-09T14:00:00+0000,624.23,624.54,623.15,623.37,4088911.0
2025-07-09T14:30:00+0000,623.38,623.38,621.07,621.44,7453257.0
2025-07-09T15:00:00+0000,621.44,622.32,620.9105,622.105,4785481.0
2025-07-09T15:30:00+0000,622.1,622.54,621.31,621.93,4177292.0
2025-07-09T16:00:00+0000,621.93,622.41,621.55,621.79,2666223.0
2025-07-09T16:30:00+0000,621.8,622.3677,621.73,622.02,2468415.0
2025-07-09T17:00:00+0000,622.01,622.675,621.62,622.322,2856921.0
2025-07-09T17:30:00+0000,622.32,622.79,622.06,622.465,3003686.0
2025-07-09T18:00:00+0000,622.45,623.309,622.3931,622.85,3660921.0
2025-07-09T18:30:00+0000,622.86,623.57,622.82,623.4,3173966.0
2025-07-09T19:00:00+0000,623.405,623.77,623.1,623.6,4529523.0
2025-07-09T19:30:00+0000,623.59,624.21,623.41,624.02,9264350.0
2025-07-10T13:30:00+0000,624.2,624.4181,623.12,623.395,6118967.0
2025-07-10T14:00:00+0000,623.395,624.26,623.01,623.7348,5464145.0
2025-07-10T14:30:00+0000,623.77,625.1,623.7448,624.865,4046311.0
2025-07-10T15:00:00+0000,624.86,625.575,624.83,625.52,4489676.0
2025-07-10T15:30:00+0000,625.52,625.785,625.37,625.7,2400734.0
2025-07-10T16:00:00+0000,625.7,625.775,625.025,625.57,2825473.0
2025-07-10T16:30:00+0000,625.57,625.78,625.24,625.54,2137266.0
2025-07-10T17:00:00+0000,625.54,626.23,625.53,626.1,2447962.0
2025-07-10T17:30:00+0000,626.09,626.77,626.08,626.585,3133689.0
2025-07-10T18:00:00+0000,626.58,626.8701,626.45,626.59,2657295.0
2025-07-10T18:30:00+0000,626.59,626.67,626.09,626.26,2885064.0
2025-07-10T19:00:00+0000,626.26,626.56,626.12,626.205,3761406.0
2025-07-10T19:30:00+0000,626.2,626.675,625.21,625.84,9570941.0
2025-07-11T13:30:00+0000,622.74,623.52,621.53,623.23,6806161.0
2025-07-11T14:00:00+0000,623.24,624.26,622.98,624.005,3694105.0
2025-07-11T14:30:00+0000,624.0,624.37,623.26,623.86,3411029.0
2025-07-11T15:00:00+0000,623.86,623.9,622.71,623.39,3979777.0
2025-07-11T15:30:00+0000,623.4,624.64,623.35,623.775,3853653.0
2025-07-11T16:00:00+0000,623.78,624.09,623.15,623.945,4564151.0
2025-07-11T16:30:00+0000,623.95,624.425,623.56,624.3458,2392499.0
2025-07-11T17:00:00+0000,624.35,624.58,624.12,624.45,2743530.0
2025-07-11T17:30:00+0000,624.45,624.58,623.75,624.5,3134432.0
2025-07-11T18:00:00+0000,624.49,624.7,624.1,624.265,3008811.0
2025-07-11T18:30:00+0000,624.265,624.86,624.17,624.36,3346972.0
2025-07-11T19:00:00+0000,624.35,624.72,623.13,624.445,6280639.0
2025-07-11T19:30:00+0000,624.45,624.58,623.47,623.61,10303373.0
2025-07-14T13:30:00+0000,623.16,623.46,621.7999,622.67,6785320.0
2025-07-14T14:00:00+0000,622.67,623.71,622.26,622.6915,4314877.0
2025-07-14T14:30:00+0000,622.68,623.52,622.37,623.48,3710756.0
2025-07-14T15:00:00+0000,623.47,624.14,623.2801,624.13,3705342.0
2025-07-14T15:30:00+0000,624.13,624.39,623.77,623.95,3235597.0
2025-07-14T16:00:00+0000,623.94,624.32,623.81,623.885,1920582.0
2025-07-14T16:30:00+0000,623.87,624.48,623.63,624.28,2294301.0
2025-07-14T17:00:00+0000,624.285,624.97,624.28,624.7,2518805.0
2025-07-14T17:30:00+0000,624.71,624.98,624.425,624.68,2180825.0
2025-07-14T18:00:00+0000,624.68,625.0,624.595,624.95,1987875.0
2025-07-14T18:30:00+0000,624.96,625.1581,624.91,624.94,2249529.0
2025-07-14T19:00:00+0000,624.94,625.12,624.46,624.73,3868980.0
2025-07-14T19:30:00+0000,624.73,624.99,624.3,624.74,8104035.0
2025-07-15T13:30:00+0000,627.52,627.86,625.585,625.65,7463912.0
2025-07-15T14:00:00+0000,625.67,626.3953,625.26,625.48,4524491.0
2025-07-15T14:30:00+0000,625.49,625.58,623.8,623.889,6186029.0
2025-07-15T15:00:00+0000,623.89,625.21,623.88,625.1007,5544270.0
2025-07-15T15:30:00+0000,625.12,625.39,624.51,624.8348,3418910.0
2025-07-15T16:00:00+0000,624.85,624.99,624.01,624.2748,3481753.0
2025-07-15T16:30:00+0000,624.27,624.575,623.01,623.22,4110032.0
2025-07-15T17:00:00+0000,623.22,623.89,622.95,623.86,4020698.0
2025-07-15T17:30:00+0000,623.85,624.62,623.85,624.5835,2972588.0
2025-07-15T18:00:00+0000,624.59,624.87,624.29,624.6,3186228.0
2025-07-15T18:30:00+0000,624.6,624.83,623.255,623.28,4766231.0
2025-07-15T19:00:00+0000,623.27,623.7799,623.015,623.29,5325334.0
2025-07-15T19:30:00+0000,623.31,623.8,622.075,622.12,11180563.0
2025-07-16T13:30:00+0000,623.74,624.12,622.02,622.1101,6450431.0
2025-07-16T14:00:00+0000,622.12,622.86,621.68,622.49,4084489.0
2025-07-16T14:30:00+0000,622.49,623.37,621.51,622.17,7863037.0
2025-07-16T15:00:00+0000,622.17,623.36,619.46,621.315,15104065.0
2025-07-16T15:30:00+0000,621.35,622.54,618.05,621.96,17404553.0
2025-07-16T16:00:00+0000,621.95,622.24,621.04,621.67,5158849.0
2025-07-16T16:30:00+0000,621.675,623.135,621.14,623.1048,3565606.0
2025-07-16T17:00:00+0000,623.1,623.79,622.91,623.1,3127953.0
2025-07-16T17:30:00+0000,623.1,623.375,622.92,623.0857,2016671.0
2025-07-16T18:00:00+0000,623.09,623.4601,622.72,623.35,2743674.0
2025-07-16T18:30:00+0000,623.345,624.3599,623.345,624.3489,3277806.0
2025-07-16T19:00:00+0000,624.34,624.52,623.825,624.1401,3857564.0
2025-07-16T19:30:00+0000,624.14,624.73,623.885,624.18,8131296.0
2025-07-17T13:30:00+0000,624.4,626.1981,624.18,625.78,6077206.0
2025-07-17T14:00:00+0000,625.79,626.23,624.84,625.46,4353973.0
2025-07-17T14:30:00+0000,625.46,625.92,625.01,625.812,3770520.0
2025-07-17T15:00:00+0000,625.815,626.72,625.79,626.67,4657026.0
2025-07-17T15:30:00+0000,626.6712,627.27,626.56,627.2147,3547697.0
2025-07-17T16:00:00+0000,627.21,627.51,626.78,626.85,3137975.0
2025-07-17T16:30:00+0000,626.84,626.92,626.525,626.83,2962872.0
2025-07-17T17:00:00+0000,626.83,627.098,626.665,627.025,3140558.0
2025-07-17T17:30:00+0000,627.03,627.46,626.98,627.4301,2573915.0
2025-07-17T18:00:00+0000,627.44,627.88,627.14,627.8322,4225369.0
2025-07-17T18:30:00+0000,627.84,628.14,627.645,627.965,3086239.0
2025-07-17T19:00:00+0000,627.97,628.4048,627.945,627.98,4141755.0
2025-07-17T19:30:00+0000,627.97,628.32,627.65,627.98,14623005.0
2025-07-18T13:30:00+0000,629.3,629.47,628.44,628.64,5855165.0
2025-07-18T14:00:00+0000,628.65,629.35,627.24,627.37,5204754.0
2025-07-18T14:30:00+0000,627.4,627.91,627.12,627.13,6561042.0
2025-07-18T15:00:00+0000,627.13,627.695,626.91,627.605,6583389.0
2025-07-18T15:30:00+0000,627.62,628.17,627.578,628.115,2838137.0
2025-07-18T16:00:00+0000,628.115,628.16,626.54,626.96,4207588.0
2025-07-18T16:30:00+0000,626.98,627.385,626.48,626.68,3148246.0
2025-07-18T17:00:00+0000,626.67,627.21,626.46,626.94,2556597.0
2025-07-18T17:30:00+0000,626.94,627.53,626.795,627.08,1822912.0
2025-07-18T18:00:00+0000,627.09,627.4,626.66,627.115,2360192.0
2025-07-18T18:30:00+0000,627.11,627.41,627.0401,627.215,2088193.0
2025-07-18T19:00:00+0000,627.21,627.6,627.02,627.39,2958726.0
2025-07-18T19:30:00+0000,627.375,627.76,627.01,627.58,7726014.0
2025-07-21T13:30:00+0000,628.77,630.7,628.67,630.57,6215155.0
2025-07-21T14:00:00+0000,630.58,631.33,630.38,631.25,4925136.0
2025-07-21T14:30:00+0000,631.25,631.39,630.64,631.02,3642172.0
2025-07-21T15:00:00+0000,631.025,631.35,630.88,631.2688,3053766.0
2025-07-21T15:30:00+0000,631.27,631.54,631.08,631.1751,2846091.0
2025-07-21T16:00:00+0000,631.17,631.17,630.535,630.77,3080987.0
2025-07-21T16:30:00+0000,630.7752,631.32,630.725,631.25,2174179.0
2025-07-21T17:00:00+0000,631.25,631.49,631.2213,631.395,2006398.0
2025-07-21T17:30:00+0000,631.39,631.52,631.11,631.17,2073545.0
2025-07-21T18:00:00+0000,631.16,631.27,631.04,631.1918,2472468.0
2025-07-21T18:30:00+0000,631.2,631.2,630.32,630.3613,3680331.0
2025-07-21T19:00:00+0000,630.37,630.4,629.11,629.45,7160912.0
2025-07-21T19:30:00+0000,629.45,629.68,628.34,628.75,12671332.0
2025-07-22T13:30:00+0000,629.1,629.19,626.19,626.88,8726046.0
2025-07-22T14:00:00+0000,626.89,627.41,626.2499,627.09,4862868.0
2025-07-22T14:30:00+0000,627.08,628.035,626.9721,627.95,3944503.0
2025-07-22T15:00:00+0000,627.955,628.115,627.33,627.64,2777218.0
2025-07-22T15:30:00+0000,627.64,628.06,627.43,627.65,2995118.0
2025-07-22T16:00:00+0000,627.66,628.125,627.04,627.24,2938084.0
2025-07-22T16:30:00+0000,627.25,627.975,627.07,627.855,2489945.0
2025-07-22T17:00:00+0000,627.86,629.22,627.78,629.05,2831485.0
2025-07-22T17:30:00+0000,629.05,629.18,628.3,628.3547,2615810.0
2025-07-22T18:00:00+0000,628.35,628.767,627.52,628.425,3805880.0
2025-07-22T18:30:00+0000,628.42,629.53,628.37,629.34,3668512.0
2025-07-22T19:00:00+0000,629.34,629.46,628.97,629.2,3790336.0
2025-07-22T19:30:00+0000,629.19,629.73,628.75,628.83,8958611.0
2025-07-23T13:30:00+0000,631.55,631.75,629.82,629.9992,6754373.0
2025-07-23T14:00:00+0000,629.995,630.74,629.73,630.7388,3926358.0
2025-07-23T14:30:00+0000,630.7352,630.78,630.09,630.7,2811719.0
2025-07-23T15:00:00+0000,630.7,630.925,630.325,630.825,3378181.0
2025-07-23T15:30:00+0000,630.82,632.79,630.47,632.065,5431516.0
2025-07-23T16:00:00+0000,632.06,632.61,631.38,631.69,3997699.0
2025-07-23T16:30:00+0000,631.68,632.11,631.3495,631.86,3869899.0
2025-07-23T17:00:00+0000,631.86,632.195,631.525,632.1,3784306.0
2025-07-23T17:30:00+0000,632.11,632.885,631.79,632.5118,5309587.0
2025-07-23T18:00:00+0000,632.515,633.65,632.515,633.235,4438938.0
2025-07-23T18:30:00+0000,633.235,633.48,633.105,633.265,2943425.0
2025-07-23T19:00:00+0000,633.28,633.3899,632.955,633.36,4537999.0
2025-07-23T19:30:00+0000,633.36,634.16,632.94,634.16,10507712.0
2025-07-24T13:30:00+0000,634.6,635.39,633.99,635.065,6716980.0
2025-07-24T14:00:00+0000,635.11,635.34,634.07,634.82,4942858.0
2025-07-24T14:30:00+0000,634.82,635.62,634.73,635.51,3460009.0
2025-07-24T15:00:00+0000,635.52,635.89,635.39,635.525,3631426.0
2025-07-24T15:30:00+0000,635.525,635.73,635.25,635.54,2634251.0
2025-07-24T16:00:00+0000,635.53,635.58,634.28,634.565,4024569.0
2025-07-24T16:30:00+0000,634.57,635.02,634.45,634.885,3180281.0
2025-07-24T17:00:00+0000,634.88,635.98,634.76,635.38,3211353.0
2025-07-24T17:30:00+0000,635.38,635.5883,635.125,635.245,2303352.0
2025-07-24T18:00:00+0000,635.25,636.15,635.23,635.78,5721448.0
2025-07-24T18:30:00+0000,635.785,635.93,634.69,635.2299,5009003.0
2025-07-24T19:00:00+0000,635.22,635.755,635.13,635.4718,3960054.0
2025-07-24T19:30:00+0000,635.475,635.575,634.25,634.43,15045290.0
2025-07-25T13:30:00+0000,635.09,635.6,634.84,635.24,5009279.0
2025-07-25T14:00:00+0000,635.25,635.61,634.87,635.47,3472974.0
2025-07-25T14:30:00+0000,635.47,636.13,635.29,635.825,3698300.0
2025-07-25T15:00:00+0000,635.81,636.095,635.7,636.02,2295659.0
2025-07-25T15:30:00+0000,636.02,636.08,635.61,635.93,3022851.0
2025-07-25T16:00:00+0000,635.93,636.93,635.79,636.76,3663290.0
2025-07-25T16:30:00+0000,636.76,636.96,636.6,636.845,3503678.0
2025-07-25T17:00:00+0000,636.845,637.13,636.67,637.0452,2933041.0
2025-07-25T17:30:00+0000,637.05,637.36,637.045,637.1315,2389397.0
2025-07-25T18:00:00+0000,637.132,637.53,636.97,637.33,2733355.0
2025-07-25T18:30:00+0000,637.33,637.54,637.19,637.195,2145165.0
2025-07-25T19:00:00+0000,637.19,637.5799,637.175,637.34,2899346.0
2025-07-25T19:30:00+0000,637.33,637.49,636.625,637.03,11617247.0
2025-07-28T13:30:00+0000,637.48,637.84,637.08,637.45,6909156.0
2025-07-28T14:00:00+0000,637.44,638.04,637.27,637.735,4399429.0
2025-07-28T14:30:00+0000,637.74,637.8999,637.24,637.4353,3049860.0
2025-07-28T15:00:00+0000,637.44,637.52,636.33,637.07,3978831.0
2025-07-28T15:30:00+0000,637.07,637.57,636.98,637.39,2051644.0
2025-07-28T16:00:00+0000,637.38,637.65,637.045,637.4,1906591.0
2025-07-28T16:30:00+0000,637.395,637.41,636.7501,636.885,1914520.0
2025-07-28T17:00:00+0000,636.8896,637.145,636.16,636.32,2874293.0
2025-07-28T17:30:00+0000,636.31,636.76,636.065,636.11,1923326.0
2025-07-28T18:00:00+0000,636.1,636.23,635.54,636.03,4250249.0
2025-07-28T18:30:00+0000,636.04,636.29,635.82,636.08,2870074.0
2025-07-28T19:00:00+0000,636.07,636.1399,635.69,636.04,3220161.0
2025-07-28T19:30:00+0000,636.05,637.02,635.82,636.92,9090597.0
2025-07-29T13:30:00+0000,638.35,638.67,637.24,637.93,5858913.0
2025-07-29T14:00:00+0000,638.0,638.09,637.38,637.76,3649971.0
2025-07-29T14:30:00+0000,637.75,637.86,636.54,636.74,4129399.0
2025-07-29T15:00:00+0000,636.72,637.01,635.18,635.29,4843444.0
2025-07-29T15:30:00+0000,635.29,636.21,634.69,635.885,4521237.0
2025-07-29T16:00:00+0000,635.88,636.04,635.41,635.66,2872982.0
2025-07-29T16:30:00+0000,635.662,636.225,635.1,636.19,2597221.0
2025-07-29T17:00:00+0000,636.19,636.56,636.05,636.18,2868257.0
2025-07-29T17:30:00+0000,636.175,636.39,634.94,635.61,3421053.0
2025-07-29T18:00:00+0000,635.6,635.76,635.135,635.32,2827207.0
2025-07-29T18:30:00+0000,635.315,635.86,635.2,635.34,2541031.0
2025-07-29T19:00:00+0000,635.32,635.61,635.03,635.06,3588572.0
2025-07-29T19:30:00+0000,635.07,635.4,634.335,635.24,11774401.0
2025-07-30T13:30:00+0000,635.92,636.23,635.29,635.735,5321372.0
2025-07-30T14:00:00+0000,635.735,636.665,635.39,636.33,3182327.0
2025-07-30T14:30:00+0000,636.32,636.82,636.195,636.24,3371982.0
2025-07-30T15:00:00+0000,636.23,636.36,635.0,635.315,3536617.0
2025-07-30T15:30:00+0000,635.32,636.175,635.09,636.175,2105787.0
2025-07-30T16:00:00+0000,636.16,636.72,635.99,636.58,2923857.0
2025-07-30T16:30:00+0000,636.58,636.65,636.24,636.46,1843397.0
2025-07-30T17:00:00+0000,636.47,636.66,636.145,636.21,1516397.0
2025-07-30T17:30:00+0000,636.22,636.95,636.115,636.66,3248917.0
2025-07-30T18:00:00+0000,636.705,637.11,636.01,636.77,3354034.0
2025-07-30T18:30:00+0000,636.77,637.68,632.59,632.84,10355121.0
2025-07-30T19:00:00+0000,632.83,633.99,631.54,632.0893,13410345.0
2025-07-30T19:30:00+0000,632.09,634.635,631.61,634.49,14768391.0
2025-07-31T13:30:00+0000,639.455,639.85,637.69,639.34,10829549.0
2025-07-31T14:00:00+0000,639.345,639.809,638.495,638.82,6253080.0
2025-07-31T14:30:00+0000,638.81,639.15,636.5099,636.61,5855364.0
2025-07-31T15:00:00+0000,636.605,637.38,635.06,636.19,6088574.0
2025-07-31T15:30:00+0000,636.19,637.55,636.11,637.54,3830148.0
2025-07-31T16:00:00+0000,637.55,638.23,637.21,638.08,2844476.0
2025-07-31T16:30:00+0000,638.0852,638.31,637.51,637.79,3407327.0
2025-07-31T17:00:00+0000,637.78,637.79,634.41,634.84,4697537.0
2025-07-31T17:30:00+0000,634.86,635.655,633.065,633.47,7055242.0
2025-07-31T18:00:00+0000,633.47,634.26,631.43,634.21,7619456.0
2025-07-31T18:30:00+0000,634.2,635.125,634.04,634.15,4744077.0
2025-07-31T19:00:00+0000,634.16,634.85,632.62,632.78,6098795.0
2025-07-31T19:30:00+0000,632.795,633.68,630.765,631.97,19772831.0
2025-08-01T13:30:00+0000,626.3,626.34,621.1,621.4815,14728456.0
2025-08-01T14:00:00+0000,621.53,623.52,619.65,623.37,12263106.0
2025-08-01T14:30:00+0000,623.37,624.07,621.78,621.96,10092405.0
2025-08-01T15:00:00+0000,621.96,622.9793,621.39,621.51,7042352.0
2025-08-01T15:30:00+0000,621.51,624.035,621.38,624.0,6642819.0
2025-08-01T16:00:00+0000,624.0,624.965,623.88,624.21,6976256.0
2025-08-01T16:30:00+0000,624.21,624.46,621.2,621.35,8420116.0
2025-08-01T17:00:00+0000,621.34,621.79,620.335,620.57,8269725.0
2025-08-01T17:30:00+0000,620.57,621.41,620.21,620.6299,7296683.0
2025-08-01T18:00:00+0000,620.61,621.81,619.29,621.6248,7554503.0
2025-08-01T18:30:00+0000,621.63,623.11,620.95,621.4,9015236.0
2025-08-01T19:00:00+0000,621.41,622.3,620.97,621.79,9446790.0
2025-08-01T19:30:00+0000,621.78,623.3,620.84,621.71,18086557.0
2025-08-04T13:30:00+0000,625.67,629.205,625.58,629.01,9949055.0
2025-08-04T14:00:00+0000,629.01,629.53,628.27,629.4,5283405.0
2025-08-04T14:30:00+0000,629.41,629.7,628.46,629.18,5595288.0
2025-08-04T15:00:00+0000,629.19,629.56,628.65,629.0,4051102.0
2025-08-04T15:30:00+0000,628.99,630.05,628.59,629.87,4118661.0
2025-08-04T16:00:00+0000,629.86,630.17,629.62,629.72,3098413.0
2025-08-04T16:30:00+0000,629.71,630.45,629.68,630.135,2720008.0
2025-08-04T17:00:00+0000,630.13,630.52,630.06,630.29,2619081.0
2025-08-04T17:30:00+0000,630.3,630.49,629.39,629.81,3324910.0
2025-08-04T18:00:00+0000,629.82,630.315,629.73,629.99,4829950.0
2025-08-04T18:30:00+0000,629.99,630.4,629.775,629.8801,2651362.0
2025-08-04T19:00:00+0000,629.8968,630.75,629.74,630.265,4963474.0
2025-08-04T19:30:00+0000,630.265,631.215,629.9209,631.09,10545686.0
2025-08-05T13:30:00+0000,631.79,632.6052,631.22,631.9,6284481.0
2025-08-05T14:00:00+0000,631.63,631.85,629.19,629.859,6341287.0
2025-08-05T14:30:00+0000,629.865,629.865,627.04,627.91,8260612.0
2025-08-05T15:00:00+0000,627.915,628.67,627.43,628.01,5148356.0
2025-08-05T15:30:00+0000,627.98,628.395,627.16,628.09,3911989.0
2025-08-05T16:00:00+0000,628.075,629.1851,627.96,629.05,3349138.0
2025-08-05T16:30:00+0000,629.03,629.8,627.8,628.92,3880465.0
2025-08-05T17:00:00+0000,628.89,629.825,628.68,629.695,2089947.0
2025-08-05T17:30:00+0000,629.7048,630.32,629.52,630.13,3299214.0
2025-08-05T18:00:00+0000,630.14,630.225,628.6,628.71,4187144.0
2025-08-05T18:30:00+0000,628.71,629.01,627.87,628.43,3768668.0
2025-08-05T19:00:00+0000,628.44,629.11,628.36,628.9799,3424610.0
2025-08-05T19:30:00+0000,628.98,629.04,627.81,628.0,7916691.0
2025-08-06T13:30:00+0000,629.05,629.98,628.27,628.93,6854216.0
2025-08-06T14:00:00+0000,628.92,630.61,628.13,628.795,5084656.0
2025-08-06T14:30:00+0000,628.795,631.01,628.38,630.885,4559509.0
2025-08-06T15:00:00+0000,630.88,632.05,630.41,631.927,4591911.0
2025-08-06T15:30:00+0000,631.91,632.9104,631.16,632.66,5973357.0
2025-08-06T16:00:00+0000,632.67,632.85,632.18,632.37,2737595.0
2025-08-06T16:30:00+0000,632.3899,632.9799,631.85,632.25,2918788.0
2025-08-06T17:00:00+0000,632.2401,632.63,631.94,632.29,2001854.0
2025-08-06T17:30:00+0000,632.31,632.7,632.0,632.23,2477692.0
2025-08-06T18:00:00+0000,632.235,633.11,632.1799,632.92,3950211.0
2025-08-06T18:30:00+0000,632.92,633.19,632.49,632.62,2592315.0
2025-08-06T19:00:00+0000,632.62,633.16,632.56,633.02,3277691.0
2025-08-06T19:30:00+0000,633.01,633.44,632.39,632.67,10434972.0
2025-08-07T13:30:00+0000,636.24,636.98,635.2999,636.48,7731341.0
2025-08-07T14:00:00+0000,636.49,636.82,633.12,633.82,7233852.0
2025-08-07T14:30:00+0000,633.81,634.235,632.39,632.72,5465688.0
2025-08-07T15:00:00+0000,632.73,633.14,631.76,631.9699,5352607.0
2025-08-07T15:30:00+0000,631.97,632.44,631.35,631.8946,3977351.0
2025-08-07T16:00:00+0000,631.86,632.6,631.1316,632.245,3686667.0
2025-08-07T16:30:00+0000,632.25,632.61,630.07,631.24,5017083.0
2025-08-07T17:00:00+0000,631.24,631.87,630.0,630.03,3887133.0
2025-08-07T17:30:00+0000,630.0,631.08,629.69,630.74,4038616.0
2025-08-07T18:00:00+0000,630.74,631.0399,629.11,629.92,4148982.0
2025-08-07T18:30:00+0000,629.92,630.87,629.46,630.5107,3575384.0
2025-08-07T19:00:00+0000,630.5213,630.79,630.01,630.27,3426805.0
2025-08-07T19:30:00+0000,630.28,632.36,630.26,632.3,9156863.0
2025-08-08T13:30:00+0000,634.06,635.9,633.74,635.8492,6812138.0
2025-08-08T14:00:00+0000,635.85,636.78,635.755,636.44,6027186.0
2025-08-08T14:30:00+0000,636.43,637.04,635.7,635.8028,4876145.0
2025-08-08T15:00:00+0000,635.81,636.48,635.57,636.01,3480748.0
2025-08-08T15:30:00+0000,636.0,636.445,634.86,636.36,3841478.0
2025-08-08T16:00:00+0000,636.35,637.36,636.28,636.875,3099139.0
2025-08-08T16:30:00+0000,636.88,637.12,636.44,636.55,2650280.0
2025-08-08T17:00:00+0000,636.56,636.85,636.125,636.395,2803937.0
2025-08-08T17:30:00+0000,636.3913,637.33,636.38,637.19,1990352.0
2025-08-08T18:00:00+0000,637.228,637.645,636.94,637.22,2777136.0
2025-08-08T18:30:00+0000,637.22,637.515,637.21,637.26,3320253.0
2025-08-08T19:00:00+0000,637.26,637.625,637.04,637.26,3596081.0
2025-08-08T19:30:00+0000,637.25,637.27,636.05,637.14,10373639.0
2025-08-11T13:30:00+0000,637.46,637.76,636.88,637.69,5389075.0
2025-08-11T14:00:00+0000,637.68,637.97,637.2,637.2501,3797717.0
2025-08-11T14:30:00+0000,637.2419,637.43,636.57,636.78,3753349.0
2025-08-11T15:00:00+0000,636.77,637.3,636.53,637.09,3092542.0
2025-08-11T15:30:00+0000,637.095,637.89,636.7899,637.86,2640032.0
2025-08-11T16:00:00+0000,637.87,638.95,637.79,638.55,4322254.0
2025-08-11T16:30:00+0000,638.54,638.61,637.32,637.3301,2851870.0
2025-08-11T17:00:00+0000,637.33,637.61,636.91,637.185,2339927.0
2025-08-11T17:30:00+0000,637.18,637.42,636.4,636.8019,2688893.0
2025-08-11T18:00:00+0000,636.81,636.88,636.28,636.49,4109998.0
2025-08-11T18:30:00+0000,636.5,636.8799,635.56,636.51,3143176.0
2025-08-11T19:00:00+0000,636.5,636.64,635.995,636.262,2138722.0
2025-08-11T19:30:00+0000,636.25,636.38,634.66,635.83,12893479.0
2025-08-12T13:30:00+0000,638.29,639.875,636.97,637.34,10299758.0
2025-08-12T14:00:00+0000,637.36,639.5506,636.79,639.29,5704997.0
2025-08-12T14:30:00+0000,639.29,640.23,638.86,639.875,4417204.0
2025-08-12T15:00:00+0000,639.87,641.03,639.825,640.48,4759921.0
2025-08-12T15:30:00+0000,640.47,641.27,640.31,641.23,3395319.0
2025-08-12T16:00:00+0000,641.23,641.5,640.86,641.3793,2439398.0
2025-08-12T16:30:00+0000,641.38,641.99,641.37,641.7,2647419.0
2025-08-12T17:00:00+0000,641.7,641.845,641.435,641.54,2057501.0
2025-08-12T17:30:00+0000,641.535,642.145,641.425,642.06,1960758.0
2025-08-12T18:00:00+0000,642.07,642.615,642.07,642.22,2703245.0
2025-08-12T18:30:00+0000,642.23,642.3,641.975,642.035,2331097.0
2025-08-12T19:00:00+0000,642.04,642.43,641.99,642.32,3000337.0
2025-08-12T19:30:00+0000,642.315,642.85,641.98,642.64,9783849.0
2025-08-13T13:30:00+0000,644.91,646.19,644.49,645.62,7047786.0
2025-08-13T14:00:00+0000,645.63,645.7189,643.99,644.24,5583498.0
2025-08-13T14:30:00+0000,644.245,644.405,643.58,643.83,4908848.0
2025-08-13T15:00:00+0000,643.82,644.11,643.07,643.67,4351240.0
2025-08-13T15:30:00+0000,643.67,644.255,643.34,643.43,4948503.0
2025-08-13T16:00:00+0000,643.44,643.915,643.23,643.27,1878112.0
2025-08-13T16:30:00+0000,643.26,643.56,642.68,643.01,2554744.0
2025-08-13T17:00:00+0000,643.01,643.7,642.7,643.6408,2501428.0
2025-08-13T17:30:00+0000,643.64,643.76,642.775,643.55,2235420.0
2025-08-13T18:00:00+0000,643.56,644.2,643.39,643.89,2355312.0
2025-08-13T18:30:00+0000,643.91,644.31,643.24,644.015,2930855.0
2025-08-13T19:00:00+0000,644.02,644.73,643.8312,644.29,3228923.0
2025-08-13T19:30:00+0000,644.295,645.1,643.91,644.88,9325833.0
2025-08-14T13:30:00+0000,642.79,644.25,642.34,644.02,7175502.0
2025-08-14T14:00:00+0000,644.02,644.615,643.7,644.24,3601828.0
2025-08-14T14:30:00+0000,644.25,645.545,644.21,644.74,3819247.0
2025-08-14T15:00:00+0000,644.7399,644.79,642.96,643.335,3684527.0
2025-08-14T15:30:00+0000,643.34,644.22,642.98,644.07,3265869.0
2025-08-14T16:00:00+0000,644.04,644.09,642.665,643.09,2615809.0
2025-08-14T16:30:00+0000,643.09,644.26,642.985,644.17,1998162.0
2025-08-14T17:00:00+0000,644.16,645.05,644.09,645.0007,2116899.0
2025-08-14T17:30:00+0000,645.01,645.06,644.25,644.71,2204283.0
2025-08-14T18:00:00+0000,644.72,644.725,643.91,644.085,3011728.0
2025-08-14T18:30:00+0000,644.07,644.95,643.95,644.6,3922862.0
2025-08-14T19:00:00+0000,644.59,645.49,644.48,645.03,3819505.0
2025-08-14T19:30:00+0000,645.03,645.62,644.84,644.94,8491246.0
2025-08-15T13:30:00+0000,645.99,646.09,643.72,644.1,7003727.0
2025-08-15T14:00:00+0000,643.78,644.65,643.21,644.21,4301731.0
2025-08-15T14:30:00+0000,644.2,644.33,643.37,643.575,3009588.0
2025-08-15T15:00:00+0000,643.58,644.28,643.26,643.478,6222732.0
2025-08-15T15:30:00+0000,643.47,644.14,642.5153,643.415,4238586.0
2025-08-15T16:00:00+0000,643.4,643.94,643.08,643.29,3508607.0
2025-08-15T16:30:00+0000,643.295,644.28,643.295,644.0809,2334834.0
2025-08-15T17:00:00+0000,644.08,644.2957,643.74,644.1654,2607630.0
2025-08-15T17:30:00+0000,644.16,644.81,644.12,644.7709,3540286.0
2025-08-15T18:00:00+0000,644.77,644.88,643.98,644.53,5321814.0
2025-08-15T18:30:00+0000,644.52,644.64,643.81,644.26,3021934.0
2025-08-15T19:00:00+0000,644.25,644.28,643.32,643.8,5084757.0
2025-08-15T19:30:00+0000,643.8,644.13,643.13,643.44,8554454.0
2025-08-18T13:30:00+0000,642.86,643.8,642.53,642.73,5526313.0
2025-08-18T14:00:00+0000,642.73,643.935,642.71,643.0,3524056.0
2025-08-18T14:30:00+0000,642.99,643.43,642.3,643.23,3209623.0
2025-08-18T15:00:00+0000,643.22,643.44,642.6,642.73,2646738.0
2025-08-18T15:30:00+0000,642.73,643.039,642.5,642.7301,1738950.0
2025-08-18T16:00:00+0000,642.73,643.28,642.69,643.12,1704109.0
2025-08-18T16:30:00+0000,643.1235,643.36,642.18,642.51,1872979.0
2025-08-18T17:00:00+0000,642.51,643.2,642.48,643.169,1528027.0
2025-08-18T17:30:00+0000,643.165,643.815,642.6514,642.7894,2481938.0
2025-08-18T18:00:00+0000,642.79,643.01,642.44,642.7601,2024198.0
2025-08-18T18:30:00+0000,642.75,643.56,642.74,643.43,2607506.0
2025-08-18T19:00:00+0000,643.43,643.56,643.0601,643.255,2981589.0
2025-08-18T19:30:00+0000,643.25,644.0,643.145,643.27,7751525.0
2025-08-19T13:30:00+0000,643.12,643.43,641.9899,642.87,6986617.0
2025-08-19T14:00:00+0000,642.86,644.105,642.82,643.03,4933144.0
2025-08-19T14:30:00+0000,643.04,643.54,641.21,641.215,6354779.0
2025-08-19T15:00:00+0000,641.22,641.695,640.47,641.61,4569534.0
2025-08-19T15:30:00+0000,641.61,641.91,640.62,640.75,3257520.0
2025-08-19T16:00:00+0000,640.73,641.1,640.17,640.35,2929635.0
2025-08-19T16:30:00+0000,640.36,640.625,639.331,639.67,3927079.0
2025-08-19T17:00:00+0000,639.67,639.86,638.805,639.72,3580535.0
2025-08-19T17:30:00+0000,639.71,640.11,639.625,639.83,2437263.0
2025-08-19T18:00:00+0000,639.82,639.88,638.82,639.095,3081880.0
2025-08-19T18:30:00+0000,639.095,639.28,638.66,639.1,3175454.0
2025-08-19T19:00:00+0000,639.12,639.25,638.48,639.205,4578925.0
2025-08-19T19:30:00+0000,639.21,639.91,638.715,639.77,10501631.0
2025-08-20T13:30:00+0000,639.4,639.66,634.96,635.39,13480455.0
2025-08-20T14:00:00+0000,635.38,636.29,633.67,633.92,10393008.0
2025-08-20T14:30:00+0000,633.94,634.42,632.95,633.38,6363335.0
2025-08-20T15:00:00+0000,633.38,636.43,633.18,636.375,6170752.0
2025-08-20T15:30:00+0000,636.35,636.9,634.72,635.15,4565970.0
2025-08-20T16:00:00+0000,635.14,637.4758,635.075,637.4207,4103228.0
2025-08-20T16:30:00+0000,637.425,637.45,635.93,636.315,3667688.0
2025-08-20T17:00:00+0000,636.31,637.21,636.13,636.56,2272691.0
2025-08-20T17:30:00+0000,636.56,637.96,636.51,637.198,2596702.0
2025-08-20T18:00:00+0000,637.18,637.33,635.21,635.83,5070549.0
2025-08-20T18:30:00+0000,635.8316,637.38,635.75,636.69,3837812.0
2025-08-20T19:00:00+0000,636.69,638.8699,636.69,638.33,5289109.0
2025-08-20T19:30:00+0000,638.315,639.06,637.805,638.06,9412510.0
2025-08-21T13:30:00+0000,636.28,636.51,634.31,635.13,7154444.0
2025-08-21T14:00:00+0000,635.12,637.97,634.6,637.89,4109418.0
2025-08-21T14:30:00+0000,637.89,637.9,636.1,637.15,2501946.0
2025-08-21T15:00:00+0000,637.16,637.4399,635.3,636.69,3074128.0
2025-08-21T15:30:00+0000,636.7,637.59,635.43,635.58,2795232.0
2025-08-21T16:00:00+0000,635.58,635.89,634.96,635.25,3024871.0
2025-08-21T16:30:00+0000,635.25,636.0,634.67,634.87,2363922.0
2025-08-21T17:00:00+0000,634.87,635.467,633.81,634.435,2860203.0
2025-08-21T17:30:00+0000,634.43,636.2,634.3399,635.9199,3249681.0
2025-08-21T18:00:00+0000,635.91,636.19,635.435,635.5,2114485.0
2025-08-21T18:30:00+0000,635.51,636.27,635.09,636.12,2657351.0
2025-08-21T19:00:00+0000,636.11,636.52,635.89,635.94,2561102.0
2025-08-21T19:30:00+0000,635.95,635.98,635.08,635.58,8026397.0
2025-08-22T13:30:00+0000,637.76,639.72,637.25,638.41,6614501.0
2025-08-22T14:00:00+0000,638.41,645.55,638.41,644.11,18125643.0
2025-08-22T14:30:00+0000,644.1338,646.17,644.13,645.6458,6435355.0
2025-08-22T15:00:00+0000,645.65,646.27,645.47,646.0,5682026.0
2025-08-22T15:30:00+0000,646.01,646.5,645.3,645.41,4177000.0
2025-08-22T16:00:00+0000,645.415,645.91,644.695,644.78,3466219.0
2025-08-22T16:30:00+0000,644.78,645.4407,644.295,644.72,2205918.0
2025-08-22T17:00:00+0000,644.7,646.26,644.7,646.15,3422260.0
2025-08-22T17:30:00+0000,646.15,646.4,645.69,645.77,2295877.0
2025-08-22T18:00:00+0000,645.785,646.04,645.285,645.385,3313137.0
2025-08-22T18:30:00+0000,645.44,645.86,645.255,645.45,3383474.0
2025-08-22T19:00:00+0000,645.45,645.64,645.052,645.08,4143933.0
2025-08-22T19:30:00+0000,645.07,645.455,644.295,645.27,13864626.0
2025-08-25T13:30:00+0000,644.04,644.369,643.41,644.34,6620264.0
2025-08-25T14:00:00+0000,644.33,644.67,643.76,644.15,4483648.0
2025-08-25T14:30:00+0000,644.15,644.46,643.74,644.42,2903406.0
2025-08-25T15:00:00+0000,644.41,645.05,644.23,644.91,2824342.0
2025-08-25T15:30:00+0000,644.91,645.065,644.505,644.97,2253742.0
2025-08-25T16:00:00+0000,644.96,645.145,644.79,644.94,1958518.0
2025-08-25T16:30:00+0000,644.94,645.29,644.82,644.995,1869102.0
2025-08-25T17:00:00+0000,644.9813,645.015,644.41,644.67,1925739.0
2025-08-25T17:30:00+0000,644.66,644.82,644.025,644.505,2168207.0
2025-08-25T18:00:00+0000,644.5011,644.565,643.94,644.17,2782405.0
2025-08-25T18:30:00+0000,644.165,644.28,643.895,643.94,4530720.0
2025-08-25T19:00:00+0000,643.97,644.15,643.62,643.69,3015722.0
2025-08-25T19:30:00+0000,643.69,643.84,642.35,642.47,8502395.0
2025-08-26T13:30:00+0000,642.2,642.8499,641.57,642.555,5408196.0
2025-08-26T14:00:00+0000,642.492,643.27,642.38,643.08,3949297.0
2025-08-26T14:30:00+0000,643.065,643.18,642.49,642.6919,2550735.0
2025-08-26T15:00:00+0000,642.7,642.88,642.295,642.44,2158358.0
2025-08-26T15:30:00+0000,642.41,642.91,642.2914,642.75,1529118.0
2025-08-26T16:00:00+0000,642.76,643.55,642.76,643.33,2661914.0
2025-08-26T16:30:00+0000,643.33,643.5,643.1,643.32,1401471.0
2025-08-26T17:00:00+0000,643.3,643.59,642.89,643.51,1554096.0
2025-08-26T17:30:00+0000,643.5,643.581,642.435,642.86,2076984.0
2025-08-26T18:00:00+0000,642.86,643.53,642.79,643.51,3354298.0
2025-08-26T18:30:00+0000,643.52,644.09,643.51,643.895,2483577.0
2025-08-26T19:00:00+0000,643.89,644.7101,643.615,644.56,5653446.0
2025-08-26T19:30:00+0000,644.55,645.51,643.92,645.13,10293617.0
2025-08-27T13:30:00+0000,644.57,645.53,644.42,645.35,5010382.0
2025-08-27T14:00:00+0000,645.35,646.34,645.2603,646.1171,4351202.0
2025-08-27T14:30:00+0000,646.11,646.41,645.75,646.18,2528108.0
2025-08-27T15:00:00+0000,646.19,646.54,646.18,646.3,1946617.0
2025-08-27T15:30:00+0000,646.3,646.69,645.91,646.5418,2226478.0
2025-08-27T16:00:00+0000,646.55,646.6,645.48,645.96,2284518.0
2025-08-27T16:30:00+0000,645.96,646.5299,645.38,646.2993,3077648.0
2025-08-27T17:00:00+0000,646.29,646.55,646.04,646.445,1833389.0
2025-08-27T17:30:00+0000,646.45,646.82,646.44,646.76,1437517.0
2025-08-27T18:00:00+0000,646.755,647.355,646.58,647.26,2843734.0
2025-08-27T18:30:00+0000,647.25,647.31,647.0099,647.04,1877076.0
2025-08-27T19:00:00+0000,647.035,647.0579,645.82,646.655,4090131.0
2025-08-27T19:30:00+0000,646.65,647.37,646.6,646.62,6879563.0
2025-08-28T13:30:00+0000,647.24,648.09,645.34,645.94,8731822.0
2025-08-28T14:00:00+0000,645.93,646.68,645.58,645.955,5426514.0
2025-08-28T14:30:00+0000,645.98,647.17,645.94,646.89,3496265.0
2025-08-28T15:00:00+0000,646.89,647.6558,646.08,646.25,3629008.0
2025-08-28T15:30:00+0000,646.275,647.19,646.24,647.02,2830175.0
2025-08-28T16:00:00+0000,647.02,648.42,646.94,648.15,3040610.0
2025-08-28T16:30:00+0000,648.15,648.365,647.62,647.67,2282186.0
2025-08-28T17:00:00+0000,647.67,648.15,647.45,648.125,2300899.0
2025-08-28T17:30:00+0000,648.13,648.515,648.075,648.38,2416106.0
2025-08-28T18:00:00+0000,648.37,648.68,648.315,648.645,2748780.0
2025-08-28T18:30:00+0000,648.65,649.055,648.63,648.965,3274321.0
2025-08-28T19:00:00+0000,648.96,649.25,648.84,648.96,3275633.0
2025-08-28T19:30:00+0000,648.95,649.48,648.73,648.89,11589712.0
2025-08-29T13:30:00+0000,647.47,647.84,645.34,645.51,8113366.0
2025-08-29T14:00:00+0000,645.5,646.063,643.63,644.6688,8706460.0
2025-08-29T14:30:00+0000,644.67,645.11,643.14,643.82,5102387.0
2025-08-29T15:00:00+0000,643.82,644.77,643.68,644.41,2969928.0
2025-08-29T15:30:00+0000,644.41,644.55,643.71,643.79,2601110.0
2025-08-29T16:00:00+0000,643.78,644.76,643.75,644.17,2394829.0
2025-08-29T16:30:00+0000,644.18,645.0399,644.18,644.725,2069420.0
2025-08-29T17:00:00+0000,644.7,644.7,643.46,644.0,2931549.0
2025-08-29T17:30:00+0000,644.0,645.0142,643.84,644.64,3350684.0
2025-08-29T18:00:00+0000,644.65,644.7,644.17,644.265,2294413.0
2025-08-29T18:30:00+0000,644.265,644.74,644.1721,644.49,2136835.0
2025-08-29T19:00:00+0000,644.49,644.99,644.305,644.58,4407371.0
2025-08-29T19:30:00+0000,644.58,645.14,643.76,645.04,16524941.0
2025-09-02T13:30:00+0000,637.5,639.36,636.05,639.07,12278939.0
2025-09-02T14:00:00+0000,639.01,640.14,638.18,639.47,5585444.0
2025-09-02T14:30:00+0000,639.45,639.63,637.23,637.65,4753767.0
2025-09-02T15:00:00+0000,637.65,637.94,636.17,636.56,3959884.0
2025-09-02T15:30:00+0000,636.55,636.568,634.92,635.21,4733707.0
2025-09-02T16:00:00+0000,635.215,636.07,635.0301,635.61,3268305.0
2025-09-02T16:30:00+0000,635.61,636.97,635.61,636.95,3080081.0
2025-09-02T17:00:00+0000,636.95,637.85,636.53,637.64,2998086.0
2025-09-02T17:30:00+0000,637.63,639.035,637.63,638.35,3749737.0
2025-09-02T18:00:00+0000,638.33,638.81,637.65,637.7265,2373828.0
2025-09-02T18:30:00+0000,637.72,638.94,637.32,638.0518,3406199.0
2025-09-02T19:00:00+0000,638.06,639.31,638.04,639.14,3383380.0
2025-09-02T19:30:00+0000,639.13,640.49,639.04,640.33,13843211.0
2025-09-03T13:30:00+0000,642.67,643.23,641.83,641.94,8392391.0
2025-09-03T14:00:00+0000,642.0,643.2197,641.59,642.3612,5525889.0
2025-09-03T14:30:00+0000,642.36,644.16,642.34,643.97,4857668.0
2025-09-03T15:00:00+0000,643.98,644.21,642.29,642.43,4110436.0
2025-09-03T15:30:00+0000,642.43,642.97,642.12,642.375,3498703.0
2025-09-03T16:00:00+0000,642.37,643.125,641.995,642.43,2746181.0
2025-09-03T16:30:00+0000,642.44,642.52,641.43,641.82,3331497.0
2025-09-03T17:00:00+0000,641.82,642.85,641.82,642.27,3069472.0
2025-09-03T17:30:00+0000,642.26,642.43,640.625,640.978,3618452.0
2025-09-03T18:00:00+0000,640.98,641.29,640.54,641.13,3497419.0
2025-09-03T18:30:00+0000,641.11,641.28,640.46,640.885,3142097.0
2025-09-03T19:00:00+0000,640.88,641.2,640.56,641.02,2952642.0
2025-09-03T19:30:00+0000,641.04,643.73,641.01,643.64,13700889.0
2025-09-04T13:30:00+0000,644.42,645.3,644.19,644.85,6304383.0
2025-09-04T14:00:00+0000,644.8,645.11,643.51,644.88,6003363.0
2025-09-04T14:30:00+0000,644.87,645.78,644.84,645.645,4441402.0
2025-09-04T15:00:00+0000,645.64,646.435,645.31,646.2108,4051505.0
2025-09-04T15:30:00+0000,646.22,646.59,645.82,646.175,2991203.0
2025-09-04T16:00:00+0000,646.175,646.56,645.83,645.95,2309833.0
2025-09-04T16:30:00+0000,645.94,646.5,645.81,645.943,2094299.0
2025-09-04T17:00:00+0000,645.95,646.97,645.92,646.8593,2660089.0
2025-09-04T17:30:00+0000,646.84,647.462,646.59,647.14,2874012.0
2025-09-04T18:00:00+0000,647.14,647.61,647.13,647.23,2390080.0
2025-09-04T18:30:00+0000,647.23,647.68,647.08,647.63,2543946.0
2025-09-04T19:00:00+0000,647.63,648.25,647.595,647.915,3853161.0
2025-09-04T19:30:00+0000,647.91,649.15,647.81,648.99,12495859.0
2025-09-05T13:30:00+0000,651.48,652.21,650.54,651.065,9547907.0
2025-09-05T14:00:00+0000,651.06,651.095,646.05,646.56,10289113.0
2025-09-05T14:30:00+0000,646.52,646.66,644.0896,644.14,9002613.0
2025-09-05T15:00:00+0000,644.15,646.28,643.33,646.205,6429622.0
2025-09-05T15:30:00+0000,646.21,646.9,645.34,645.67,5465178.0
2025-09-05T16:00:00+0000,645.68,646.75,645.29,645.725,3752972.0
2025-09-05T16:30:00+0000,645.74,646.47,645.23,646.47,3193642.0
2025-09-05T17:00:00+0000,646.47,646.55,645.37,645.85,3322488.0
2025-09-05T17:30:00+0000,645.87,646.06,644.61,645.12,3315958.0
2025-09-05T18:00:00+0000,645.15,645.9899,644.9,645.7099,3516762.0
2025-09-05T18:30:00+0000,645.69,646.31,645.69,646.31,2969033.0
2025-09-05T19:00:00+0000,646.29,647.41,645.9,647.11,4988866.0
2025-09-05T19:30:00+0000,647.12,647.27,646.15,647.21,10768501.0
2025-09-08T13:30:00+0000,648.62,649.06,648.0542,648.37,7617172.0
2025-09-08T14:00:00+0000,648.375,648.9,647.75,648.77,5196658.0
2025-09-08T14:30:00+0000,648.755,649.765,648.66,649.38,3937654.0
2025-09-08T15:00:00+0000,649.37,649.81,649.14,649.8,3198001.0
2025-09-08T15:30:00+0000,649.79,649.84,648.5,649.38,3339359.0
2025-09-08T16:00:00+0000,649.38,649.4,648.38,648.63,2699010.0
2025-09-08T16:30:00+0000,648.63,648.805,647.78,648.56,2631610.0
2025-09-08T17:00:00+0000,648.56,648.76,647.99,648.48,2125019.0
2025-09-08T17:30:00+0000,648.4899,648.68,647.23,647.59,2075354.0
2025-09-08T18:00:00+0000,647.5999,648.51,647.36,648.395,3025017.0
2025-09-08T18:30:00+0000,648.39,648.58,647.91,648.235,2444447.0
2025-09-08T19:00:00+0000,648.22,648.2368,647.335,647.58,3942089.0
2025-09-08T19:30:00+0000,647.58,648.88,647.47,648.8,13041301.0
2025-09-09T13:30:00+0000,648.97,649.495,648.54,649.02,5371972.0
2025-09-09T14:00:00+0000,649.02,649.73,648.43,648.755,5589273.0
2025-09-09T14:30:00+0000,648.74,648.8051,647.22,648.325,5708718.0
2025-09-09T15:00:00+0000,648.325,648.835,647.79,648.77,3247574.0
2025-09-09T15:30:00+0000,648.76,648.825,648.04,648.265,2867782.0
2025-09-09T16:00:00+0000,648.26,649.06,648.17,648.86,2894882.0
2025-09-09T16:30:00+0000,648.855,649.21,648.765,649.04,2305127.0
2025-09-09T17:00:00+0000,649.05,649.8,649.02,649.565,3282786.0
2025-09-09T17:30:00+0000,649.565,649.98,649.48,649.795,2746908.0
2025-09-09T18:00:00+0000,649.8,649.99,649.57,649.83,2332043.0
2025-09-09T18:30:00+0000,649.84,650.1,649.615,649.86,2903102.0
2025-09-09T19:00:00+0000,649.86,650.14,649.55,650.065,2959572.0
2025-09-09T19:30:00+0000,650.065,650.86,649.695,650.33,8924555.0
2025-09-10T13:30:00+0000,653.62,653.885,652.68,653.5971,9353659.0
2025-09-10T14:00:00+0000,653.59,654.55,653.48,653.94,5780941.0
2025-09-10T14:30:00+0000,653.91,654.03,653.305,653.42,4862518.0
2025-09-10T15:00:00+0000,653.42,653.615,652.46,652.82,8451329.0
2025-09-10T15:30:00+0000,652.83,653.63,652.3401,653.305,4089621.0
2025-09-10T16:00:00+0000,653.31,653.41,652.62,652.635,2461604.0
2025-09-10T16:30:00+0000,652.64,653.03,652.16,652.94,2707040.0
2025-09-10T17:00:00+0000,652.94,653.46,652.11,652.29,2565591.0
2025-09-10T17:30:00+0000,652.29,652.72,651.94,652.345,3084188.0
2025-09-10T18:00:00+0000,652.34,652.41,651.4,651.69,3801809.0
2025-09-10T18:30:00+0000,651.69,652.13,651.39,651.995,3829086.0
2025-09-10T19:00:00+0000,651.995,652.1399,650.63,650.84,5289535.0
2025-09-10T19:30:00+0000,650.86,652.7,650.69,652.225,10906966.0
2025-09-11T13:30:00+0000,654.18,655.63,653.59,655.57,8679978.0
2025-09-11T14:00:00+0000,655.57,656.25,655.38,655.96,5204654.0
2025-09-11T14:30:00+0000,655.955,657.0,655.855,656.65,5700714.0
2025-09-11T15:00:00+0000,656.65,657.59,656.54,657.42,4266554.0
2025-09-11T15:30:00+0000,657.42,657.8,656.64,657.21,3455301.0
2025-09-11T16:00:00+0000,657.21,657.72,657.11,657.35,3959482.0
2025-09-11T16:30:00+0000,657.36,657.5358,656.855,657.16,2136054.0
2025-09-11T17:00:00+0000,657.15,657.555,656.88,657.12,2281830.0
2025-09-11T17:30:00+0000,657.115,657.57,657.01,657.55,2572205.0
2025-09-11T18:00:00+0000,657.555,657.66,657.17,657.33,4115233.0
2025-09-11T18:30:00+0000,657.33,657.735,657.16,657.535,3089963.0
2025-09-11T19:00:00+0000,657.53,657.83,657.4,657.76,4101939.0
2025-09-11T19:30:00+0000,657.75,658.33,657.465,657.61,11828782.0
2025-09-12T13:30:00+0000,657.6,658.068,657.145,657.99,7392595.0
2025-09-12T14:00:00+0000,658.01,658.2,657.32,657.97,4967884.0
2025-09-12T14:30:00+0000,657.96,658.48,657.685,658.3804,3685515.0
2025-09-12T15:00:00+0000,658.38,658.435,657.62,657.64,2972428.0
2025-09-12T15:30:00+0000,657.64,657.815,657.21,657.62,2639054.0
2025-09-12T16:00:00+0000,657.61,658.06,657.3099,658.05,2583285.0
2025-09-12T16:30:00+0000,658.05,658.2,657.65,658.07,2571512.0
2025-09-12T17:00:00+0000,658.075,658.28,657.795,658.1,2361517.0
2025-09-12T17:30:00+0000,658.1,658.4609,657.9,658.3715,2594524.0
2025-09-12T18:00:00+0000,658.375,658.565,658.23,658.505,2930220.0
2025-09-12T18:30:00+0000,658.505,659.11,658.32,658.81,4524718.0
2025-09-12T19:00:00+0000,658.81,658.945,658.07,658.17,6340614.0
2025-09-12T19:30:00+0000,658.17,658.33,656.9,657.42,17244958.0
2025-09-15T13:30:00+0000,659.64,660.68,659.475,660.65,8172265.0
2025-09-15T14:00:00+0000,660.645,660.735,659.98,660.68,4548831.0
2025-09-15T14:30:00+0000,660.66,660.995,660.33,660.95,4318994.0
2025-09-15T15:00:00+0000,660.96,661.04,660.23,660.3595,3747272.0
2025-09-15T15:30:00+0000,660.35,660.82,660.24,660.62,3050842.0
2025-09-15T16:00:00+0000,660.61,660.8901,660.44,660.602,2791578.0
2025-09-15T16:30:00+0000,660.605,660.8799,660.07,660.13,3058899.0
2025-09-15T17:00:00+0000,660.12,660.385,659.53,659.75,3422221.0
2025-09-15T17:30:00+0000,659.74,660.66,659.7,660.6099,2916162.0
2025-09-15T18:00:00+0000,660.6,660.6,659.895,659.9,3214657.0
2025-09-15T18:30:00+0000,659.9,660.105,659.34,660.0,3994200.0
2025-09-15T19:00:00+0000,659.99,660.16,659.7,660.07,3754950.0
2025-09-15T19:30:00+0000,660.07,660.91,659.76,660.85,10484746.0
2025-09-16T13:30:00+0000,661.47,661.78,660.03,660.28,8330476.0
2025-09-16T14:00:00+0000,660.27,660.518,659.63,659.945,6225156.0
2025-09-16T14:30:00+0000,659.94,660.3,659.71,659.85,3596097.0
2025-09-16T15:00:00+0000,659.86,660.115,659.39,659.63,3696361.0
2025-09-16T15:30:00+0000,659.62,659.945,659.21,659.665,3406600.0
2025-09-16T16:00:00+0000,659.665,659.96,659.53,659.905,2126434.0
2025-09-16T16:30:00+0000,659.9,660.08,659.48,659.955,2607925.0
2025-09-16T17:00:00+0000,659.96,660.44,659.905,660.26,2147601.0
2025-09-16T17:30:00+0000,660.27,660.36,659.9267,660.2,3990642.0
2025-09-16T18:00:00+0000,660.18,660.405,660.03,660.19,2407803.0
2025-09-16T18:30:00+0000,660.2,660.74,660.095,660.6,2513047.0
2025-09-16T19:00:00+0000,660.6,660.73,660.03,660.145,3236777.0
2025-09-16T19:30:00+0000,660.14,660.66,659.68,659.93,10326479.0
2025-09-17T13:30:00+0000,660.01,660.655,659.64,659.88,6739304.0
2025-09-17T14:00:00+0000,659.88,659.96,659.09,659.16,5008477.0
2025-09-17T14:30:00+0000,659.17,659.64,659.04,659.32,3430256.0
2025-09-17T15:00:00+0000,659.32,659.67,658.865,658.94,2519991.0
2025-09-17T15:30:00+0000,658.945,659.33,658.875,659.265,1957615.0
2025-09-17T16:00:00+0000,659.26,659.34,658.73,658.93,2106048.0
2025-09-17T16:30:00+0000,658.93,658.985,658.13,658.32,2709351.0
2025-09-17T17:00:00+0000,658.31,658.74,658.295,658.645,2012908.0
2025-09-17T17:30:00+0000,658.65,659.66,658.65,659.66,2573081.0
2025-09-17T18:00:00+0000,659.658,661.72,657.13,660.35,13267618.0
2025-09-17T18:30:00+0000,660.36,660.57,654.3,657.715,16053397.0
2025-09-17T19:00:00+0000,657.69,660.68,657.505,660.185,11687322.0
2025-09-17T19:30:00+0000,660.2,660.57,658.5,659.18,12747333.0
2025-09-18T13:30:00+0000,661.89,662.44,660.27,662.06,12729919.0
2025-09-18T14:00:00+0000,662.06,664.49,662.0,664.4,9426085.0
2025-09-18T14:30:00+0000,664.38,664.89,662.715,662.77,6563123.0
2025-09-18T15:00:00+0000,662.77,663.99,662.6,663.325,5262407.0
2025-09-18T15:30:00+0000,663.31,663.94,662.1751,662.5999,3697360.0
2025-09-18T16:00:00+0000,662.575,663.5599,662.31,663.46,3540179.0
2025-09-18T16:30:00+0000,663.46,664.19,663.44,664.045,3779290.0
2025-09-18T17:00:00+0000,664.04,664.23,663.265,663.32,4538180.0
2025-09-18T17:30:00+0000,663.32,663.45,662.52,662.79,3401176.0
2025-09-18T18:00:00+0000,662.79,663.275,662.59,662.775,2743265.0
2025-09-18T18:30:00+0000,662.78,663.51,662.34,663.24,4051053.0
2025-09-18T19:00:00+0000,663.24,663.44,662.68,662.71,6445860.0
2025-09-18T19:30:00+0000,662.7,663.04,661.955,662.28,14795476.0
2025-09-19T13:30:00+0000,662.33,662.7,661.32,662.15,9904272.0
2025-09-19T14:00:00+0000,662.14,662.4,661.67,661.92,4305147.0
2025-09-19T14:30:00+0000,661.9,662.21,660.96,661.59,5375295.0
2025-09-19T15:00:00+0000,661.59,661.945,660.63,660.76,14370314.0
2025-09-19T15:30:00+0000,660.74,661.615,660.37,661.6,3583934.0
2025-09-19T16:00:00+0000,661.59,662.68,661.57,662.49,3934971.0
2025-09-19T16:30:00+0000,662.48,662.76,662.13,662.53,2744238.0
2025-09-19T17:00:00+0000,662.54,662.66,662.21,662.48,2095534.0
2025-09-19T17:30:00+0000,662.48,662.89,662.455,662.69,3459538.0
2025-09-19T18:00:00+0000,662.69,662.83,662.325,662.53,3465668.0
2025-09-19T18:30:00+0000,662.52,663.11,662.42,663.09,4499651.0
2025-09-19T19:00:00+0000,663.09,664.0499,663.04,663.8,8108478.0
2025-09-19T19:30:00+0000,663.79,664.55,663.385,663.64,14890480.0
2025-09-22T13:30:00+0000,662.2,663.565,662.17,663.41,7871872.0
2025-09-22T14:00:00+0000,663.41,664.14,663.175,664.08,5100904.0
2025-09-22T14:30:00+0000,664.07,665.075,663.895,665.02,4414879.0
2025-09-22T15:00:00+0000,665.01,665.32,664.695,664.94,3715419.0
2025-09-22T15:30:00+0000,664.94,665.035,664.48,664.59,2808442.0
2025-09-22T16:00:00+0000,664.5813,665.93,664.56,665.845,6697024.0
2025-09-22T16:30:00+0000,665.845,666.5,665.79,666.41,4088383.0
2025-09-22T17:00:00+0000,666.41,666.53,666.11,666.51,2455054.0
2025-09-22T17:30:00+0000,666.505,666.78,666.27,666.355,2937260.0
2025-09-22T18:00:00+0000,666.35,666.62,666.03,666.565,4033962.0
2025-09-22T18:30:00+0000,666.57,666.82,666.46,666.78,2496590.0
2025-09-22T19:00:00+0000,666.78,667.24,666.765,667.142,3246356.0
2025-09-22T19:30:00+0000,667.14,667.29,666.71,666.76,11303155.0
2025-09-23T13:30:00+0000,666.72,667.34,666.57,666.89,7314132.0
2025-09-23T14:00:00+0000,666.9,667.245,666.36,666.62,5247067.0
2025-09-23T14:30:00+0000,666.63,666.76,666.155,666.3153,3536804.0
2025-09-23T15:00:00+0000,666.31,666.47,666.02,666.15,2677534.0
2025-09-23T15:30:00+0000,666.15,666.24,665.49,665.55,2977430.0
2025-09-23T16:00:00+0000,665.56,665.69,664.97,665.24,6104724.0
2025-09-23T16:30:00+0000,665.235,665.84,664.88,665.155,3967858.0
2025-09-23T17:00:00+0000,665.165,665.25,663.69,663.708,5028712.0
2025-09-23T17:30:00+0000,663.7001,663.85,662.035,663.23,8040642.0
2025-09-23T18:00:00+0000,663.24,663.38,662.21,662.675,4420434.0
2025-09-23T18:30:00+0000,662.65,663.3199,661.98,662.11,4133792.0
2025-09-23T19:00:00+0000,662.1,662.81,662.09,662.3699,4702254.0
2025-09-23T19:30:00+0000,662.37,663.54,662.29,663.23,12013143.0
2025-09-24T13:30:00+0000,664.51,664.61,662.42,663.04,7849331.0
2025-09-24T14:00:00+0000,663.045,663.49,662.65,663.21,5025383.0
2025-09-24T14:30:00+0000,663.19,663.655,662.7851,662.93,3610017.0
2025-09-24T15:00:00+0000,662.92,663.13,662.4,662.66,2888412.0
2025-09-24T15:30:00+0000,662.65,662.95,660.26,660.39,5332745.0
2025-09-24T16:00:00+0000,660.39,661.12,659.67,660.91,6541254.0
2025-09-24T16:30:00+0000,660.92,661.11,660.4,660.52,2713986.0
2025-09-24T17:00:00+0000,660.55,661.68,660.44,661.37,2976001.0
2025-09-24T17:30:00+0000,661.38,661.8,660.39,660.57,4088838.0
2025-09-24T18:00:00+0000,660.56,660.68,659.96,660.385,3669254.0
2025-09-24T18:30:00+0000,660.39,661.15,660.26,661.105,3266856.0
2025-09-24T19:00:00+0000,661.11,661.12,660.57,660.795,2673620.0
2025-09-24T19:30:00+0000,660.81,661.38,660.485,661.04,9085552.0
2025-09-25T13:30:00+0000,657.94,657.98,655.08,655.64,13008072.0
2025-09-25T14:00:00+0000,655.64,659.15,655.55,658.48,8942039.0
2025-09-25T14:30:00+0000,658.48,659.1,658.24,658.79,4909967.0
2025-09-25T15:00:00+0000,658.79,658.81,657.19,657.46,4904905.0
2025-09-25T15:30:00+0000,657.46,659.4056,657.46,658.945,5070537.0
2025-09-25T16:00:00+0000,658.945,659.235,657.9399,658.01,2953764.0
2025-09-25T16:30:00+0000,658.03,658.98,657.59,657.84,5936914.0
2025-09-25T17:00:00+0000,657.83,658.36,656.57,657.295,4336054.0
2025-09-25T17:30:00+0000,657.28,657.465,655.51,655.59,3542431.0
2025-09-25T18:00:00+0000,655.59,657.15,654.405,656.99,8829669.0
2025-09-25T18:30:00+0000,656.98,658.155,656.66,657.89,4774255.0
2025-09-25T19:00:00+0000,657.88,658.02,657.055,657.45,3779414.0
2025-09-25T19:30:00+0000,657.45,658.26,657.04,657.95,8707399.0
2025-09-26T13:30:00+0000,659.51,661.9,658.92,661.79,10050783.0
2025-09-26T14:00:00+0000,661.8,662.37,657.88,658.781,9186773.0
2025-09-26T14:30:00+0000,658.79,659.96,658.12,658.45,4395229.0
2025-09-26T15:00:00+0000,658.44,659.93,658.05,659.93,3156814.0
2025-09-26T15:30:00+0000,659.915,660.06,658.635,658.67,3329772.0
2025-09-26T16:00:00+0000,658.68,660.76,658.5,660.4534,3033882.0
2025-09-26T16:30:00+0000,660.4499,661.495,660.07,661.33,2981914.0
2025-09-26T17:00:00+0000,661.33,661.74,661.14,661.625,2526816.0
2025-09-26T17:30:00+0000,661.63,661.755,660.76,661.35,2744275.0
2025-09-26T18:00:00+0000,661.34,662.02,660.85,661.725,3872995.0
2025-09-26T18:30:00+0000,661.74,662.14,661.47,661.92,2790782.0
2025-09-26T19:00:00+0000,661.915,662.01,661.3,661.6,3188941.0
2025-09-26T19:30:00+0000,661.602,661.95,661.15,661.75,7834456.0
2025-09-29T13:30:00+0000,664.36,664.76,663.725,664.525,8213508.0
2025-09-29T14:00:00+0000,664.53,665.28,663.99,664.76,5588217.0
2025-09-29T14:30:00+0000,664.76,665.17,664.29,664.46,3866374.0
2025-09-29T15:00:00+0000,664.45,664.6573,663.21,663.53,4518604.0
2025-09-29T15:30:00+0000,663.54,663.655,662.84,663.31,4432452.0
2025-09-29T16:00:00+0000,663.31,663.8,662.935,663.47,4325618.0
2025-09-29T16:30:00+0000,663.48,663.7,662.85,663.04,2287178.0
2025-09-29T17:00:00+0000,663.05,663.0856,662.4,662.56,3743450.0
2025-09-29T17:30:00+0000,662.57,663.09,662.19,662.94,3422425.0
2025-09-29T18:00:00+0000,662.94,663.595,662.9,663.46,3228677.0
2025-09-29T18:30:00+0000,663.47,663.58,663.06,663.35,3621962.0
2025-09-29T19:00:00+0000,663.345,663.345,661.86,662.645,6917449.0
2025-09-29T19:30:00+0000,662.64,663.76,662.61,663.61,11799818.0
2025-09-30T13:30:00+0000,662.93,663.28,661.9693,663.08,6774142.0
2025-09-30T14:00:00+0000,663.05,663.5512,662.235,662.8571,5548358.0
2025-09-30T14:30:00+0000,662.85,663.38,661.691,663.22,4262504.0
2025-09-30T15:00:00+0000,663.22,663.63,661.61,662.225,3808266.0
2025-09-30T15:30:00+0000,662.23,663.16,661.89,663.0,3272057.0
2025-09-30T16:00:00+0000,662.99,664.0527,662.59,663.405,3688583.0
2025-09-30T16:30:00+0000,663.41,663.665,662.615,662.819,2095690.0
2025-09-30T17:00:00+0000,662.81,662.91,661.78,662.13,3055635.0
2025-09-30T17:30:00+0000,662.12,663.085,661.812,662.53,2918946.0
2025-09-30T18:00:00+0000,662.51,664.03,662.425,663.88,4671674.0
2025-09-30T18:30:00+0000,663.87,664.63,663.6,664.422,3370117.0
2025-09-30T19:00:00+0000,664.42,665.51,664.36,665.37,6511377.0
2025-09-30T19:30:00+0000,665.38,666.65,664.85,666.11,18881474.0
2025-10-01T13:30:00+0000,663.17,665.39,663.06,663.735,10996177.0
2025-10-01T14:00:00+0000,663.74,665.71,663.41,665.53,5581060.0
2025-10-01T14:30:00+0000,665.53,666.06,665.26,665.805,4697697.0
2025-10-01T15:00:00+0000,665.805,666.44,665.75,666.31,3949027.0
2025-10-01T15:30:00+0000,666.31,667.18,666.31,666.975,4228018.0
2025-10-01T16:00:00+0000,666.99,667.16,666.61,666.9,3030048.0
2025-10-01T16:30:00+0000,666.9,667.035,666.43,666.91,2620360.0
2025-10-01T17:00:00+0000,666.92,668.09,666.82,667.97,3636902.0
2025-10-01T17:30:00+0000,667.98,668.035,667.605,667.955,2594359.0
2025-10-01T18:00:00+0000,667.95,668.935,667.89,668.77,3674407.0
2025-10-01T18:30:00+0000,668.775,669.35,668.73,669.13,2930578.0
2025-10-01T19:00:00+0000,669.13,669.37,668.725,669.125,3903766.0
2025-10-01T19:30:00+0000,669.12,669.26,668.48,668.51,10329357.0
2025-10-02T13:30:00+0000,670.45,670.565,668.75,669.42,8324776.0
2025-10-02T14:00:00+0000,669.41,669.5299,668.29,668.7113,4611895.0
2025-10-02T14:30:00+0000,668.72,669.02,667.54,667.565,4063327.0
2025-10-02T15:00:00+0000,667.57,668.12,667.02,667.67,3727338.0
2025-10-02T15:30:00+0000,667.6488,668.42,666.78,668.35,2799737.0
2025-10-02T16:00:00+0000,668.35,668.35,667.61,668.1389,2121951.0
2025-10-02T16:30:00+0000,668.13,668.59,667.55,668.42,2008490.0
2025-10-02T17:00:00+0000,668.415,668.71,667.94,668.5099,2603028.0
2025-10-02T17:30:00+0000,668.51,669.08,668.3319,668.895,2648922.0
2025-10-02T18:00:00+0000,668.89,669.67,668.85,669.58,2593206.0
2025-10-02T18:30:00+0000,669.58,669.73,669.2202,669.39,2298266.0
2025-10-02T19:00:00+0000,669.38,669.63,669.22,669.475,3024521.0
2025-10-02T19:30:00+0000,669.48,669.49,668.82,669.17,10036169.0
2025-10-03T13:30:00+0000,669.99,671.57,669.93,670.8899,6190752.0
2025-10-03T14:00:00+0000,670.81,671.55,669.97,671.395,4966642.0
2025-10-03T14:30:00+0000,671.39,672.28,671.32,672.11,3977648.0
2025-10-03T15:00:00+0000,672.115,672.14,671.55,671.7713,2975911.0
2025-10-03T15:30:00+0000,671.77,672.615,671.35,672.5,3602764.0
2025-10-03T16:00:00+0000,672.5,672.675,672.22,672.46,2152992.0
2025-10-03T16:30:00+0000,672.45,672.545,672.0001,672.24,2388216.0
2025-10-03T17:00:00+0000,672.2003,672.2003,670.32,670.33,6431284.0
2025-10-03T17:30:00+0000,670.33,670.95,668.16,669.19,7937904.0
2025-10-03T18:00:00+0000,669.19,670.705,668.27,670.52,6584985.0
2025-10-03T18:30:00+0000,670.537,670.685,669.28,669.87,3735354.0
2025-10-03T19:00:00+0000,669.865,670.26,669.4,669.62,4224526.0
2025-10-03T19:30:00+0000,669.61,670.24,668.77,669.18,8317901.0
2025-10-06T13:30:00+0000,671.62,671.65,669.89,670.015,8898834.0
2025-10-06T14:00:00+0000,670.01,670.7099,669.455,670.515,5658934.0
2025-10-06T14:30:00+0000,670.515,670.855,670.145,670.7601,3249990.0
2025-10-06T15:00:00+0000,670.77,671.375,670.7101,671.15,3133346.0
2025-10-06T15:30:00+0000,671.15,671.925,671.045,671.81,2983592.0
2025-10-06T16:00:00+0000,671.8,671.885,671.2917,671.8207,2257413.0
2025-10-06T16:30:00+0000,671.83,671.845,671.36,671.72,1881349.0
2025-10-06T17:00:00+0000,671.715,672.32,671.33,672.06,2788551.0
2025-10-06T17:30:00+0000,672.08,672.35,671.79,672.27,2550511.0
2025-10-06T18:00:00+0000,672.27,672.47,672.04,672.24,2590965.0
2025-10-06T18:30:00+0000,672.2484,672.51,672.0001,672.11,2585483.0
2025-10-06T19:00:00+0000,672.1101,672.15,671.65,671.755,2564433.0
2025-10-06T19:30:00+0000,671.75,672.09,671.54,671.59,7656977.0
2025-10-07T13:30:00+0000,672.54,672.99,672.07,672.23,6723718.0
2025-10-07T14:00:00+0000,672.23,672.37,671.26,671.27,4336355.0
2025-10-07T14:30:00+0000,671.275,671.69,670.58,670.9,5183078.0
2025-10-07T15:00:00+0000,670.93,671.09,668.81,669.29,10864802.0
2025-10-07T15:30:00+0000,669.28,669.4,667.67,668.25,8956515.0
2025-10-07T16:00:00+0000,668.26,668.845,667.67,668.4,5134208.0
2025-10-07T16:30:00+0000,668.4,669.54,668.13,668.3692,3671027.0
2025-10-07T17:00:00+0000,668.365,669.39,668.18,668.99,2808335.0
2025-10-07T17:30:00+0000,668.92,669.19,668.29,668.33,2176035.0
2025-10-07T18:00:00+0000,668.34,668.92,667.81,668.625,2841815.0
2025-10-07T18:30:00+0000,668.63,669.0779,668.55,669.05,2013809.0
2025-10-07T19:00:00+0000,669.035,669.14,668.53,668.57,2637465.0
2025-10-07T19:30:00+0000,668.57,669.4,668.55,669.13,7549811.0
2025-10-08T13:30:00+0000,670.25,670.59,669.42,670.28,8066576.0
2025-10-08T14:00:00+0000,670.29,671.96,670.285,671.89,5510375.0
2025-10-08T14:30:00+0000,671.885,672.165,671.34,671.76,4487672.0
2025-10-08T15:00:00+0000,671.76,672.73,671.685,672.545,3809485.0
2025-10-08T15:30:00+0000,672.54,672.96,672.36,672.77,2899962.0
2025-10-08T16:00:00+0000,672.78,673.0985,672.55,672.64,2405327.0
2025-10-08T16:30:00+0000,672.64,672.78,672.23,672.715,1990294.0
2025-10-08T17:00:00+0000,672.71,673.03,672.44,672.895,1685715.0
2025-10-08T17:30:00+0000,672.895,673.0,672.525,672.64,2833788.0
2025-10-08T18:00:00+0000,672.64,673.14,672.47,672.8,3217219.0
2025-10-08T18:30:00+0000,672.81,672.87,672.17,672.25,2836119.0
2025-10-08T19:00:00+0000,672.24,673.01,672.15,672.895,3599126.0
2025-10-08T19:30:00+0000,672.89,673.2056,672.66,673.07,8949837.0
2025-10-09T13:30:00+0000,673.53,673.94,671.57,671.915,8427023.0
2025-10-09T14:00:00+0000,671.91,672.24,671.12,671.225,6176899.0
2025-10-09T14:30:00+0000,671.23,671.53,669.97,671.355,5908768.0
2025-10-09T15:00:00+0000,671.35,671.851,670.67,670.75,3656175.0
2025-10-09T15:30:00+0000,670.75,671.51,669.99,671.308,3673093.0
2025-10-09T16:00:00+0000,671.31,671.58,670.54,670.965,2250473.0
2025-10-09T16:30:00+0000,670.97,671.125,669.65,669.8,2652664.0
2025-10-09T17:00:00+0000,669.8,670.38,669.34,669.4688,4244563.0
2025-10-09T17:30:00+0000,669.46,670.38,669.21,670.19,2878732.0
2025-10-09T18:00:00+0000,670.185,670.33,669.33,669.82,2568027.0
2025-10-09T18:30:00+0000,669.81,670.08,669.5185,669.9,2713193.0
2025-10-09T19:00:00+0000,669.92,670.67,669.825,670.51,3555437.0
2025-10-09T19:30:00+0000,670.51,671.26,670.44,671.17,10154559.0
2025-10-10T13:30:00+0000,672.13,673.95,671.88,673.01,7660396.0
2025-10-10T14:00:00+0000,673.1,673.36,671.8,672.57,4761920.0
2025-10-10T14:30:00+0000,672.59,673.065,667.66,669.16,7285936.0
2025-10-10T15:00:00+0000,669.13,669.18,661.93,662.44,29197199.0
2025-10-10T15:30:00+0000,662.44,664.09,659.47,661.85,19162389.0
2025-10-10T16:00:00+0000,661.8107,662.66,660.22,661.57,9885901.0
2025-10-10T16:30:00+0000,661.58,662.7556,658.91,659.12,7586578.0
2025-10-10T17:00:00+0000,659.11,659.89,657.74,659.77,6795122.0
2025-10-10T17:30:00+0000,659.74,660.93,658.77,659.59,5674015.0
2025-10-10T18:00:00+0000,659.63,660.09,658.64,659.1,5145283.0
2025-10-10T18:30:00+0000,659.11,659.51,656.78,657.18,7619572.0
2025-10-10T19:00:00+0000,657.18,658.26,655.51,655.99,7631498.0
2025-10-10T19:30:00+0000,656.01,656.81,652.84,653.11,21691086.0
2025-10-13T13:30:00+0000,660.65,663.0,659.8,662.8788,13255446.0
2025-10-13T14:00:00+0000,662.87,663.23,660.111,660.85,8052086.0
2025-10-13T14:30:00+0000,660.88,662.48,659.95,660.215,5098272.0
2025-10-13T15:00:00+0000,660.21,662.85,659.7679,662.72,4945929.0
2025-10-13T15:30:00+0000,662.72,663.175,662.23,662.97,3594667.0
2025-10-13T16:00:00+0000,662.98,665.13,662.64,663.49,4747668.0
2025-10-13T16:30:00+0000,663.485,664.37,663.02,664.24,2894207.0
2025-10-13T17:00:00+0000,664.25,664.61,662.915,663.12,3928619.0
2025-10-13T17:30:00+0000,663.13,663.31,662.37,663.26,2289749.0
2025-10-13T18:00:00+0000,663.25,664.05,663.17,663.94,2657045.0
2025-10-13T18:30:00+0000,663.935,664.27,661.82,662.08,4240903.0
2025-10-13T19:00:00+0000,662.09,663.35,661.68,662.8193,4582356.0
2025-10-13T19:30:00+0000,662.8,663.65,662.63,663.05,9556244.0
2025-10-14T13:30:00+0000,657.17,657.41,653.17,656.82,12494701.0
2025-10-14T14:00:00+0000,656.8,659.91,656.49,659.79,8321989.0
2025-10-14T14:30:00+0000,659.78,660.32,659.0408,659.745,5747795.0
2025-10-14T15:00:00+0000,659.76,661.11,659.49,659.675,3841093.0
2025-10-14T15:30:00+0000,659.68,663.08,659.64,662.385,5425554.0
2025-10-14T16:00:00+0000,662.41,663.96,661.44,663.635,4451485.0
2025-10-14T16:30:00+0000,663.64,665.64,663.57,664.37,4802210.0
2025-10-14T17:00:00+0000,664.36,665.58,663.65,665.35,3203567.0
2025-10-14T17:30:00+0000,665.34,665.83,664.39,665.13,2784269.0
2025-10-14T18:00:00+0000,665.15,665.37,664.601,665.12,2776675.0
2025-10-14T18:30:00+0000,665.11,665.35,664.452,664.9,2318130.0
2025-10-14T19:00:00+0000,664.91,665.36,664.64,664.79,3070750.0
2025-10-14T19:30:00+0000,664.79,664.8,660.28,662.2,19606185.0
2025-10-15T13:30:00+0000,666.82,668.58,666.05,668.31,10579513.0
2025-10-15T14:00:00+0000,668.34,670.23,668.31,669.61,5331979.0
2025-10-15T14:30:00+0000,669.63,669.895,668.63,669.02,3087546.0
2025-10-15T15:00:00+0000,669.03,669.17,667.65,667.71,2911578.0
2025-10-15T15:30:00+0000,667.69,667.84,663.915,665.2,6087519.0
2025-10-15T16:00:00+0000,665.22,666.4582,664.91,665.59,5357216.0
2025-10-15T16:30:00+0000,665.58,665.76,663.93,664.0957,3004716.0
2025-10-15T17:00:00+0000,664.09,664.11,658.93,660.86,9870439.0
2025-10-15T17:30:00+0000,660.89,664.51,660.7,664.31,4483837.0
2025-10-15T18:00:00+0000,664.32,664.91,663.45,664.311,3058592.0
2025-10-15T18:30:00+0000,664.32,665.8365,664.19,665.725,2596904.0
2025-10-15T19:00:00+0000,665.725,665.825,664.61,665.36,3824532.0
2025-10-15T19:30:00+0000,665.37,665.46,663.25,665.08,13927032.0
2025-10-16T13:30:00+0000,666.82,668.08,666.11,666.635,8116388.0
2025-10-16T14:00:00+0000,666.635,667.57,665.42,666.93,6916397.0
2025-10-16T14:30:00+0000,666.95,668.71,666.79,667.09,5405248.0
2025-10-16T15:00:00+0000,667.09,668.04,665.47,665.815,4628095.0
2025-10-16T15:30:00+0000,665.81,666.78,663.93,664.52,7020436.0
2025-10-16T16:00:00+0000,664.51,665.15,662.29,662.47,5924318.0
2025-10-16T16:30:00+0000,662.48,663.5,659.33,663.37,11731874.0
2025-10-16T17:00:00+0000,663.37,664.26,661.34,663.502,7332797.0
2025-10-16T17:30:00+0000,663.49,664.0,661.12,661.81,4844806.0
2025-10-16T18:00:00+0000,661.81,661.9495,657.45,658.385,8667679.0
2025-10-16T18:30:00+0000,658.39,660.69,657.11,660.523,7949062.0
2025-10-16T19:00:00+0000,660.51,660.9299,657.99,658.91,6635383.0
2025-10-16T19:30:00+0000,658.92,661.25,658.14,660.65,14042746.0
2025-10-17T13:30:00+0000,659.5,662.48,658.23,660.68,13421916.0
2025-10-17T14:00:00+0000,660.67,663.715,659.66,662.31,7516869.0
2025-10-17T14:30:00+0000,662.31,662.4,659.33,659.58,5591543.0
2025-10-17T15:00:00+0000,659.56,661.68,658.51,659.42,9074323.0
2025-10-17T15:30:00+0000,659.44,662.24,658.14,661.71,5899239.0
2025-10-17T16:00:00+0000,661.7,663.36,661.63,663.11,4558059.0
2025-10-17T16:30:00+0000,663.13,663.635,661.25,662.0,3969935.0
2025-10-17T17:00:00+0000,662.02,662.13,660.55,661.19,2991320.0
2025-10-17T17:30:00+0000,661.16,663.06,660.71,662.885,3703219.0
2025-10-17T18:00:00+0000,662.87,665.04,662.87,664.63,5115945.0
2025-10-17T18:30:00+0000,664.65,665.1,664.03,664.38,4002718.0
2025-10-17T19:00:00+0000,664.39,665.755,664.365,665.13,4488925.0
2025-10-17T19:30:00+0000,665.13,665.13,664.03,664.32,10311557.0
2025-10-20T13:30:00+0000,667.32,669.455,667.27,668.74,7438708.0
2025-10-20T14:00:00+0000,668.75,670.39,668.73,670.265,4935348.0
2025-10-20T14:30:00+0000,670.26,671.46,669.81,671.2101,5106064.0
2025-10-20T15:00:00+0000,671.22,671.25,670.26,670.92,3143753.0
2025-10-20T15:30:00+0000,670.93,671.31,670.16,670.55,3549556.0
2025-10-20T16:00:00+0000,670.58,670.94,670.21,670.81,4142381.0
2025-10-20T16:30:00+0000,670.805,671.09,670.3,671.045,2075865.0
2025-10-20T17:00:00+0000,671.03,672.01,671.01,671.6099,2698264.0
2025-10-20T17:30:00+0000,671.61,672.12,671.545,671.7988,1722905.0
2025-10-20T18:00:00+0000,671.8,672.21,671.73,671.8414,2355187.0
2025-10-20T18:30:00+0000,671.85,671.92,671.175,671.66,2578151.0
2025-10-20T19:00:00+0000,671.67,672.03,671.21,671.71,2866682.0
2025-10-20T19:30:00+0000,671.72,672.1,671.2,671.27,9007771.0
2025-10-21T13:30:00+0000,671.44,671.78,670.15,670.57,6088810.0
2025-10-21T14:00:00+0000,670.56,671.9,669.981,670.6,4915183.0
2025-10-21T14:30:00+0000,670.59,672.64,670.26,672.57,4151585.0
2025-10-21T15:00:00+0000,672.58,672.7313,671.535,671.9,5311925.0
2025-10-21T15:30:00+0000,671.9,672.515,671.4,672.28,3100617.0
2025-10-21T16:00:00+0000,672.27,672.69,672.14,672.63,2665473.0
2025-10-21T16:30:00+0000,672.65,672.99,671.355,671.49,4111377.0
2025-10-21T17:00:00+0000,671.51,672.16,670.76,671.61,3592331.0
2025-10-21T17:30:00+0000,671.625,672.31,671.25,672.205,1972332.0
2025-10-21T18:00:00+0000,672.21,672.52,671.78,672.28,2513111.0
2025-10-21T18:30:00+0000,672.28,672.43,671.795,671.95,2049196.0
2025-10-21T19:00:00+0000,671.94,672.27,671.69,671.905,2815771.0
2025-10-21T19:30:00+0000,671.9,672.4,671.16,671.27,6703825.0
2025-10-22T13:30:00+0000,672.0,672.0,670.45,671.27,5092614.0
2025-10-22T14:00:00+0000,671.25,671.61,669.32,669.43,4450806.0
2025-10-22T14:30:00+0000,669.45,670.13,668.09,670.07,6646626.0
2025-10-22T15:00:00+0000,670.07,670.41,667.6,667.85,4661613.0
2025-10-22T15:30:00+0000,667.86,669.765,667.39,669.01,3924315.0
2025-10-22T16:00:00+0000,669.0,669.2,667.15,667.62,2732605.0
2025-10-22T16:30:00+0000,667.59,668.22,664.01,667.35,11184310.0
2025-10-22T17:00:00+0000,667.3,667.65,664.73,665.42,3921563.0
2025-10-22T17:30:00+0000,665.41,665.86,663.3,664.74,5467388.0
2025-10-22T18:00:00+0000,664.75,666.2,663.76,665.66,4369893.0
2025-10-22T18:30:00+0000,665.65,666.56,665.05,666.49,3289623.0
2025-10-22T19:00:00+0000,666.46,667.64,665.54,667.43,6982011.0
2025-10-22T19:30:00+0000,667.4201,668.36,667.29,667.79,10574422.0
2025-10-23T13:30:00+0000,668.12,670.74,667.8,669.96,7106540.0
2025-10-23T14:00:00+0000,670.0,670.37,668.12,669.4,5169050.0
2025-10-23T14:30:00+0000,669.4,670.39,668.99,670.205,3554168.0
2025-10-23T15:00:00+0000,670.21,670.3099,669.0913,670.04,2622810.0
2025-10-23T15:30:00+0000,670.03,670.72,668.73,670.25,2943188.0
2025-10-23T16:00:00+0000,670.26,671.08,670.14,670.54,2542646.0
2025-10-23T16:30:00+0000,670.54,671.53,670.5023,671.435,2725801.0
2025-10-23T17:00:00+0000,671.43,671.65,670.4,671.01,3451006.0
2025-10-23T17:30:00+0000,671.015,672.4601,670.9903,672.355,3730984.0
2025-10-23T18:00:00+0000,672.37,672.55,671.72,672.49,2948700.0
2025-10-23T18:30:00+0000,672.485,672.7101,672.29,672.5401,2070219.0
2025-10-23T19:00:00+0000,672.55,672.7001,672.27,672.451,5488411.0
2025-10-23T19:30:00+0000,672.45,672.45,671.3,671.63,11983988.0
2025-10-24T13:30:00+0000,676.46,677.79,675.65,677.29,8257229.0
2025-10-24T14:00:00+0000,677.36,677.94,676.7406,676.78,4610279.0
2025-10-24T14:30:00+0000,676.76,677.65,675.91,676.69,4037009.0
2025-10-24T15:00:00+0000,676.68,678.38,676.475,678.15,5086058.0
2025-10-24T15:30:00+0000,678.19,678.42,677.47,677.945,3185102.0
2025-10-24T16:00:00+0000,677.92,678.46,677.83,677.885,3131505.0
2025-10-24T16:30:00+0000,677.89,678.2452,677.21,677.9501,2613602.0
2025-10-24T17:00:00+0000,677.94,678.23,677.63,678.06,1755052.0
2025-10-24T17:30:00+0000,678.052,678.43,677.95,678.0701,2065038.0
2025-10-24T18:00:00+0000,678.07,678.34,677.87,678.17,1784067.0
2025-10-24T18:30:00+0000,678.16,678.33,677.75,678.1844,2121759.0
2025-10-24T19:00:00+0000,678.19,678.47,678.05,678.242,3019770.0
2025-10-24T19:30:00+0000,678.24,678.27,676.765,677.11,15006269.0
2025-10-27T13:30:00+0000,682.73,683.23,682.115,683.08,7494258.0
2025-10-27T14:00:00+0000,683.09,683.61,682.4,683.03,5452474.0
2025-10-27T14:30:00+0000,683.03,683.36,682.57,682.69,3325668.0
2025-10-27T15:00:00+0000,682.69,683.37,682.55,683.36,2979905.0
2025-10-27T15:30:00+0000,683.36,683.6,683.2,683.42,2645996.0
2025-10-27T16:00:00+0000,683.4124,683.78,683.375,683.5,2476355.0
2025-10-27T16:30:00+0000,683.51,683.88,683.5058,683.74,1981990.0
2025-10-27T17:00:00+0000,683.75,683.79,683.17,683.4399,2532795.0
2025-10-27T17:30:00+0000,683.44,683.99,683.315,683.94,3000833.0
2025-10-27T18:00:00+0000,683.93,683.965,683.76,683.85,2051417.0
2025-10-27T18:30:00+0000,683.855,684.25,683.855,684.145,2953516.0
2025-10-27T19:00:00+0000,684.15,684.3,684.0,684.23,3178318.0
2025-10-27T19:30:00+0000,684.23,685.54,684.185,685.18,13326520.0
2025-10-28T13:30:00+0000,687.05,687.225,685.12,685.6201,7680572.0
2025-10-28T14:00:00+0000,685.71,686.1582,685.5,686.13,3152481.0
2025-10-28T14:30:00+0000,686.12,686.37,685.59,685.85,3423206.0
2025-10-28T15:00:00+0000,685.86,686.21,685.37,685.53,3129148.0
2025-10-28T15:30:00+0000,685.52,685.61,684.83,685.58,2707441.0
2025-10-28T16:00:00+0000,685.58,686.2245,685.58,686.182,2088169.0
2025-10-28T16:30:00+0000,686.18,688.32,686.06,686.9,4645819.0
2025-10-28T17:00:00+0000,686.88,687.37,686.86,687.01,2303296.0
2025-10-28T17:30:00+0000,687.02,687.71,686.875,687.6017,2563449.0
2025-10-28T18:00:00+0000,687.61,688.4,687.54,688.051,2948390.0
2025-10-28T18:30:00+0000,688.055,688.19,687.78,688.155,2412868.0
2025-10-28T19:00:00+0000,688.148,688.905,687.82,688.69,5033658.0
2025-10-28T19:30:00+0000,688.7,688.71,686.905,686.98,11453070.0
2025-10-29T13:30:00+0000,688.72,689.69,688.15,689.57,7983457.0
2025-10-29T14:00:00+0000,689.59,689.7,688.45,688.98,4954634.0
2025-10-29T14:30:00+0000,688.98,689.1101,687.81,688.35,5407943.0
2025-10-29T15:00:00+0000,688.36,688.8196,688.05,688.31,5757575.0
2025-10-29T15:30:00+0000,688.32,688.38,687.84,688.05,4855693.0
2025-10-29T16:00:00+0000,688.04,688.53,687.59,688.47,2344513.0
2025-10-29T16:30:00+0000,688.47,688.78,688.3051,688.55,1773398.0
2025-10-29T17:00:00+0000,688.55,688.81,687.74,687.93,1852645.0
2025-10-29T17:30:00+0000,687.89,688.54,687.62,688.1699,2258787.0
2025-10-29T18:00:00+0000,688.11,688.94,687.33,688.0,4493412.0
2025-10-29T18:30:00+0000,688.0,688.72,682.87,686.04,15935681.0
2025-10-29T19:00:00+0000,686.06,686.83,684.47,685.43,7519030.0
2025-10-29T19:30:00+0000,685.39,687.36,684.05,687.3,11501775.0
2025-10-30T13:30:00+0000,683.9,685.64,681.39,685.005,10927380.0
2025-10-30T14:00:00+0000,685.005,685.94,683.25,683.47,6321855.0
2025-10-30T14:30:00+0000,683.46,685.72,683.41,684.41,4107586.0
2025-10-30T15:00:00+0000,684.41,685.53,684.4,684.8,2705484.0
2025-10-30T15:30:00+0000,684.8,684.91,683.01,683.38,3719028.0
2025-10-30T16:00:00+0000,683.4,685.15,683.22,684.93,2542788.0
2025-10-30T16:30:00+0000,684.95,684.95,683.58,684.44,2518278.0
2025-10-30T17:00:00+0000,684.42,684.61,683.07,684.4,2517147.0
2025-10-30T17:30:00+0000,684.4,684.64,683.6,684.3984,2261263.0
2025-10-30T18:00:00+0000,684.395,684.395,682.54,682.94,3892349.0
2025-10-30T18:30:00+0000,682.93,683.49,682.165,682.37,3565373.0
2025-10-30T19:00:00+0000,682.36,682.43,680.34,681.28,5672149.0
2025-10-30T19:30:00+0000,681.29,681.985,679.86,679.95,13521073.0
2025-10-31T13:30:00+0000,685.04,685.08,682.865,683.47,7697760.0
2025-10-31T14:00:00+0000,683.46,683.64,682.21,683.25,4919250.0
2025-10-31T14:30:00+0000,683.24,684.75,683.09,684.47,3624878.0
2025-10-31T15:00:00+0000,684.45,684.745,683.61,683.74,3124106.0
2025-10-31T15:30:00+0000,683.75,684.18,682.1,682.19,5254983.0
2025-10-31T16:00:00+0000,682.19,682.37,680.51,681.77,6152592.0
2025-10-31T16:30:00+0000,681.76,682.45,680.13,680.38,3309703.0
2025-10-31T17:00:00+0000,680.37,680.8,679.24,679.79,4631010.0
2025-10-31T17:30:00+0000,679.8,681.49,679.43,680.87,3324302.0
2025-10-31T18:00:00+0000,680.86,682.44,680.81,682.31,3920769.0
2025-10-31T18:30:00+0000,682.32,682.75,681.73,682.615,3568670.0
2025-10-31T19:00:00+0000,682.62,684.28,682.29,684.11,4661020.0
2025-10-31T19:30:00+0000,684.09,684.8,681.93,681.99,19191545.0
2025-11-03T14:30:00+0000,685.67,685.8,682.175,682.53,8118870.0
2025-11-03T15:00:00+0000,682.55,683.01,680.24,680.46,5472555.0
2025-11-03T15:30:00+0000,680.45,682.8,679.94,682.375,4373835.0
2025-11-03T16:00:00+0000,682.37,682.9,681.825,682.0501,2360438.0
2025-11-03T16:30:00+0000,682.06,683.61,681.95,683.41,2563755.0
2025-11-03T17:00:00+0000,683.41,683.9,682.4299,682.748,2399059.0
2025-11-03T17:30:00+0000,682.75,683.975,682.73,683.83,1803513.0
2025-11-03T18:00:00+0000,683.85,684.21,683.5305,683.63,1652496.0
2025-11-03T18:30:00+0000,683.64,684.23,683.4,683.59,1511852.0
2025-11-03T19:00:00+0000,683.59,683.88,683.08,683.26,2490437.0
2025-11-03T19:30:00+0000,683.25,683.64,682.58,683.4,2647859.0
2025-11-03T20:00:00+0000,683.4,683.655,683.03,683.13,3774361.0
2025-11-03T20:30:00+0000,683.14,683.38,682.45,683.35,9788832.0
2025-11-04T14:30:00+0000,676.11,678.815,674.67,678.6817,10483194.0
2025-11-04T15:00:00+0000,678.71,679.645,678.31,679.32,4714922.0
2025-11-04T15:30:00+0000,679.32,679.96,677.63,678.18,3729937.0
2025-11-04T16:00:00+0000,678.18,678.82,677.56,678.2,3410969.0
2025-11-04T16:30:00+0000,678.21,678.63,677.44,678.19,3070930.0
2025-11-04T17:00:00+0000,678.19,678.205,675.68,676.93,4290810.0
2025-11-04T17:30:00+0000,676.93,677.25,675.725,676.01,3157768.0
2025-11-04T18:00:00+0000,675.98,676.1256,674.98,675.25,2860987.0
2025-11-04T18:30:00+0000,675.25,676.42,674.71,676.15,4049768.0
2025-11-04T19:00:00+0000,676.11,676.68,675.66,676.295,4077256.0
2025-11-04T19:30:00+0000,676.29,676.375,674.58,675.17,3904786.0
2025-11-04T20:00:00+0000,675.19,676.23,675.02,675.96,5360582.0
2025-11-04T20:30:00+0000,675.97,676.535,674.615,675.35,14041936.0
2025-11-05T14:30:00+0000,674.98,677.6,674.17,677.28,7550390.0
2025-11-05T15:00:00+0000,677.1,678.09,675.4,677.44,7625539.0
2025-11-05T15:30:00+0000,677.435,678.2782,676.95,677.87,4254229.0
2025-11-05T16:00:00+0000,677.88,678.3985,676.76,678.29,3499995.0
2025-11-05T16:30:00+0000,678.27,679.75,678.085,679.38,3849481.0
2025-11-05T17:00:00+0000,679.37,680.1,679.03,680.0459,2625645.0
2025-11-05T17:30:00+0000,680.05,680.8599,679.94,680.22,3521955.0
2025-11-05T18:00:00+0000,680.21,680.7085,680.0199,680.41,2557974.0
2025-11-05T18:30:00+0000,680.4,680.86,680.23,680.658,1834534.0
2025-11-05T19:00:00+0000,680.64,680.64,679.74,680.21,3135372.0
2025-11-05T19:30:00+0000,680.21,680.52,680.1,680.23,2793955.0
2025-11-05T20:00:00+0000,680.23,680.52,679.67,679.76,3351901.0
2025-11-05T20:30:00+0000,679.76,679.865,677.4,677.51,14007992.0
2025-11-06T14:30:00+0000,676.47,677.38,674.09,674.1404,6955796.0
2025-11-06T15:00:00+0000,674.13,675.37,672.52,674.5399,8257349.0
2025-11-06T15:30:00+0000,674.54,674.67,670.76,670.95,8187408.0
2025-11-06T16:00:00+0000,670.93,672.02,670.22,671.41,4831183.0
2025-11-06T16:30:00+0000,671.41,671.41,669.01,669.24,4525710.0
2025-11-06T17:00:00+0000,669.24,671.13,668.72,669.585,4347880.0
2025-11-06T17:30:00+0000,669.58,671.58,669.28,671.13,3715868.0
2025-11-06T18:00:00+0000,671.1,671.44,669.13,670.96,3923869.0
2025-11-06T18:30:00+0000,670.94,672.21,670.91,671.5,3277515.0
2025-11-06T19:00:00+0000,671.51,673.525,671.28,673.4,3642593.0
2025-11-06T19:30:00+0000,673.39,673.7,672.03,672.99,4158883.0
2025-11-06T20:00:00+0000,672.98,673.35,672.24,672.32,3504958.0
2025-11-06T20:30:00+0000,672.31,672.72,669.53,670.26,14660928.0
2025-11-07T14:30:00+0000,667.91,667.98,664.35,666.25,12125555.0
2025-11-07T15:00:00+0000,666.16,667.22,663.97,665.93,7443329.0
2025-11-07T15:30:00+0000,665.915,666.31,663.29,663.33,7271098.0
2025-11-07T16:00:00+0000,663.32,664.03,662.25,662.825,7277816.0
2025-11-07T16:30:00+0000,662.82,663.37,661.33,661.975,5485101.0
2025-11-07T17:00:00+0000,661.97,664.275,661.205,663.575,5195670.0
2025-11-07T17:30:00+0000,663.52,664.05,662.01,663.94,4105493.0
2025-11-07T18:00:00+0000,663.94,665.575,663.58,665.31,3624922.0
2025-11-07T18:30:00+0000,665.3,666.09,664.22,665.615,3949495.0
2025-11-07T19:00:00+0000,665.61,666.68,665.2,666.45,4734401.0
2025-11-07T19:30:00+0000,666.48,669.98,666.48,669.9,9088834.0
2025-11-07T20:00:00+0000,669.89,670.03,667.92,668.665,7262024.0
2025-11-07T20:30:00+0000,668.66,671.08,668.66,670.93,11414203.0
2025-11-10T14:30:00+0000,677.235,679.2,677.03,678.545,10888262.0
2025-11-10T15:00:00+0000,678.54,679.22,678.16,678.86,4693857.0
2025-11-10T15:30:00+0000,678.87,678.99,676.15,676.24,5177227.0
2025-11-10T16:00:00+0000,676.25,676.82,675.24,675.555,5221986.0
2025-11-10T16:30:00+0000,675.55,676.67,675.03,676.63,3250970.0
2025-11-10T17:00:00+0000,676.62,677.85,676.45,677.465,3336165.0
2025-11-10T17:30:00+0000,677.465,679.75,677.465,679.42,3567858.0
2025-11-10T18:00:00+0000,679.42,680.05,679.34,679.475,3243905.0
2025-11-10T18:30:00+0000,679.5,680.54,679.495,679.875,2606854.0
2025-11-10T19:00:00+0000,679.88,680.9555,679.84,680.7815,2722586.0
2025-11-10T19:30:00+0000,680.78,681.67,680.54,681.3,3746297.0
2025-11-10T20:00:00+0000,681.29,682.08,681.15,681.31,4732528.0
2025-11-10T20:30:00+0000,681.3,682.18,681.03,681.33,11363639.0
2025-11-11T14:30:00+0000,679.95,680.845,679.42,680.7,5236269.0
2025-11-11T15:00:00+0000,680.68,680.69,678.82,679.455,3821782.0
2025-11-11T15:30:00+0000,679.45,679.6899,678.73,679.14,2858028.0
2025-11-11T16:00:00+0000,679.14,680.74,679.05,679.32,3051601.0
2025-11-11T16:30:00+0000,679.36,680.26,678.76,679.76,2371146.0
2025-11-11T17:00:00+0000,679.74,681.39,679.69,681.0306,2771972.0
2025-11-11T17:30:00+0000,681.05,682.25,680.95,682.085,2314076.0
2025-11-11T18:00:00+0000,682.07,683.24,682.03,682.91,3236818.0
2025-11-11T18:30:00+0000,682.91,683.31,682.16,683.205,3115562.0
2025-11-11T19:00:00+0000,683.2,683.32,682.45,683.13,2899819.0
2025-11-11T19:30:00+0000,683.14,683.42,682.71,683.14,3277019.0
2025-11-11T20:00:00+0000,683.15,683.55,682.78,682.9,5009041.0
2025-11-11T20:30:00+0000,682.9,683.57,682.29,682.9,10424139.0
2025-11-12T14:30:00+0000,684.79,684.96,683.12,683.735,7122335.0
2025-11-12T15:00:00+0000,683.73,684.27,682.81,683.195,4241028.0
2025-11-12T15:30:00+0000,683.2,683.2599,681.7955,682.35,3783522.0
2025-11-12T16:00:00+0000,682.33,682.52,681.14,682.41,3348216.0
2025-11-12T16:30:00+0000,682.4,683.01,680.945,681.76,3260769.0
2025-11-12T17:00:00+0000,681.76,682.8,681.54,682.47,3333518.0
2025-11-12T17:30:00+0000,682.47,683.85,682.38,683.63,2878128.0
2025-11-12T18:00:00+0000,683.64,683.93,683.05,683.495,2436087.0
2025-11-12T18:30:00+0000,683.5,684.1499,683.26,683.63,2267702.0
2025-11-12T19:00:00+0000,683.64,683.8,682.48,682.73,2959653.0
2025-11-12T19:30:00+0000,682.74,683.255,682.24,682.81,3373694.0
2025-11-12T20:00:00+0000,682.8,683.4099,682.092,683.34,4062810.0
2025-11-12T20:30:00+0000,683.34,684.07,682.6616,683.33,10899728.0
2025-11-13T14:30:00+0000,680.5,680.71,677.53,678.8,8199903.0
2025-11-13T15:00:00+0000,678.78,680.86,677.97,678.94,5665496.0
2025-11-13T15:30:00+0000,678.95,679.03,675.34,676.48,7662638.0
2025-11-13T16:00:00+0000,676.48,676.81,674.96,675.73,5407321.0
2025-11-13T16:30:00+0000,675.72,676.62,674.22,675.19,4790312.0
2025-11-13T17:00:00+0000,675.195,676.17,674.33,675.92,5619606.0
2025-11-13T17:30:00+0000,675.9,676.5,673.97,674.15,4032101.0
2025-11-13T18:00:00+0000,674.16,674.76,672.595,672.83,5143720.0
2025-11-13T18:30:00+0000,672.82,672.895,671.52,672.69,6434040.0
2025-11-13T19:00:00+0000,672.68,673.55,671.58,673.54,5596454.0
2025-11-13T19:30:00+0000,673.51,673.63,670.52,671.69,6155164.0
2025-11-13T20:00:00+0000,671.68,672.06,670.53,671.63,6734410.0
2025-11-13T20:30:00+0000,671.62,673.02,670.76,672.06,15287773.0
2025-11-14T14:30:00+0000,665.38,668.845,663.265,668.69,14798321.0
2025-11-14T15:00:00+0000,668.68,669.96,666.92,669.79,8140369.0
2025-11-14T15:30:00+0000,669.78,672.82,669.16,672.24,10094190.0
2025-11-14T16:00:00+0000,672.25,674.87,670.89,674.395,6598413.0
2025-11-14T16:30:00+0000,674.4,675.02,672.76,674.74,4579832.0
2025-11-14T17:00:00+0000,674.715,675.64,674.205,675.05,3526820.0
2025-11-14T17:30:00+0000,675.055,675.66,673.13,674.045,4738692.0
2025-11-14T18:00:00+0000,674.05,674.36,672.14,673.13,5006398.0
2025-11-14T18:30:00+0000,673.11,673.78,671.49,673.25,5093361.0
2025-11-14T19:00:00+0000,673.25,674.44,672.27,674.0199,4569784.0
2025-11-14T19:30:00+0000,674.02,674.9,673.62,674.65,4237976.0
2025-11-14T20:00:00+0000,674.64,675.12,672.21,672.645,5093431.0
2025-11-14T20:30:00+0000,672.64,673.11,671.17,671.95,10575752.0
2025-11-17T14:30:00+0000,669.7,673.71,668.92,672.76,7968896.0
2025-11-17T15:00:00+0000,672.76,673.15,670.47,672.06,5238169.0
2025-11-17T15:30:00+0000,672.04,672.37,670.14,670.705,5411890.0
2025-11-17T16:00:00+0000,670.71,670.98,667.77,670.475,6445388.0
2025-11-17T16:30:00+0000,670.48,672.98,670.372,672.95,4314415.0
2025-11-17T17:00:00+0000,672.94,673.0,671.705,672.3101,2414935.0
2025-11-17T17:30:00+0000,672.33,672.59,669.15,669.22,3602429.0
2025-11-17T18:00:00+0000,669.24,669.48,668.22,668.71,3521431.0
2025-11-17T18:30:00+0000,668.7,669.91,666.5,666.56,4182895.0
2025-11-17T19:00:00+0000,666.57,666.9,664.97,665.8395,6417953.0
2025-11-17T19:30:00+0000,665.83,666.1415,662.73,662.79,6951924.0
2025-11-17T20:00:00+0000,662.77,664.05,662.17,663.76,8194229.0
2025-11-17T20:30:00+0000,663.77,665.78,663.095,665.69,14490991.0
2025-11-18T14:30:00+0000,662.095,664.26,658.61,658.65,16073496.0
2025-11-18T15:00:00+0000,658.64,660.31,656.8,659.085,12033367.0
2025-11-18T15:30:00+0000,659.08,660.2,657.12,657.22,9651795.0
2025-11-18T16:00:00+0000,657.23,661.87,655.86,661.575,8292298.0
2025-11-18T16:30:00+0000,661.56,662.37,660.72,661.17,5801120.0
2025-11-18T17:00:00+0000,661.14,661.86,658.56,658.62,4437953.0
2025-11-18T17:30:00+0000,658.61,664.375,657.91,663.67,6357449.0
2025-11-18T18:00:00+0000,663.72,664.46,663.1,663.33,5526113.0
2025-11-18T18:30:00+0000,663.35,665.12,662.7,663.01,5073688.0
2025-11-18T19:00:00+0000,663.05,664.25,662.57,662.93,4105044.0
2025-11-18T19:30:00+0000,662.93,664.96,662.434,664.42,5213461.0
2025-11-18T20:00:00+0000,664.43,664.94,661.5,662.42,6080017.0
2025-11-18T20:30:00+0000,662.42,662.78,660.0,660.14,16397240.0
2025-11-19T14:30:00+0000,660.78,665.84,660.11,665.67,9722722.0
2025-11-19T15:00:00+0000,665.67,667.34,665.42,666.25,8014869.0
2025-11-19T15:30:00+0000,666.27,666.5545,662.6,662.97,5940707.0
2025-11-19T16:00:00+0000,662.9603,663.53,661.28,662.01,6803163.0
2025-11-19T16:30:00+0000,662.02,662.5897,660.78,662.515,4949260.0
2025-11-19T17:00:00+0000,662.5,662.98,660.23,661.17,4682758.0
2025-11-19T17:30:00+0000,661.18,661.93,658.745,661.36,6386404.0
2025-11-19T18:00:00+0000,661.34,662.62,660.94,661.0201,4750203.0
2025-11-19T18:30:00+0000,661.01,663.33,660.76,662.5292,4878634.0
2025-11-19T19:00:00+0000,662.55,662.79,659.48,659.8,4867467.0
2025-11-19T19:30:00+0000,659.79,662.01,659.33,661.25,4564656.0
2025-11-19T20:00:00+0000,661.25,664.4,661.0,663.5,5987779.0
2025-11-19T20:30:00+0000,663.5,664.76,661.74,662.65,10568782.0
2025-11-20T14:30:00+0000,672.91,675.02,672.47,674.91,12557047.0
2025-11-20T15:00:00+0000,674.92,675.41,672.79,674.83,7622704.0
2025-11-20T15:30:00+0000,674.83,675.56,672.74,672.76,6109495.0
2025-11-20T16:00:00+0000,672.78,672.82,667.42,667.9,12343264.0
2025-11-20T16:30:00+0000,667.89,668.17,659.39,660.2,16891150.0
2025-11-20T17:00:00+0000,660.19,662.38,656.6,658.57,18467841.0
2025-11-20T17:30:00+0000,658.55,659.54,655.45,657.26,12251006.0
2025-11-20T18:00:00+0000,657.29,661.97,656.72,659.58,10785989.0
2025-11-20T18:30:00+0000,659.55,660.0,654.12,655.06,8015063.0
2025-11-20T19:00:00+0000,655.04,657.54,653.86,657.01,7950967.0
2025-11-20T19:30:00+0000,656.98,658.25,655.21,658.11,8016727.0
2025-11-20T20:00:00+0000,658.12,658.13,655.35,656.2,8760773.0
2025-11-20T20:30:00+0000,656.2,656.56,651.89,652.53,19340979.0
2025-11-21T14:30:00+0000,655.05,656.47,653.13,654.52,12623375.0
2025-11-21T15:00:00+0000,654.57,655.94,652.34,653.08,10458030.0
2025-11-21T15:30:00+0000,653.09,654.39,650.85,652.77,9684451.0
2025-11-21T16:00:00+0000,652.72,655.97,651.08,655.93,6185320.0
2025-11-21T16:30:00+0000,655.92,660.695,655.22,660.64,10632494.0
2025-11-21T17:00:00+0000,660.63,661.19,659.36,660.38,6957538.0
2025-11-21T17:30:00+0000,660.3825,661.5118,659.71,660.16,4619910.0
2025-11-21T18:00:00+0000,660.21,660.46,656.88,658.36,5899492.0
2025-11-21T18:30:00+0000,658.35,664.09,658.0,662.25,7638332.0
2025-11-21T19:00:00+0000,662.2352,664.55,662.11,664.23,5858871.0
2025-11-21T19:30:00+0000,664.21,664.52,660.95,661.75,6482434.0
2025-11-21T20:00:00+0000,661.73,662.2,659.62,659.63,6587042.0
2025-11-21T20:30:00+0000,659.6,661.25,658.23,659.06,15595512.0
2025-11-24T14:30:00+0000,662.69,665.53,661.59,664.04,8876403.0
2025-11-24T15:00:00+0000,664.04,665.78,663.47,665.51,6376936.0
2025-11-24T15:30:00+0000,665.49,667.2,664.95,666.53,5315083.0
2025-11-24T16:00:00+0000,666.54,668.39,666.53,667.97,4237187.0
2025-11-24T16:30:00+0000,667.96,668.4897,667.2,667.465,2921571.0
2025-11-24T17:00:00+0000,667.47,668.3599,666.9,668.1856,2855246.0
2025-11-24T17:30:00+0000,668.18,669.38,667.94,669.08,3021832.0
2025-11-24T18:00:00+0000,669.07,669.75,669.07,669.19,2555514.0
2025-11-24T18:30:00+0000,669.18,669.51,668.78,669.235,2090567.0
2025-11-24T19:00:00+0000,669.24,669.81,668.69,668.8999,2696616.0
2025-11-24T19:30:00+0000,668.9,669.0,667.87,668.3,4130099.0
2025-11-24T20:00:00+0000,668.3,669.49,668.19,668.94,3639601.0
2025-11-24T20:30:00+0000,668.93,670.06,668.61,668.8,14162855.0
2025-11-25T14:30:00+0000,668.63,669.98,664.48,668.87,10932358.0
2025-11-25T15:00:00+0000,668.86,668.9,665.92,668.58,7457766.0
2025-11-25T15:30:00+0000,668.54,671.07,668.44,669.805,5846259.0
2025-11-25T16:00:00+0000,669.8,671.0,668.86,670.42,4471107.0
2025-11-25T16:30:00+0000,670.41,671.94,670.22,671.72,3742621.0
2025-11-25T17:00:00+0000,671.72,673.88,671.69,673.32,4859607.0
2025-11-25T17:30:00+0000,673.31,674.375,673.15,673.3099,4730076.0
2025-11-25T18:00:00+0000,673.31,674.035,673.22,674.025,3518542.0
2025-11-25T18:30:00+0000,674.03,674.4,673.57,673.87,2665885.0
2025-11-25T19:00:00+0000,673.87,673.995,672.7,673.32,3622418.0
2025-11-25T19:30:00+0000,673.32,674.11,672.44,673.94,3660679.0
2025-11-25T20:00:00+0000,673.94,674.79,673.92,674.5,4774679.0
2025-11-25T20:30:00+0000,674.51,676.21,674.455,675.01,10722388.0
2025-11-26T14:30:00+0000,677.63,679.48,677.11,677.31,8302064.0
2025-11-26T15:00:00+0000,677.3,678.55,676.72,678.13,5154761.0
2025-11-26T15:30:00+0000,678.15,679.62,678.0606,679.56,3879243.0
2025-11-26T16:00:00+0000,679.56,680.87,679.48,680.53,3861117.0
2025-11-26T16:30:00+0000,680.53,681.69,680.29,681.3599,4223161.0
2025-11-26T17:00:00+0000,681.355,681.56,680.43,680.94,2748784.0
2025-11-26T17:30:00+0000,680.94,681.7,680.87,681.11,2544411.0
2025-11-26T18:00:00+0000,681.12,681.56,679.75,681.11,3989814.0
2025-11-26T18:30:00+0000,681.115,681.14,679.59,680.4,2986270.0
2025-11-26T19:00:00+0000,680.4,681.29,680.13,681.24,4193191.0
2025-11-26T19:30:00+0000,681.25,681.42,680.49,680.86,3439298.0
2025-11-26T20:00:00+0000,680.87,681.59,680.59,681.2,5453453.0
2025-11-26T20:30:00+0000,681.2,681.4,679.62,679.63,12247788.0
2025-11-28T14:30:00+0000,680.86,681.85,680.5,681.24,4856791.0
2025-11-28T15:00:00+0000,681.25,682.32,681.03,681.69,4028148.0
2025-11-28T15:30:00+0000,681.69,682.63,681.61,682.4601,3827950.0
2025-11-28T16:00:00+0000,682.46,682.94,681.65,682.15,4534537.0
2025-11-28T16:30:00+0000,682.16,682.91,681.8,682.755,5475987.0
2025-11-28T17:00:00+0000,682.755,683.0,682.25,682.315,4138435.0
2025-11-28T17:30:00+0000,682.315,683.665,681.88,683.39,9992479.0
2025-11-28T18:00:00+0000,683.4,683.47,683.39,683.39,2357259.0
2025-12-01T14:30:00+0000,678.81,681.86,678.74,681.45,6954818.0
2025-12-01T15:00:00+0000,681.455,681.79,679.59,679.83,5681795.0
2025-12-01T15:30:00+0000,679.84,681.83,678.84,681.64,3885492.0
2025-12-01T16:00:00+0000,681.65,681.7999,680.12,681.0799,2142643.0
2025-12-01T16:30:00+0000,681.08,682.44,681.07,681.925,2175816.0
2025-12-01T17:00:00+0000,681.96,682.51,681.295,682.01,1793537.0
2025-12-01T17:30:00+0000,682.0,682.79,681.73,682.03,1572277.0
2025-12-01T18:00:00+0000,682.04,682.79,681.975,682.48,1586472.0
2025-12-01T18:30:00+0000,682.5,682.99,682.49,682.8205,1797547.0
2025-12-01T19:00:00+0000,682.82,682.8493,680.48,680.6,4205580.0
2025-12-01T19:30:00+0000,680.605,681.095,679.82,680.22,3616757.0
2025-12-01T20:00:00+0000,680.2,681.015,680.03,680.73,2830511.0
2025-12-01T20:30:00+0000,680.72,681.07,679.375,680.27,15182276.0
2025-12-02T14:30:00+0000,681.92,682.96,681.49,682.33,5344734.0
2025-12-02T15:00:00+0000,682.33,683.28,681.42,681.58,4208433.0
2025-12-02T15:30:00+0000,681.59,683.68,680.85,683.51,4809676.0
2025-12-02T16:00:00+0000,683.51,683.82,679.67,680.01,6020753.0
2025-12-02T16:30:00+0000,679.97,681.27,679.3275,680.56,3883769.0
2025-12-02T17:00:00+0000,680.58,682.65,680.48,682.44,2654459.0
2025-12-02T17:30:00+0000,682.44,682.84,680.13,680.14,2553130.0
2025-12-02T18:00:00+0000,680.13,681.6,679.93,681.04,2552564.0
2025-12-02T18:30:00+0000,681.03,681.37,680.22,681.11,1956383.0
2025-12-02T19:00:00+0000,681.1,681.94,680.76,681.39,3340799.0
2025-12-02T19:30:00+0000,681.37,682.61,681.3,682.35,3788760.0
2025-12-02T20:00:00+0000,682.36,682.7,682.01,682.505,3811655.0
2025-12-02T20:30:00+0000,682.5,682.88,681.36,681.48,9477731.0
2025-12-03T14:30:00+0000,680.57,681.5,679.69,680.87,6813096.0
2025-12-03T15:00:00+0000,680.94,682.34,680.74,681.68,4200621.0
2025-12-03T15:30:00+0000,681.65,682.94,681.3299,682.3163,4034059.0
2025-12-03T16:00:00+0000,682.31,682.99,681.66,682.385,2820200.0
2025-12-03T16:30:00+0000,682.385,683.55,681.61,682.21,3002910.0
2025-12-03T17:00:00+0000,682.21,683.7,682.1,683.56,2416435.0
2025-12-03T17:30:00+0000,683.55,684.1,683.25,683.89,4030269.0
2025-12-03T18:00:00+0000,683.895,684.185,683.475,683.91,2111335.0
2025-12-03T18:30:00+0000,683.93,684.5,683.7866,683.915,2049424.0
2025-12-03T19:00:00+0000,683.91,684.44,683.85,684.33,1940716.0
2025-12-03T19:30:00+0000,684.33,684.74,684.165,684.625,2464140.0
2025-12-03T20:00:00+0000,684.63,684.91,684.19,684.5227,3427582.0
2025-12-03T20:30:00+0000,684.525,684.62,683.55,683.81,10644241.0
2025-12-04T14:30:00+0000,685.3,685.37,682.75,683.045,6823470.0
2025-12-04T15:00:00+0000,683.06,683.81,682.17,683.595,3950725.0
2025-12-04T15:30:00+0000,683.59,684.56,683.132,683.29,4923721.0
2025-12-04T16:00:00+0000,683.28,683.76,682.21,683.3513,3230534.0
2025-12-04T16:30:00+0000,683.31,684.56,682.86,684.42,2964188.0
2025-12-04T17:00:00+0000,684.4,684.58,683.37,684.02,4389135.0
2025-12-04T17:30:00+0000,684.03,684.495,683.595,684.305,1943932.0
2025-12-04T18:00:00+0000,684.29,684.77,683.465,684.6774,2392162.0
2025-12-04T18:30:00+0000,684.67,684.75,683.91,684.12,2340023.0
2025-12-04T19:00:00+0000,684.11,684.23,681.34,682.18,5729575.0
2025-12-04T19:30:00+0000,682.19,683.96,681.99,683.23,4575012.0
2025-12-04T20:00:00+0000,683.24,683.46,682.31,682.7501,4075051.0
2025-12-04T20:30:00+0000,682.76,684.58,682.7,684.4,8205933.0
2025-12-05T14:30:00+0000,685.47,687.03,685.32,686.895,7453811.0
2025-12-05T15:00:00+0000,686.92,688.3,686.725,687.885,5529811.0
2025-12-05T15:30:00+0000,687.88,688.39,686.26,686.67,4707940.0
2025-12-05T16:00:00+0000,686.67,687.12,685.7,685.9562,4086519.0
2025-12-05T16:30:00+0000,685.95,686.64,685.02,686.02,3969029.0
2025-12-05T17:00:00+0000,686.02,686.26,685.24,685.39,2371956.0
2025-12-05T17:30:00+0000,685.41,686.43,684.58,686.25,3001619.0
2025-12-05T18:00:00+0000,686.245,686.705,685.52,686.55,2632999.0
2025-12-05T18:30:00+0000,686.56,686.97,686.08,686.19,2265138.0
2025-12-05T19:00:00+0000,686.19,686.4,685.6399,685.93,2370784.0
2025-12-05T19:30:00+0000,685.94,686.38,685.57,686.25,2768874.0
2025-12-05T20:00:00+0000,686.26,686.3,685.58,686.005,3287974.0
2025-12-05T20:30:00+0000,686.0,686.03,684.6,685.65,10465383.0
2025-12-08T14:30:00+0000,686.59,686.64,684.98,685.44,6022124.0
2025-12-08T15:00:00+0000,685.42,685.775,683.8724,684.555,3710873.0
2025-12-08T15:30:00+0000,684.54,685.05,683.57,683.7,3747629.0
2025-12-08T16:00:00+0000,683.7,684.11,682.91,684.09,3215677.0
2025-12-08T16:30:00+0000,684.08,684.12,683.02,683.3882,1886593.0
2025-12-08T17:00:00+0000,683.39,683.39,682.19,682.69,2662396.0
2025-12-08T17:30:00+0000,682.69,684.31,682.6,684.1222,2938052.0
2025-12-08T18:00:00+0000,684.13,684.4,682.82,682.83,2322473.0
2025-12-08T18:30:00+0000,682.83,683.145,681.57,682.11,4120216.0
2025-12-08T19:00:00+0000,682.13,682.59,681.66,682.245,2379688.0
2025-12-08T19:30:00+0000,682.23,682.82,682.15,682.33,2310167.0
2025-12-08T20:00:00+0000,682.34,682.78,682.18,682.64,3246286.0
2025-12-08T20:30:00+0000,682.64,683.76,682.06,683.63,9645030.0
2025-12-09T14:30:00+0000,683.15,684.53,682.82,684.44,5963584.0
2025-12-09T15:00:00+0000,684.47,684.94,683.76,684.215,3745286.0
2025-12-09T15:30:00+0000,684.2,684.57,683.585,684.505,3104898.0
2025-12-09T16:00:00+0000,684.49,685.34,684.44,684.81,2780814.0
2025-12-09T16:30:00+0000,684.81,685.385,684.52,684.97,2788090.0
2025-12-09T17:00:00+0000,684.96,685.34,684.27,684.65,2313610.0
2025-12-09T17:30:00+0000,684.65,684.8599,683.62,684.275,3285450.0
2025-12-09T18:00:00+0000,684.27,684.49,683.88,684.24,2202620.0
2025-12-09T18:30:00+0000,684.24,684.345,683.35,684.05,2423486.0
2025-12-09T19:00:00+0000,684.06,684.1399,683.64,683.73,2104547.0
2025-12-09T19:30:00+0000,683.73,683.82,683.2,683.63,2454454.0
2025-12-09T20:00:00+0000,683.63,683.8526,683.3,683.325,3263474.0
2025-12-09T20:30:00+0000,683.32,683.61,682.59,683.05,10786436.0
2025-12-10T14:30:00+0000,682.56,683.33,681.31,683.12,6474621.0
2025-12-10T15:00:00+0000,683.115,683.46,682.72,682.99,3667059.0
2025-12-10T15:30:00+0000,682.99,683.23,681.67,682.25,3905238.0
2025-12-10T16:00:00+0000,682.25,683.87,681.45,683.72,3872348.0
2025-12-10T16:30:00+0000,683.72,683.84,683.0099,683.6,2463419.0
2025-12-10T17:00:00+0000,683.57,683.7,682.95,683.14,1834665.0
2025-12-10T17:30:00+0000,683.12,684.22,682.9201,683.84,1894519.0
2025-12-10T18:00:00+0000,683.83,684.06,682.7,682.89,2213233.0
2025-12-10T18:30:00+0000,682.88,683.38,682.445,682.87,3280432.0
2025-12-10T19:00:00+0000,682.86,685.74,682.67,684.21,8448683.0
2025-12-10T19:30:00+0000,684.21,688.06,683.36,687.88,12598198.0
2025-12-10T20:00:00+0000,687.87,688.83,687.08,688.12,9186340.0
2025-12-10T20:30:00+0000,688.1,688.97,687.22,687.46,13911553.0
2025-12-11T14:30:00+0000,685.14,685.82,682.29,682.62,10434062.0
2025-12-11T15:00:00+0000,682.65,686.7995,682.165,686.26,7670029.0
2025-12-11T15:30:00+0000,686.27,686.45,684.07,685.74,5355469.0
2025-12-11T16:00:00+0000,685.74,686.14,684.4,684.605,3622310.0
2025-12-11T16:30:00+0000,684.61,686.97,684.54,685.5,5304055.0
2025-12-11T17:00:00+0000,685.52,687.91,685.395,687.355,4448515.0
2025-12-11T17:30:00+0000,687.35,688.0351,686.98,687.29,3694041.0
2025-12-11T18:00:00+0000,687.28,688.19,687.09,687.625,2758757.0
2025-12-11T18:30:00+0000,687.62,688.625,687.3,687.96,3241587.0
2025-12-11T19:00:00+0000,687.97,688.79,687.85,688.68,3725252.0
2025-12-11T19:30:00+0000,688.68,689.25,688.59,688.83,4155943.0
2025-12-11T20:00:00+0000,688.83,689.16,688.41,688.435,3933432.0
2025-12-11T20:30:00+0000,688.44,689.18,687.99,689.145,12663585.0
2025-12-12T14:30:00+0000,688.17,688.88,687.17,687.49,6888947.0
2025-12-12T15:00:00+0000,687.46,687.54,683.63,683.75,11046737.0
2025-12-12T15:30:00+0000,683.75,685.61,681.31,681.72,10441100.0
2025-12-12T16:00:00+0000,681.72,682.46,679.7,681.27,12305395.0
2025-12-12T16:30:00+0000,681.27,681.29,679.1744,680.5994,6965250.0
2025-12-12T17:00:00+0000,680.59,683.02,680.33,681.46,4953113.0
2025-12-12T17:30:00+0000,681.44,683.24,680.945,682.67,3477561.0
2025-12-12T18:00:00+0000,682.68,684.34,682.38,683.88,4807854.0
2025-12-12T18:30:00+0000,683.88,683.9,682.47,682.55,4631145.0
2025-12-12T19:00:00+0000,682.56,682.67,681.21,681.475,5125540.0
2025-12-12T19:30:00+0000,681.49,682.27,681.46,681.9699,4002881.0
2025-12-12T20:00:00+0000,681.96,682.515,681.1,681.36,6105580.0
2025-12-12T20:30:00+0000,681.3699,681.87,680.07,681.72,15731105.0
2025-12-15T14:30:00+0000,685.74,685.76,682.3,682.43,11384649.0
2025-12-15T15:00:00+0000,682.43,682.585,679.25,679.82,9573846.0
2025-12-15T15:30:00+0000,679.82,684.61,679.59,681.15,7450606.0
2025-12-15T16:00:00+0000,681.14,683.06,680.56,682.79,5033414.0
2025-12-15T16:30:00+0000,682.79,682.92,680.14,680.88,6549149.0
2025-12-15T17:00:00+0000,680.88,681.33,680.21,680.65,3604898.0
2025-12-15T17:30:00+0000,680.65,681.45,679.42,680.5044,4797126.0
2025-12-15T18:00:00+0000,680.5,681.19,679.51,679.98,3164269.0
2025-12-15T18:30:00+0000,679.98,681.4,679.62,681.02,3214656.0
2025-12-15T19:00:00+0000,681.02,681.5497,680.44,680.8355,3995396.0
2025-12-15T19:30:00+0000,680.835,681.78,680.44,681.69,3887682.0
2025-12-15T20:00:00+0000,681.69,681.74,680.69,681.07,5419079.0
2025-12-15T20:30:00+0000,681.09,681.6,680.55,680.7,13514168.0
2025-12-16T14:30:00+0000,679.23,681.02,677.68,680.79,10274422.0
2025-12-16T15:00:00+0000,680.82,681.08,676.44,677.69,7842889.0
2025-12-16T15:30:00+0000,677.71,679.415,677.02,679.0,6449303.0
2025-12-16T16:00:00+0000,678.99,679.3218,676.81,677.135,5098956.0
2025-12-16T16:30:00+0000,677.14,678.49,676.61,678.28,3845220.0
2025-12-16T17:00:00+0000,678.3,678.94,677.02,677.38,3445733.0
2025-12-16T17:30:00+0000,677.3748,678.28,675.42,675.6,4273547.0
2025-12-16T18:00:00+0000,675.61,676.2,674.98,675.59,5349764.0
2025-12-16T18:30:00+0000,675.59,678.61,675.56,677.86,5528729.0
2025-12-16T19:00:00+0000,677.85,677.9,675.86,677.05,6984614.0
2025-12-16T19:30:00+0000,677.04,678.58,676.93,677.94,6256586.0
2025-12-16T20:00:00+0000,677.94,679.26,677.63,679.2,6489949.0
2025-12-16T20:30:00+0000,679.195,680.56,678.82,678.86,17100890.0
2025-12-17T14:30:00+0000,679.89,680.435,677.6,679.26,10016368.0
2025-12-17T15:00:00+0000,679.265,679.68,678.11,678.93,5004724.0
2025-12-17T15:30:00+0000,678.92,679.17,674.02,674.56,9847108.0
2025-12-17T16:00:00+0000,674.55,675.7,673.43,674.635,7098689.0
2025-12-17T16:30:00+0000,674.63,674.76,673.07,674.23,5476252.0
2025-12-17T17:00:00+0000,674.22,675.05,673.08,674.15,4875753.0
2025-12-17T17:30:00+0000,674.16,675.07,673.0,673.8,3516851.0
2025-12-17T18:00:00+0000,673.81,674.8765,673.02,673.37,3866715.0
2025-12-17T18:30:00+0000,673.36,673.62,672.08,672.555,6498180.0
2025-12-17T19:00:00+0000,672.555,673.0,672.055,672.47,5514936.0
2025-12-17T19:30:00+0000,672.46,673.2978,672.22,673.13,5563227.0
2025-12-17T20:00:00+0000,673.12,673.32,672.24,672.52,5786492.0
2025-12-17T20:30:00+0000,672.53,673.0,671.195,671.3,17338527.0
2025-12-18T14:30:00+0000,677.6,678.59,675.69,678.06,11665863.0
2025-12-18T15:00:00+0000,678.06,679.11,676.14,679.01,7740921.0
2025-12-18T15:30:00+0000,679.01,680.6,678.68,680.03,7345312.0
2025-12-18T16:00:00+0000,680.03,680.74,679.52,679.745,4402339.0
2025-12-18T16:30:00+0000,679.74,680.71,679.325,679.56,4735087.0
2025-12-18T17:00:00+0000,679.55,679.5707,674.9,675.78,10969228.0
2025-12-18T17:30:00+0000,675.79,678.69,675.48,678.37,6536710.0
2025-12-18T18:00:00+0000,678.36,679.09,677.58,678.825,4179269.0
2025-12-18T18:30:00+0000,678.83,679.7,678.04,678.275,3928621.0
2025-12-18T19:00:00+0000,678.23,678.31,676.59,677.15,6832596.0
2025-12-18T19:30:00+0000,677.16,677.31,675.32,675.72,5767347.0
2025-12-18T20:00:00+0000,675.71,677.85,675.45,677.63,7176296.0
2025-12-18T20:30:00+0000,677.62,678.55,676.41,676.48,15842548.0
2025-12-19T14:30:00+0000,676.59,679.91,676.47,679.82,11860432.0
2025-12-19T15:00:00+0000,679.81,680.52,678.45,679.19,7530694.0
2025-12-19T15:30:00+0000,679.19,680.115,678.66,678.98,6682470.0
2025-12-19T16:00:00+0000,678.97,680.275,678.56,680.17,9364853.0
2025-12-19T16:30:00+0000,680.19,680.53,679.34,679.695,4011218.0
2025-12-19T17:00:00+0000,679.7,680.835,679.63,680.68,6155823.0
2025-12-19T17:30:00+0000,680.69,681.058,680.31,680.655,3191250.0
2025-12-19T18:00:00+0000,680.655,681.09,680.47,680.75,2525933.0
2025-12-19T18:30:00+0000,680.77,680.86,680.17,680.225,2722516.0
2025-12-19T19:00:00+0000,680.22,680.8,680.22,680.64,2825642.0
2025-12-19T19:30:00+0000,680.64,681.0,680.52,680.59,3656656.0
2025-12-19T20:00:00+0000,680.59,680.83,680.34,680.485,5245456.0
2025-12-19T20:30:00+0000,680.49,680.72,679.61,680.59,19061144.0
2025-12-22T14:30:00+0000,683.94,684.53,682.94,683.97,7973636.0
2025-12-22T15:00:00+0000,683.975,684.12,682.89,683.77,4129395.0
2025-12-22T15:30:00+0000,683.77,683.99,682.68,683.65,4206179.0
2025-12-22T16:00:00+0000,683.64,684.975,683.64,684.67,4055898.0
2025-12-22T16:30:00+0000,684.67,684.95,684.36,684.95,2705465.0
2025-12-22T17:00:00+0000,684.96,685.08,684.52,684.65,2881721.0
2025-12-22T17:30:00+0000,684.645,685.36,684.56,685.21,2647240.0
2025-12-22T18:00:00+0000,685.21,685.22,684.35,684.715,2977405.0
2025-12-22T18:30:00+0000,684.71,684.91,684.37,684.505,1931729.0
2025-12-22T19:00:00+0000,684.5,684.75,684.205,684.72,2742737.0
2025-12-22T19:30:00+0000,684.73,685.01,684.665,684.79,3344439.0
2025-12-22T20:00:00+0000,684.79,685.04,680.5868,684.925,4524169.0
2025-12-22T20:30:00+0000,684.925,685.1499,684.61,684.79,10787604.0
2025-12-23T14:30:00+0000,683.92,686.25,683.87,685.41,6156294.0
2025-12-23T15:00:00+0000,685.4101,685.565,684.36,685.24,5219531.0
2025-12-23T15:30:00+0000,685.24,686.485,685.2303,686.32,4044632.0
2025-12-23T16:00:00+0000,686.33,686.74,686.255,686.492,3900304.0
2025-12-23T16:30:00+0000,686.495,687.0088,686.36,686.89,2773678.0
2025-12-23T17:00:00+0000,686.9,687.22,686.66,687.07,3348452.0
2025-12-23T17:30:00+0000,687.06,687.1997,686.79,686.985,4732084.0
2025-12-23T18:00:00+0000,686.99,687.7299,686.92,687.545,3007926.0
2025-12-23T18:30:00+0000,687.55,687.7,687.51,687.53,2607518.0
2025-12-23T19:00:00+0000,687.53,687.92,687.495,687.875,2951170.0
2025-12-23T19:30:00+0000,687.87,687.93,687.71,687.835,2694940.0
2025-12-23T20:00:00+0000,687.835,688.03,687.775,687.85,4212692.0
2025-12-23T20:30:00+0000,687.84,688.2,687.64,687.91,9723866.0
2025-12-24T14:30:00+0000,687.95,688.73,687.8,688.6,4353527.0
2025-12-24T15:00:00+0000,688.59,689.215,688.51,689.165,3838614.0
2025-12-24T15:30:00+0000,689.16,689.49,689.0125,689.47,3237709.0
2025-12-24T16:00:00+0000,689.465,689.98,689.37,689.965,4982602.0
2025-12-24T16:30:00+0000,689.965,690.485,689.8892,690.37,3481234.0
2025-12-24T17:00:00+0000,690.37,690.64,690.27,690.535,5613835.0
2025-12-24T17:30:00+0000,690.535,690.83,690.17,690.28,8486989.0
2025-12-24T18:00:00+0000,690.29,690.38,690.28,690.38,1085939.0
2025-12-26T14:30:00+0000,690.64,691.66,690.27,690.77,5580252.0
2025-12-26T15:00:00+0000,690.77,690.82,689.65,690.735,4144134.0
2025-12-26T15:30:00+0000,690.73,691.0001,690.4,690.825,2315166.0
2025-12-26T16:00:00+0000,690.825,690.96,689.77,690.2641,2656836.0
2025-12-26T16:30:00+0000,690.27,690.33,689.77,689.99,2433241.0
2025-12-26T17:00:00+0000,689.98,690.15,689.39,690.14,2129965.0
2025-12-26T17:30:00+0000,690.13,690.2,689.51,689.79,1836185.0
2025-12-26T18:00:00+0000,689.79,690.05,689.27,689.6971,1600971.0
2025-12-26T18:30:00+0000,689.69,690.29,689.65,690.21,1600977.0
2025-12-26T19:00:00+0000,690.205,690.46,689.975,690.0418,1650643.0
2025-12-26T19:30:00+0000,690.04,690.32,690.0375,690.155,1659124.0
2025-12-26T20:00:00+0000,690.15,690.34,690.04,690.2,2003957.0
2025-12-26T20:30:00+0000,690.2,690.5,690.005,690.25,7797379.0
2025-12-29T14:30:00+0000,687.54,689.2,687.19,687.56,7197979.0
2025-12-29T15:00:00+0000,687.56,688.06,686.82,687.95,3844907.0
2025-12-29T15:30:00+0000,687.94,688.4,686.89,687.35,3177243.0
2025-12-29T16:00:00+0000,687.35,687.6376,686.945,687.1699,2914974.0
2025-12-29T16:30:00+0000,687.16,687.49,686.69,687.08,2615869.0
2025-12-29T17:00:00+0000,687.08,687.23,686.07,686.27,1965287.0
2025-12-29T17:30:00+0000,686.27,687.0956,686.18,686.99,2226780.0
2025-12-29T18:00:00+0000,686.99,687.545,686.79,687.33,2207090.0
2025-12-29T18:30:00+0000,687.33,687.89,687.17,687.225,2804975.0
2025-12-29T19:00:00+0000,687.22,687.47,686.87,687.46,3814877.0
2025-12-29T19:30:00+0000,687.45,688.46,687.43,688.3,4711251.0
2025-12-29T20:00:00+0000,688.3,688.62,688.11,688.18,4007396.0
2025-12-29T20:30:00+0000,688.18,688.405,687.4,687.84,10379275.0
2025-12-30T14:30:00+0000,687.445,688.53,686.88,688.09,4609447.0
2025-12-30T15:00:00+0000,688.08,688.17,686.75,686.94,3372306.0
2025-12-30T15:30:00+0000,686.94,687.73,686.58,687.6105,2676602.0
2025-12-30T16:00:00+0000,687.6,688.555,687.51,688.2472,2832130.0
2025-12-30T16:30:00+0000,688.24,688.27,687.2,687.23,2302003.0
2025-12-30T17:00:00+0000,687.22,687.43,686.87,687.38,2505722.0
2025-12-30T17:30:00+0000,687.38,687.71,687.195,687.635,1639465.0
2025-12-30T18:00:00+0000,687.635,687.79,687.22,687.7692,1380444.0
2025-12-30T18:30:00+0000,687.76,687.93,687.47,687.765,1466144.0
2025-12-30T19:00:00+0000,687.76,687.87,687.42,687.81,2362632.0
2025-12-30T19:30:00+0000,687.81,687.94,687.4,687.56,2343148.0
2025-12-30T20:00:00+0000,687.56,687.73,687.04,687.51,2839078.0
2025-12-30T20:30:00+0000,687.51,687.815,686.7,686.94,9624925.0
2025-12-31T14:30:00+0000,687.14,687.36,685.28,685.96,7429562.0
2025-12-31T15:00:00+0000,685.96,686.06,684.915,685.55,4593521.0
2025-12-31T15:30:00+0000,685.54,685.655,684.18,684.33,4425619.0
2025-12-31T16:00:00+0000,684.32,685.13,684.3,685.12,4227235.0
2025-12-31T16:30:00+0000,685.125,685.43,684.74,685.35,2141537.0
2025-12-31T17:00:00+0000,685.355,685.43,684.61,685.0,2130070.0
2025-12-31T17:30:00+0000,684.99,685.31,684.65,684.805,1664626.0
2025-12-31T18:00:00+0000,684.8,685.39,684.72,685.3698,1845574.0
2025-12-31T18:30:00+0000,685.3688,686.05,685.25,685.84,2628469.0
2025-12-31T19:00:00+0000,685.83,686.24,685.01,685.035,2875943.0
2025-12-31T19:30:00+0000,685.04,685.14,684.04,684.14,4637217.0
2025-12-31T20:00:00+0000,684.14,684.2,682.545,682.72,6709470.0
2025-12-31T20:30:00+0000,682.72,683.72,681.71,681.84,15154721.0
2026-01-02T14:30:00+0000,685.71,686.84,684.12,686.19,9885685.0
2026-01-02T15:00:00+0000,686.21,686.87,681.58,682.45,10590158.0
2026-01-02T15:30:00+0000,682.45,684.59,681.1,681.455,8284516.0
2026-01-02T16:00:00+0000,681.46,682.4,680.42,681.81,6795484.0
2026-01-02T16:30:00+0000,681.81,682.65,680.28,681.158,5186782.0
2026-01-02T17:00:00+0000,681.15,682.5,680.64,682.45,4309244.0
2026-01-02T17:30:00+0000,682.45,682.8009,680.98,681.18,3072201.0
2026-01-02T18:00:00+0000,681.18,681.7886,680.64,680.98,2696320.0
2026-01-02T18:30:00+0000,680.98,681.36,679.82,680.525,3406959.0
2026-01-02T19:00:00+0000,680.525,683.12,680.35,682.95,5501935.0
2026-01-02T19:30:00+0000,682.94,683.95,682.89,683.13,5395654.0
2026-01-02T20:00:00+0000,683.13,683.7,682.85,683.24,4696007.0
2026-01-02T20:30:00+0000,683.24,683.42,682.07,683.17,10922495.0
2026-01-05T14:30:00+0000,686.54,687.88,686.375,687.06,10687700.0
2026-01-05T15:00:00+0000,687.08,688.61,686.63,688.5256,5664324.0
2026-01-05T15:30:00+0000,688.52,688.82,687.96,688.32,5115309.0
2026-01-05T16:00:00+0000,688.32,688.87,687.96,688.64,3766354.0
2026-01-05T16:30:00+0000,688.63,689.43,688.425,688.91,5372488.0
2026-01-05T17:00:00+0000,688.91,689.13,688.21,688.35,3826443.0
2026-01-05T17:30:00+0000,688.3599,688.79,688.203,688.58,2358944.0
2026-01-05T18:00:00+0000,688.57,688.75,687.65,688.38,2998986.0
2026-01-05T18:30:00+0000,688.36,688.775,688.3,688.54,2135994.0
2026-01-05T19:00:00+0000,688.54,688.715,688.13,688.185,2469163.0
2026-01-05T19:30:00+0000,688.19,688.2999,687.29,687.6198,3796385.0
2026-01-05T20:00:00+0000,687.615,688.24,687.5101,687.966,3614051.0
2026-01-05T20:30:00+0000,687.965,688.12,687.16,687.73,11627390.0
2026-01-06T14:30:00+0000,687.93,690.16,687.78,690.075,8561854.0
2026-01-06T15:00:00+0000,690.075,690.86,689.99,690.6599,6271021.0
2026-01-06T15:30:00+0000,690.65,690.65,688.695,689.105,6452962.0
2026-01-06T16:00:00+0000,689.1,689.5,688.3,689.045,4439680.0
2026-01-06T16:30:00+0000,689.05,689.526,688.62,689.43,4637234.0
2026-01-06T17:00:00+0000,689.43,690.62,689.155,690.39,3084630.0
2026-01-06T17:30:00+0000,690.39,691.1,690.37,690.945,3328694.0
2026-01-06T18:00:00+0000,690.95,691.2,690.55,690.8702,2544492.0
2026-01-06T18:30:00+0000,690.88,691.725,690.65,691.72,2930560.0
2026-01-06T19:00:00+0000,691.72,692.16,691.67,691.94,3129375.0
2026-01-06T19:30:00+0000,691.948,692.165,691.82,691.875,2951270.0
2026-01-06T20:00:00+0000,691.875,692.24,691.825,691.96,3438648.0
2026-01-06T20:30:00+0000,691.96,692.315,691.8,691.8,10823475.0
2026-01-07T14:30:00+0000,692.19,693.09,691.71,692.5665,6505660.0
2026-01-07T15:00:00+0000,692.6,692.77,691.1,691.672,6215740.0
2026-01-07T15:30:00+0000,691.67,692.6,690.96,692.505,5819914.0
2026-01-07T16:00:00+0000,692.51,692.825,691.92,692.25,3120696.0
2026-01-07T16:30:00+0000,692.25,693.56,692.1683,693.505,3918989.0
2026-01-07T17:00:00+0000,693.52,693.96,693.47,693.6596,3098784.0
2026-01-07T17:30:00+0000,693.66,693.79,692.78,692.99,3706248.0
2026-01-07T18:00:00+0000,692.99,693.01,692.04,692.13,3708823.0
2026-01-07T18:30:00+0000,692.13,693.145,692.13,692.825,3616664.0
2026-01-07T19:00:00+0000,692.83,692.89,691.45,691.68,4939949.0
2026-01-07T19:30:00+0000,691.68,692.16,691.58,691.74,4283914.0
2026-01-07T20:00:00+0000,691.75,691.815,690.1175,690.36,6613928.0
2026-01-07T20:30:00+0000,690.36,690.37,689.32,689.59,13659238.0
2026-01-08T14:30:00+0000,688.82,689.3,687.49,688.28,9536482.0
2026-01-08T15:00:00+0000,688.28,690.02,687.85,689.63,6906524.0
2026-01-08T15:30:00+0000,689.65,689.97,688.51,689.84,5573539.0
2026-01-08T16:00:00+0000,689.85,689.975,688.65,689.08,4164753.0
2026-01-08T16:30:00+0000,689.08,690.085,688.44,689.9,3809238.0
2026-01-08T17:00:00+0000,689.89,690.0,689.12,689.35,2421602.0
2026-01-08T17:30:00+0000,689.34,690.615,689.3243,690.09,2679624.0
2026-01-08T18:00:00+0000,690.09,690.19,688.79,689.5,3481296.0
2026-01-08T18:30:00+0000,689.5,689.805,688.76,688.89,2123810.0
2026-01-08T19:00:00+0000,688.89,689.35,688.28,688.92,3008008.0
2026-01-08T19:30:00+0000,688.93,689.33,688.57,688.86,2634755.0
2026-01-08T20:00:00+0000,688.85,689.65,688.71,689.575,3247726.0
2026-01-08T20:30:00+0000,689.57,690.055,689.255,689.44,8604671.0
2026-01-09T14:30:00+0000,690.63,692.295,690.46,691.51,9092989.0
2026-01-09T15:00:00+0000,691.56,693.34,689.18,693.13,8766179.0
2026-01-09T15:30:00+0000,693.13,693.45,691.28,691.93,6409295.0
2026-01-09T16:00:00+0000,691.94,693.65,691.93,692.8599,5056482.0
2026-01-09T16:30:00+0000,692.85,694.03,692.545,693.89,3721618.0
2026-01-09T17:00:00+0000,693.88,694.38,693.72,694.22,2811102.0
2026-01-09T17:30:00+0000,694.23,694.5,693.95,693.975,2586114.0
2026-01-09T18:00:00+0000,693.96,694.0101,693.36,693.87,2510397.0
2026-01-09T18:30:00+0000,693.87,694.8899,693.855,694.53,2966771.0
2026-01-09T19:00:00+0000,694.52,694.845,694.36,694.81,2189903.0
2026-01-09T19:30:00+0000,694.805,695.23,694.71,694.8999,3147701.0
2026-01-09T20:00:00+0000,694.89,695.31,694.76,695.025,3654043.0
2026-01-09T20:30:00+0000,695.02,695.12,693.9,693.99,11622676.0
2026-01-12T14:30:00+0000,690.68,693.9,690.63,693.63,10022540.0
2026-01-12T15:00:00+0000,693.64,693.81,693.0,693.57,5610120.0
2026-01-12T15:30:00+0000,693.565,694.06,692.96,693.91,4320756.0
2026-01-12T16:00:00+0000,693.915,694.68,693.66,694.23,4508459.0
2026-01-12T16:30:00+0000,694.24,694.86,694.07,694.56,2981471.0
2026-01-12T17:00:00+0000,694.56,694.8399,694.25,694.535,2599244.0
2026-01-12T17:30:00+0000,694.53,694.76,694.1,694.6601,2068222.0
2026-01-12T18:00:00+0000,694.67,695.2,694.585,695.125,2572624.0
2026-01-12T18:30:00+0000,695.125,695.39,694.93,695.215,2489212.0
2026-01-12T19:00:00+0000,695.21,695.46,694.945,695.32,3036874.0
2026-01-12T19:30:00+0000,695.32,696.03,695.295,695.945,3338913.0
2026-01-12T20:00:00+0000,695.945,696.09,695.18,695.32,4670577.0
2026-01-12T20:30:00+0000,695.32,695.74,695.14,695.16,9235357.0
2026-01-13T14:30:00+0000,695.49,696.09,694.23,694.245,10115073.0
2026-01-13T15:00:00+0000,694.23,694.51,692.09,692.73,6814602.0
2026-01-13T15:30:00+0000,692.72,695.4365,692.5652,693.76,4785764.0
2026-01-13T16:00:00+0000,693.76,694.2801,692.41,693.4801,3682341.0
2026-01-13T16:30:00+0000,693.48,695.2,693.25,694.92,4468198.0
2026-01-13T17:00:00+0000,694.92,695.12,693.93,694.56,2848701.0
2026-01-13T17:30:00+0000,694.55,694.715,692.525,692.94,4414077.0
2026-01-13T18:00:00+0000,692.92,693.49,692.42,692.92,3491095.0
2026-01-13T18:30:00+0000,692.91,693.65,692.54,692.8,2792624.0
2026-01-13T19:00:00+0000,692.8,693.08,692.23,693.01,4141897.0
2026-01-13T19:30:00+0000,693.005,693.205,692.57,692.92,3344161.0
2026-01-13T20:00:00+0000,692.92,692.92,691.94,692.0,4765308.0
2026-01-13T20:30:00+0000,692.0,693.96,691.35,693.75,13009496.0
2026-01-14T14:30:00+0000,691.0,691.72,688.66,688.72,10866619.0
2026-01-14T15:00:00+0000,688.72,690.85,687.67,688.76,8236738.0
2026-01-14T15:30:00+0000,688.75,689.01,686.51,687.16,7337477.0
2026-01-14T16:00:00+0000,687.16,689.33,686.99,689.15,4577868.0
2026-01-14T16:30:00+0000,689.16,689.47,686.13,686.59,5671407.0
2026-01-14T17:00:00+0000,686.58,687.35,686.04,687.0999,3531227.0
2026-01-14T17:30:00+0000,687.09,687.45,686.19,686.6377,3351982.0
2026-01-14T18:00:00+0000,686.63,687.65,686.51,687.6,2675901.0
2026-01-14T18:30:00+0000,687.59,688.24,686.26,688.11,3718371.0
2026-01-14T19:00:00+0000,688.11,688.315,687.61,688.125,3678048.0
2026-01-14T19:30:00+0000,688.13,688.59,687.62,688.06,3725807.0
2026-01-14T20:00:00+0000,688.05,689.69,687.32,689.15,8914581.0
2026-01-14T20:30:00+0000,689.15,690.64,688.62,690.44,17846233.0
2026-01-15T14:30:00+0000,694.57,694.69,693.18,693.61,9398609.0
2026-01-15T15:00:00+0000,693.61,694.72,693.27,693.94,5383636.0
2026-01-15T15:30:00+0000,693.94,694.9,692.99,694.45,7062809.0
2026-01-15T16:00:00+0000,694.45,695.16,694.34,694.815,4615395.0
2026-01-15T16:30:00+0000,694.81,695.345,694.48,695.03,2868450.0
2026-01-15T17:00:00+0000,695.0399,695.45,694.39,694.45,2856450.0
2026-01-15T17:30:00+0000,694.45,695.0199,693.905,693.98,3043712.0
2026-01-15T18:00:00+0000,693.98,694.905,693.88,694.885,2836714.0
2026-01-15T18:30:00+0000,694.88,695.25,694.615,694.7158,2186360.0
2026-01-15T19:00:00+0000,694.71,694.71,693.52,693.61,3570492.0
2026-01-15T19:30:00+0000,693.61,693.7376,692.58,692.78,5279775.0
2026-01-15T20:00:00+0000,692.77,693.03,691.2907,691.83,6653306.0
2026-01-15T20:30:00+0000,691.835,692.25,691.25,692.18,11899998.0
2026-01-16T14:30:00+0000,693.66,694.25,691.93,691.96,7910208.0
2026-01-16T15:00:00+0000,691.96,692.81,691.5,691.65,7192952.0
2026-01-16T15:30:00+0000,691.65,691.88,690.1,691.86,11402531.0
2026-01-16T16:00:00+0000,691.85,692.82,691.555,692.715,6466034.0
2026-01-16T16:30:00+0000,692.72,693.47,692.13,692.665,3442167.0
2026-01-16T17:00:00+0000,692.65,692.9699,692.4301,692.52,2332320.0
2026-01-16T17:30:00+0000,692.52,692.91,691.89,691.93,2230918.0
2026-01-16T18:00:00+0000,691.94,693.2,691.82,693.0,2056053.0
2026-01-16T18:30:00+0000,693.0,693.25,692.5842,692.64,2014050.0
2026-01-16T19:00:00+0000,692.63,693.71,691.96,692.04,4241090.0
2026-01-16T19:30:00+0000,692.05,693.0,692.01,692.68,3314238.0
2026-01-16T20:00:00+0000,692.67,692.87,692.155,692.155,3120202.0
2026-01-16T20:30:00+0000,692.15,692.4885,691.47,691.58,11404579.0
2026-01-20T14:30:00+0000,681.49,683.31,681.39,682.18,15418060.0
2026-01-20T15:00:00+0000,682.16,684.01,680.91,683.8788,9911442.0
2026-01-20T15:30:00+0000,683.85,684.77,682.93,683.8,7840378.0
2026-01-20T16:00:00+0000,683.81,684.56,682.58,683.84,5215645.0
2026-01-20T16:30:00+0000,683.83,684.345,682.32,683.69,4816555.0
2026-01-20T17:00:00+0000,683.67,683.905,682.12,682.395,4258972.0
2026-01-20T17:30:00+0000,682.39,682.39,680.45,681.08,6042756.0
2026-01-20T18:00:00+0000,681.08,681.48,680.225,680.29,2906585.0
2026-01-20T18:30:00+0000,680.28,680.42,678.025,678.72,5705992.0
2026-01-20T19:00:00+0000,678.73,679.27,677.69,678.04,5689010.0
2026-01-20T19:30:00+0000,678.04,678.48,677.29,677.83,4815507.0
2026-01-20T20:00:00+0000,677.85,678.15,676.93,677.39,8776043.0
2026-01-20T20:30:00+0000,677.4,677.74,676.57,677.61,17217077.0
2026-01-21T14:30:00+0000,679.65,682.675,678.97,682.49,13428816.0
2026-01-21T15:00:00+0000,682.48,683.42,681.65,683.02,6689238.0
2026-01-21T15:30:00+0000,683.02,685.13,682.94,684.7321,5987269.0
2026-01-21T16:00:00+0000,684.73,684.84,683.83,684.25,4944493.0
2026-01-21T16:30:00+0000,684.25,684.3,679.91,680.045,9755855.0
2026-01-21T17:00:00+0000,680.05,680.74,678.13,679.85,7901086.0
2026-01-21T17:30:00+0000,679.865,680.97,678.99,680.63,5021498.0
2026-01-21T18:00:00+0000,680.62,680.77,678.63,680.57,4809368.0
2026-01-21T18:30:00+0000,680.57,681.5,679.72,680.99,3876161.0
2026-01-21T19:00:00+0000,680.99,685.02,679.87,684.4,7499700.0
2026-01-21T19:30:00+0000,684.41,688.71,684.33,688.475,17149204.0
2026-01-21T20:00:00+0000,688.475,688.735,685.315,685.355,9129845.0
2026-01-21T20:30:00+0000,685.35,686.16,684.63,685.33,16023083.0
2026-01-22T14:30:00+0000,689.85,690.67,687.38,687.89,12163537.0
2026-01-22T15:00:00+0000,687.89,688.61,686.92,688.44,6875281.0
2026-01-22T15:30:00+0000,688.46,689.49,688.05,688.63,3925325.0
2026-01-22T16:00:00+0000,688.62,690.0469,688.58,689.8,3809647.0
2026-01-22T16:30:00+0000,689.8,690.5,689.62,689.715,2431922.0
2026-01-22T17:00:00+0000,689.71,690.558,689.405,690.23,3059549.0
2026-01-22T17:30:00+0000,690.24,691.08,690.24,690.955,2416197.0
2026-01-22T18:00:00+0000,690.95,691.125,690.27,690.45,2528851.0
2026-01-22T18:30:00+0000,690.44,690.84,689.83,690.025,2342129.0
2026-01-22T19:00:00+0000,690.01,690.96,689.97,690.66,3945682.0
2026-01-22T19:30:00+0000,690.66,690.735,688.74,688.77,4847594.0
2026-01-22T20:00:00+0000,688.76,689.51,688.13,688.16,5354247.0
2026-01-22T20:30:00+0000,688.16,689.045,687.595,688.93,10384798.0
2026-01-23T14:30:00+0000,688.15,688.81,687.16,688.77,7159999.0
2026-01-23T15:00:00+0000,688.83,689.8501,688.31,689.325,5131773.0
2026-01-23T15:30:00+0000,689.32,690.71,689.21,690.48,3700147.0
2026-01-23T16:00:00+0000,690.47,690.96,689.92,690.07,3487045.0
2026-01-23T16:30:00+0000,690.06,690.615,689.42,689.7481,3285029.0
2026-01-23T17:00:00+0000,689.75,690.35,689.35,690.19,2418841.0
2026-01-23T17:30:00+0000,690.198,690.28,687.73,687.99,4410117.0
2026-01-23T18:00:00+0000,687.98,689.135,687.86,688.92,3210960.0
2026-01-23T18:30:00+0000,688.94,689.28,688.37,688.97,2157461.0
2026-01-23T19:00:00+0000,688.97,690.1995,688.91,689.5479,3582209.0
2026-01-23T19:30:00+0000,689.55,689.86,688.94,689.53,3164280.0
2026-01-23T20:00:00+0000,689.52,689.585,688.51,688.845,3886599.0
2026-01-23T20:30:00+0000,688.84,689.61,688.55,689.185,8789558.0
2026-01-26T14:30:00+0000,690.49,692.63,689.92,692.265,8225383.0
2026-01-26T15:00:00+0000,692.26,693.4,691.75,692.55,4733617.0
2026-01-26T15:30:00+0000,692.54,693.3388,692.23,692.975,3881759.0
2026-01-26T16:00:00+0000,692.98,693.28,692.23,693.11,2930929.0
2026-01-26T16:30:00+0000,693.11,693.36,692.775,693.12,2183754.0
2026-01-26T17:00:00+0000,693.1,693.7099,693.03,693.506848,2088526.0
2026-01-26T17:30:00+0000,693.5,693.58,693.03,693.24,2126610.0
2026-01-26T18:00:00+0000,693.24,693.87,692.9,693.79,2086745.0
2026-01-26T18:30:00+0000,693.78,694.13,693.33,693.59,2204160.0
2026-01-26T19:00:00+0000,693.58,693.98,693.46,693.82,2338844.0
2026-01-26T19:30:00+0000,693.825,694.0,693.54,693.59,2632523.0
2026-01-26T20:00:00+0000,693.6,693.75,693.42,693.57,3803312.0
2026-01-26T20:30:00+0000,693.575,693.87,692.62,692.71,12200979.0
2026-01-27T14:30:00+0000,694.18,695.48,693.57,695.17,6414147.0
2026-01-27T15:00:00+0000,695.18,695.44,694.51,694.78,3905848.0
2026-01-27T15:30:00+0000,694.77,696.14,694.715,696.0,3420457.0
2026-01-27T16:00:00+0000,696.0,696.48,695.98,696.19,3394799.0
2026-01-27T16:30:00+0000,696.19,696.53,696.01,696.01,3223962.0
2026-01-27T17:00:00+0000,696.01,696.14,695.38,695.985,3357487.0
2026-01-27T17:30:00+0000,695.98,696.08,695.38,695.425,1815321.0
2026-01-27T18:00:00+0000,695.42,695.97,694.91,695.795,2788571.0
2026-01-27T18:30:00+0000,695.8,696.21,695.71,696.03,1708862.0
2026-01-27T19:00:00+0000,696.02,696.2,695.74,696.17,1975415.0
2026-01-27T19:30:00+0000,696.17,696.36,696.0,696.075,1992940.0
2026-01-27T20:00:00+0000,696.07,696.4,695.94,695.9999,2969062.0
2026-01-27T20:30:00+0000,695.99,696.18,695.4,695.54,8812152.0
2026-01-28T14:30:00+0000,697.05,697.84,696.9,697.12,7589436.0
2026-01-28T15:00:00+0000,697.11,697.32,696.03,696.5139,4589641.0
2026-01-28T15:30:00+0000,696.52,696.79,695.54,695.555,3082240.0
2026-01-28T16:00:00+0000,695.56,696.33,695.45,696.1242,2606075.0
2026-01-28T16:30:00+0000,696.12,696.12,694.495,694.7218,3330957.0
2026-01-28T17:00:00+0000,694.72,695.68,694.68,694.855,2775657.0
2026-01-28T17:30:00+0000,694.835,695.435,694.52,694.85,2105432.0
2026-01-28T18:00:00+0000,694.84,695.43,694.56,695.15,1664788.0
2026-01-28T18:30:00+0000,695.16,695.31,694.765,695.11,1764773.0
2026-01-28T19:00:00+0000,695.09,695.6499,694.046,694.18,3516266.0
2026-01-28T19:30:00+0000,694.18,696.07,693.94,694.91,6101713.0
2026-01-28T20:00:00+0000,694.91,696.285,694.78,695.45,3821433.0
2026-01-28T20:30:00+0000,695.44,696.135,694.75,695.425,10701374.0
2026-01-29T14:30:00+0000,696.39,697.06,691.47,691.56,11575330.0
2026-01-29T15:00:00+0000,691.57,691.64,688.86,688.97,10051430.0
2026-01-29T15:30:00+0000,688.97,689.31,685.1935,686.05,10462214.0
2026-01-29T16:00:00+0000,686.07,688.655,684.83,687.91,8798482.0
2026-01-29T16:30:00+0000,687.91,689.04,687.82,688.705,5154128.0
2026-01-29T17:00:00+0000,688.71,691.36,688.64,691.0301,4700570.0
2026-01-29T17:30:00+0000,691.02,691.675,688.71,688.89,4696866.0
2026-01-29T18:00:00+0000,688.89,691.15,688.71,690.97,3942899.0
2026-01-29T18:30:00+0000,690.98,691.81,690.19,690.59,3613403.0
2026-01-29T19:00:00+0000,690.59,692.21,690.225,692.07,4593860.0
2026-01-29T19:30:00+0000,692.07,692.225,691.08,691.13,4136196.0
2026-01-29T20:00:00+0000,691.13,692.05,691.045,691.57,3850253.0
2026-01-29T20:30:00+0000,691.58,694.79,691.39,693.97,13376800.0
2026-01-30T14:30:00+0000,691.79,693.71,691.222,691.69,8187871.0
2026-01-30T15:00:00+0000,691.67,694.05,691.24,691.385,5209341.0
2026-01-30T15:30:00+0000,691.38,694.21,690.89,692.12,4712297.0
2026-01-30T16:00:00+0000,692.1201,692.69,690.255,691.06,4208625.0
2026-01-30T16:30:00+0000,691.05,692.43,690.38,690.67,3410992.0
2026-01-30T17:00:00+0000,690.68,691.19,688.73,691.07,5236353.0
2026-01-30T17:30:00+0000,691.065,691.53,689.13,689.17,3644964.0
2026-01-30T18:00:00+0000,689.15,690.28,687.12,689.47,4445914.0
2026-01-30T18:30:00+0000,689.47,692.08,687.85,691.37,4559508.0
2026-01-30T19:00:00+0000,691.38,692.7,691.3,691.34,5326063.0
2026-01-30T19:30:00+0000,691.33,692.28,690.4458,690.57,6437306.0
2026-01-30T20:00:00+0000,690.57,691.21,689.3,690.04,6384333.0
2026-01-30T20:30:00+0000,690.07,692.8262,689.97,691.85,20643185.0
2026-02-02T14:30:00+0000,689.58,693.84,689.425,692.7,11794338.0
2026-02-02T15:00:00+0000,692.62,695.67,692.31,694.685,8585152.0
2026-02-02T15:30:00+0000,694.685,695.75,694.355,694.73,5022664.0
2026-02-02T16:00:00+0000,694.72,695.68,693.92,695.55,4223935.0
2026-02-02T16:30:00+0000,695.56,695.86,694.49,695.75,2876401.0
2026-02-02T17:00:00+0000,695.75,696.52,695.64,696.225,3293192.0
2026-02-02T17:30:00+0000,696.2275,696.93,696.05,696.405,2164560.0
2026-02-02T18:00:00+0000,696.41,696.7199,695.685,696.0601,2519820.0
2026-02-02T18:30:00+0000,696.07,696.76,696.025,696.49,2092132.0
2026-02-02T19:00:00+0000,696.49,696.88,696.36,696.79,2886700.0
2026-02-02T19:30:00+0000,696.785,696.79,695.345,695.52,4457243.0
2026-02-02T20:00:00+0000,695.525,696.47,695.0103,695.8086,7706800.0
2026-02-02T20:30:00+0000,695.81,695.96,695.08,695.46,13121603.0
2026-02-03T14:30:00+0000,696.21,696.96,693.34,693.48,11330701.0
2026-02-03T15:00:00+0000,693.51,693.72,690.8,692.205,10174967.0
2026-02-03T15:30:00+0000,692.19,693.43,690.93,693.14,6765600.0
2026-02-03T16:00:00+0000,693.14,693.19,690.67,690.8,4239374.0
2026-02-03T16:30:00+0000,690.81,691.4499,690.27,690.64,4845241.0
2026-02-03T17:00:00+0000,690.64,690.74,688.61,688.83,7180623.0
2026-02-03T17:30:00+0000,688.82,688.94,687.39,687.7,5911977.0
2026-02-03T18:00:00+0000,687.69,688.55,686.24,686.365,5658361.0
2026-02-03T18:30:00+0000,686.365,686.41,684.85,684.86,4446433.0
2026-02-03T19:00:00+0000,684.84,687.22,684.03,686.2135,9707019.0
2026-02-03T19:30:00+0000,686.21,687.08,685.13,686.83,6391650.0
2026-02-03T20:00:00+0000,686.82,687.805,686.28,687.53,6115525.0
2026-02-03T20:30:00+0000,687.53,689.75,687.49,689.47,12790168.0
2026-02-04T14:30:00+0000,690.35,691.45,687.83,688.19,10202260.0
2026-02-04T15:00:00+0000,688.17,690.85,686.51,689.9,9058586.0
2026-02-04T15:30:00+0000,689.9,690.27,687.32,688.59,8084433.0
2026-02-04T16:00:00+0000,688.61,688.9,686.39,688.3499,7243816.0
2026-02-04T16:30:00+0000,688.35,688.48,684.335,686.59,7153355.0
2026-02-04T17:00:00+0000,686.58,687.1,683.22,683.7,5057824.0
2026-02-04T17:30:00+0000,683.7,684.8,681.76,683.66,8960716.0
2026-02-04T18:00:00+0000,683.66,685.01,682.33,684.8,5538389.0
2026-02-04T18:30:00+0000,684.81,685.51,683.11,684.63,5221396.0
2026-02-04T19:00:00+0000,684.62,685.405,683.4,685.34,5111335.0
2026-02-04T19:30:00+0000,685.34,688.48,685.3,688.27,7759220.0
2026-02-04T20:00:00+0000,688.27,688.49,686.745,687.54,5601539.0
2026-02-04T20:30:00+0000,687.53,688.44,685.641,686.12,10951557.0
2026-02-05T14:30:00+0000,680.94,683.69,678.75,680.61,12991738.0
2026-02-05T15:00:00+0000,680.61,681.38,676.175,676.64,11667726.0
2026-02-05T15:30:00+0000,676.65,678.49,675.94,677.33,9787202.0
2026-02-05T16:00:00+0000,677.35,679.79,675.79,679.66,7849428.0
2026-02-05T16:30:00+0000,679.66,681.535,678.95,681.24,7074217.0
2026-02-05T17:00:00+0000,681.22,681.94,678.98,681.5,4825862.0
2026-02-05T17:30:00+0000,681.52,682.615,680.17,680.45,3960812.0
2026-02-05T18:00:00+0000,680.46,681.32,678.85,679.15,3837955.0
2026-02-05T18:30:00+0000,679.16,680.01,677.685,678.3003,3851931.0
2026-02-05T19:00:00+0000,678.31,681.47,678.03,680.245,6518482.0
2026-02-05T19:30:00+0000,680.24,680.24,678.39,679.09,4632322.0
2026-02-05T20:00:00+0000,679.09,680.895,677.64,677.77,6639155.0
2026-02-05T20:30:00+0000,677.79,678.3499,676.1855,677.45,14015141.0
2026-02-06T14:30:00+0000,681.46,686.51,680.85,684.745,15390352.0
2026-02-06T15:00:00+0000,684.8,685.81,683.11,685.65,7885330.0
2026-02-06T15:30:00+0000,685.65,687.04,684.33,685.8,7352774.0
2026-02-06T16:00:00+0000,685.79,687.72,685.43,687.105,6075454.0
2026-02-06T16:30:00+0000,687.105,688.02,686.94,687.46,4187913.0
2026-02-06T17:00:00+0000,687.455,688.51,687.14,688.48,3290792.0
2026-02-06T17:30:00+0000,688.5,689.54,687.8524,688.95,3849244.0
2026-02-06T18:00:00+0000,688.96,689.51,688.59,688.945,3014682.0
2026-02-06T18:30:00+0000,688.95,689.66,688.88,689.03,2553502.0
2026-02-06T19:00:00+0000,689.03,689.53,688.74,689.478,3194620.0
2026-02-06T19:30:00+0000,689.48,689.76,688.9,689.35,3096524.0
2026-02-06T20:00:00+0000,689.34,690.14,689.1,689.775,4617043.0
2026-02-06T20:30:00+0000,689.77,692.31,689.6,690.66,14838932.0
2026-02-09T14:30:00+0000,689.42,691.635,688.34,690.4,10868447.0
2026-02-09T15:00:00+0000,690.38,692.93,690.22,691.94,5824378.0
2026-02-09T15:30:00+0000,691.96,694.46,691.9387,694.24,5639155.0
2026-02-09T16:00:00+0000,694.23,694.76,694.06,694.6897,4640584.0
2026-02-09T16:30:00+0000,694.68,695.59,694.27,695.39,3716496.0
2026-02-09T17:00:00+0000,695.385,695.66,695.12,695.14,2636024.0
2026-02-09T17:30:00+0000,695.15,695.51,694.48,694.58,2156397.0
2026-02-09T18:00:00+0000,694.57,695.0,693.55,694.23,3609255.0
2026-02-09T18:30:00+0000,694.23,695.19,694.0,694.67,2534035.0
2026-02-09T19:00:00+0000,694.67,695.87,694.49,695.74,3270140.0
2026-02-09T19:30:00+0000,695.74,695.85,695.34,695.42,2466272.0
2026-02-09T20:00:00+0000,695.42,695.72,694.33,694.575,4605474.0
2026-02-09T20:30:00+0000,694.57,695.02,693.88,693.92,11568263.0
2026-02-10T14:30:00+0000,694.95,696.16,693.455,695.75,8991361.0
2026-02-10T15:00:00+0000,695.74,696.435,694.71,695.92,4999726.0
2026-02-10T15:30:00+0000,695.905,696.54,694.91,695.395,3452066.0
2026-02-10T16:00:00+0000,695.4,695.67,694.09,694.78,3801246.0
2026-02-10T16:30:00+0000,694.77,695.4,694.32,694.77,2419167.0
2026-02-10T17:00:00+0000,694.755,695.6701,694.2,695.25,3299913.0
2026-02-10T17:30:00+0000,695.25,695.8,694.825,695.4413,1686573.0
2026-02-10T18:00:00+0000,695.45,695.47,693.37,693.44,3267918.0
2026-02-10T18:30:00+0000,693.43,693.86,692.85,693.64,4082527.0
2026-02-10T19:00:00+0000,693.65,693.905,693.13,693.87,3008775.0
2026-02-10T19:30:00+0000,693.87,694.13,693.36,693.77,2290504.0
2026-02-10T20:00:00+0000,693.76,693.993,693.11,693.2975,3190462.0
2026-02-10T20:30:00+0000,693.3,693.54,691.66,692.11,13770740.0
2026-02-11T14:30:00+0000,696.39,697.14,693.805,694.12,9049397.0
2026-02-11T15:00:00+0000,694.13,694.76,689.18,689.72,10524711.0
2026-02-11T15:30:00+0000,689.7301,692.62,689.56,692.35,7335872.0
2026-02-11T16:00:00+0000,692.33,693.45,691.38,691.84,4175794.0
2026-02-11T16:30:00+0000,691.82,693.35,691.5,692.05,3807783.0
2026-02-11T17:00:00+0000,692.05,693.84,691.39,693.597,4171705.0
2026-02-11T17:30:00+0000,693.6,693.99,692.55,692.77,2481618.0
2026-02-11T18:00:00+0000,692.77,692.98,691.41,692.79,3974008.0
2026-02-11T18:30:00+0000,692.7897,693.02,692.03,692.73,2966827.0
2026-02-11T19:00:00+0000,692.73,693.955,692.11,693.74,3858569.0
2026-02-11T19:30:00+0000,693.75,693.86,692.42,692.94,4195335.0
2026-02-11T20:00:00+0000,692.92,693.1,692.23,692.255,3824097.0
2026-02-11T20:30:00+0000,692.25,692.99,691.77,691.91,9384755.0
2026-02-12T14:30:00+0000,694.24,695.35,692.32,692.83,9174366.0
2026-02-12T15:00:00+0000,692.84,693.73,692.16,693.065,5436397.0
2026-02-12T15:30:00+0000,693.08,693.48,688.585,688.65,7705835.0
2026-02-12T16:00:00+0000,688.66,688.805,683.575,683.595,15157811.0
2026-02-12T16:30:00+0000,683.6,685.84,683.525,684.64,9915237.0
2026-02-12T17:00:00+0000,684.63,685.27,683.38,684.12,7043293.0
2026-02-12T17:30:00+0000,684.1,685.575,682.95,682.99,4902658.0
2026-02-12T18:00:00+0000,682.99,684.12,682.22,683.17,5523648.0
2026-02-12T18:30:00+0000,683.165,685.325,682.8,684.71,5538356.0
2026-02-12T19:00:00+0000,684.7,685.42,683.595,684.15,5166106.0
2026-02-12T19:30:00+0000,684.13,685.965,684.12,685.16,5560395.0
2026-02-12T20:00:00+0000,685.18,685.54,683.11,683.22,6211617.0
2026-02-12T20:30:00+0000,683.2,683.4,680.37,681.29,19269100.0
2026-02-13T14:30:00+0000,681.69,683.32,677.52,679.93,14096525.0
2026-02-13T15:00:00+0000,679.91,683.37,679.7768,682.94,7287499.0
2026-02-13T15:30:00+0000,682.94,684.57,680.79,682.5202,7278192.0
2026-02-13T16:00:00+0000,682.52,684.22,681.83,683.82,4957465.0
2026-02-13T16:30:00+0000,683.81,685.51,682.87,684.75,4310252.0
2026-02-13T17:00:00+0000,684.75,686.05,684.48,685.365,3989706.0
2026-02-13T17:30:00+0000,685.38,686.28,684.86,685.1,3513248.0
2026-02-13T18:00:00+0000,685.11,686.26,684.09,685.39,4433523.0
2026-02-13T18:30:00+0000,685.39,686.06,684.37,684.66,3433180.0
2026-02-13T19:00:00+0000,684.67,685.365,684.1,684.34,3580106.0
2026-02-13T19:30:00+0000,684.35,684.93,682.24,682.4,4271092.0
2026-02-13T20:00:00+0000,682.4,683.26,680.34,680.63,6092813.0
2026-02-13T20:30:00+0000,680.64,681.84,679.81,681.62,13675136.0
2026-02-17T14:30:00+0000,680.14,682.8,676.46,676.63,12081674.0
2026-02-17T15:00:00+0000,676.62,679.75,676.27,677.34,7317952.0
2026-02-17T15:30:00+0000,677.33,678.64,675.78,678.61,6383432.0
2026-02-17T16:00:00+0000,678.6,683.24,678.45,681.6,8896064.0
2026-02-17T16:30:00+0000,681.575,683.03,680.81,682.46,4749918.0
2026-02-17T17:00:00+0000,682.42,682.54,680.4313,682.2,3474047.0
2026-02-17T17:30:00+0000,682.21,682.32,679.15,681.0103,3953459.0
2026-02-17T18:00:00+0000,681.02,682.54,679.83,682.39,3099035.0
2026-02-17T18:30:00+0000,682.4,684.715,682.03,684.075,4185782.0
2026-02-17T19:00:00+0000,684.08,684.62,683.58,683.99,3248663.0
2026-02-17T19:30:00+0000,683.97,684.94,683.41,683.57,2905047.0
2026-02-17T20:00:00+0000,683.57,684.1,682.67,682.87,4068800.0
2026-02-17T20:30:00+0000,682.88,683.29,681.93,682.78,9911481.0
2026-02-18T14:30:00+0000,684.02,686.38,682.83,686.16,8836402.0
2026-02-18T15:00:00+0000,686.16,688.465,686.085,687.84,8075679.0
2026-02-18T15:30:00+0000,687.84,688.725,687.29,688.515,3499755.0
2026-02-18T16:00:00+0000,688.52,688.96,688.02,688.22,3192040.0
2026-02-18T16:30:00+0000,688.22,688.76,687.4999,687.53,2432679.0
2026-02-18T17:00:00+0000,687.53,688.89,687.38,688.2,2967596.0
2026-02-18T17:30:00+0000,688.19,688.8,687.89,688.501,1985899.0
2026-02-18T18:00:00+0000,688.5,689.15,687.475,687.805,2405600.0
2026-02-18T18:30:00+0000,687.81,688.02,686.04,686.98,4123657.0
2026-02-18T19:00:00+0000,686.99,687.39,686.07,686.42,4265164.0
2026-02-18T19:30:00+0000,686.43,686.63,684.05,684.59,5521891.0
2026-02-18T20:00:00+0000,684.6,685.36,683.92,684.21,4614334.0
2026-02-18T20:30:00+0000,684.21,687.18,684.12,686.26,13250911.0
2026-02-19T14:30:00+0000,683.84,685.82,682.47,685.0,8678936.0
2026-02-19T15:00:00+0000,685.0,686.18,683.81,683.9,5484199.0
2026-02-19T15:30:00+0000,683.89,685.86,683.71,685.32,3259466.0
2026-02-19T16:00:00+0000,685.32,685.83,683.9,684.15,2655503.0
2026-02-19T16:30:00+0000,684.16,685.27,682.72,683.525,3640009.0
2026-02-19T17:00:00+0000,683.535,684.78,682.7,683.93,2960877.0
2026-02-19T17:30:00+0000,683.915,684.26,682.13,682.44,2830254.0
2026-02-19T18:00:00+0000,682.42,683.42,681.5475,682.4,3304299.0
2026-02-19T18:30:00+0000,682.34,683.88,682.01,683.74,2668733.0
2026-02-19T19:00:00+0000,683.74,684.0599,683.0,683.275,2531000.0
2026-02-19T19:30:00+0000,683.25,683.565,681.88,682.56,3420328.0
2026-02-19T20:00:00+0000,682.53,683.49,682.52,682.9,3973920.0
2026-02-19T20:30:00+0000,682.89,684.6,682.8001,684.52,7648462.0
2026-02-20T14:30:00+0000,682.32,685.35,681.73,684.85,7267159.0
2026-02-20T15:00:00+0000,684.89,689.4,684.19,686.8,11328423.0
2026-02-20T15:30:00+0000,686.8,689.17,685.51,688.83,5859926.0
2026-02-20T16:00:00+0000,688.82,689.24,686.09,686.13,11088503.0
2026-02-20T16:30:00+0000,686.13,689.15,685.89,688.57,6361617.0
2026-02-20T17:00:00+0000,688.57,688.87,684.08,685.2292,5881936.0
2026-02-20T17:30:00+0000,685.235,687.71,684.9701,687.48,4927887.0
2026-02-20T18:00:00+0000,687.43,687.8,685.7175,686.56,4218003.0
2026-02-20T18:30:00+0000,686.54,690.06,685.76,689.3,9260818.0
2026-02-20T19:00:00+0000,689.3,689.79,688.24,688.58,3936069.0
2026-02-20T19:30:00+0000,688.58,689.12,687.81,688.05,3577054.0
2026-02-20T20:00:00+0000,688.06,689.32,688.005,688.36,4449973.0
2026-02-20T20:30:00+0000,688.36,689.5,688.27,689.36,10692299.0
2026-02-23T14:30:00+0000,687.83,690.0,686.3,686.53,10879079.635702
2026-02-23T15:00:00+0000,686.5,687.23,684.2799,684.51,8045461.5093
2026-02-23T15:30:00+0000,684.5,685.005,682.18,682.26,7093687.217975
2026-02-23T16:00:00+0000,682.27,682.91,680.371,682.87,8309822.842781
2026-02-23T16:30:00+0000,682.88,683.085,681.78,681.96,4423053.377429
2026-02-23T17:00:00+0000,681.97,682.47,681.59,681.69,2659646.950475
2026-02-23T17:30:00+0000,681.7,682.35,680.59,682.045,4149149.747025
2026-02-23T18:00:00+0000,682.04,683.95,681.94,683.8099,3525017.365792
2026-02-23T18:30:00+0000,683.81,683.91,681.87,682.01,3280170.307809
2026-02-23T19:00:00+0000,682.02,682.28,681.17,681.27,4207994.723378001
2026-02-23T19:30:00+0000,681.255,681.66,680.54,681.06,3879558.51635
2026-02-23T20:00:00+0000,681.06,681.52,680.65,681.35,4474730.940563
2026-02-23T20:30:00+0000,681.34,682.47,680.9,682.41,15739629.944086999
2026-02-24T14:30:00+0000,681.9,685.46,680.0,683.15,10554663.775756
2026-02-24T15:00:00+0000,683.18,686.39,682.03,686.335,6900481.592023
2026-02-24T15:30:00+0000,686.32,686.545,685.18,685.37,5177854.750522001
2026-02-24T16:00:00+0000,685.37,686.87,685.2921,686.09,3737564.0281080003
2026-02-24T16:30:00+0000,686.1,686.7,685.15,686.47,3211561.9990310003
2026-02-24T17:00:00+0000,686.46,687.8,686.4,687.5301,3558344.2714750003
2026-02-24T17:30:00+0000,687.53,687.66,686.962,687.37,2311482.0617099996
2026-02-24T18:00:00+0000,687.36,688.1,686.94,687.03,2108680.861894
2026-02-24T18:30:00+0000,687.04,687.875,686.905,687.4599,2448950.0640209997
2026-02-24T19:00:00+0000,687.45,687.6,686.65,686.89,3798468.639781
2026-02-24T19:30:00+0000,686.89,687.69,686.78,687.135,2689633.481113
2026-02-24T20:00:00+0000,687.135,687.34,686.46,686.54,3453096.596682
2026-02-24T20:30:00+0000,686.53,688.35,686.5101,687.36,12579575.073224999
2026-02-25T14:30:00+0000,690.18,691.99,690.1,691.32,6556322.953511
2026-02-25T15:00:00+0000,691.32,691.58,690.25,691.15,4002640.0534069994
2026-02-25T15:30:00+0000,691.145,691.35,690.1701,690.84,2547937.0147700002
2026-02-25T16:00:00+0000,690.83,691.58,690.69,691.47,2645329.5874500005
2026-02-25T16:30:00+0000,691.48,692.39,691.4,692.04,3263603.0701510003
2026-02-25T17:00:00+0000,692.04,692.35,691.8,691.97,2214529.464435
2026-02-25T17:30:00+0000,691.97,692.57,691.84,692.55,2218727.69265
2026-02-25T18:00:00+0000,692.55,692.69,692.205,692.31,2634919.2661079997
2026-02-25T18:30:00+0000,692.31,692.69,692.21,692.49,2009930.038807
2026-02-25T19:00:00+0000,692.49,693.08,692.48,692.87,3206290.409928
2026-02-25T19:30:00+0000,692.86,693.32,692.85,693.085,2612965.4909420004
2026-02-25T20:00:00+0000,693.085,693.33,692.81,692.92,3947813.0943520004
2026-02-25T20:30:00+0000,692.92,693.68,692.74,693.08,10499100.450815
2026-02-26T14:30:00+0000,693.28,693.3,690.42,690.67,7764039.987776
2026-02-26T15:00:00+0000,690.68,691.03,684.74,685.69,11044539.323362
2026-02-26T15:30:00+0000,685.67,688.18,684.35,687.71,7481846.517728
2026-02-26T16:00:00+0000,687.72,689.1,687.46,688.74,3693799.364232
2026-02-26T16:30:00+0000,688.74,688.92,686.035,686.25,3917491.9971280005
2026-02-26T17:00:00+0000,686.24,687.06,686.03,686.285,2601104.0657209996
2026-02-26T17:30:00+0000,686.25,687.09,685.01,685.46,2631025.397679
2026-02-26T18:00:00+0000,685.47,685.955,684.73,685.67,2885515.8782740002
2026-02-26T18:30:00+0000,685.66,688.19,685.41,687.39,4488186.589819999
2026-02-26T19:00:00+0000,687.41,689.32,687.16,688.61,3927784.7290840005
2026-02-26T19:30:00+0000,688.62,689.66,687.07,689.02,3333379.767368
2026-02-26T20:00:00+0000,689.01,689.81,688.615,688.665,3717629.6468100003
2026-02-26T20:30:00+0000,688.665,689.5167,688.62,689.32,8572303.634165
2026-02-27T14:30:00+0000,683.09,684.25,681.64,682.8664,8985283.179282
2026-02-27T15:00:00+0000,682.86,685.49,682.66,684.5294,6379770.808922
2026-02-27T15:30:00+0000,684.51,686.05,683.74,685.22,3556689.2167749996
2026-02-27T16:00:00+0000,685.24,686.05,684.66,685.385,3484209.858254
2026-02-27T16:30:00+0000,685.39,686.2899,684.565,684.87,3290512.27752
2026-02-27T17:00:00+0000,684.86,686.28,683.29,684.14,4210135.46925
2026-02-27T17:30:00+0000,684.13,685.12,683.4755,684.375,4491723.776156
2026-02-27T18:00:00+0000,684.37,684.68,683.06,683.8,2922757.6687049996
2026-02-27T18:30:00+0000,683.8,684.24,683.3,683.95,2479731.745377
2026-02-27T19:00:00+0000,683.95,684.98,683.48,683.6,3194240.020975
2026-02-27T19:30:00+0000,683.6,684.03,682.99,683.35,3404112.966804
2026-02-27T20:00:00+0000,683.34,686.1,683.32,685.5901,6686480.244784001
2026-02-27T20:30:00+0000,685.58,686.86,684.49,686.23,16004212.654711
2026-03-02T14:30:00+0000,678.7,683.37,678.02,683.0,10769265.01528
2026-03-02T15:00:00+0000,682.95,685.36,681.96,683.43,8599661.619015
2026-03-02T15:30:00+0000,683.42,684.84,682.42,684.21,5287027.842111999
2026-03-02T16:00:00+0000,684.19,685.67,682.95,683.22,5536917.013987
2026-03-02T16:30:00+0000,683.22,686.97,682.92,686.235,5560687.916083001
2026-03-02T17:00:00+0000,686.24,687.19,685.71,686.4837,3273195.2270489996
2026-03-02T17:30:00+0000,686.48,687.31,686.08,687.2199,2519075.92892
2026-03-02T18:00:00+0000,687.22,687.42,686.1002,686.72,2029996.485624
2026-03-02T18:30:00+0000,686.75,686.84,685.225,685.28,2801117.5768600004
2026-03-02T19:00:00+0000,685.27,688.28,685.19,688.2,4229404.936812
2026-03-02T19:30:00+0000,688.21,688.62,687.97,688.195,3144580.15584
2026-03-02T20:00:00+0000,688.19,688.33,684.89,685.35,10018781.57483
2026-03-02T20:30:00+0000,685.35,687.31,685.2,686.37,12691312.030034
2026-03-03T14:30:00+0000,675.06,677.1,671.95,672.38,15325581.965344
2026-03-03T15:00:00+0000,672.36,673.93,669.66,669.85,13021771.404632
2026-03-03T15:30:00+0000,669.85,672.5,669.78,671.98,9207561.543362001
2026-03-03T16:00:00+0000,671.96,676.58,671.75,676.02,8016888.538063001
2026-03-03T16:30:00+0000,676.0,678.45,674.66,677.56,6793620.81573
2026-03-03T17:00:00+0000,677.57,678.49,676.37,678.32,3787635.628698
2026-03-03T17:30:00+0000,678.32,678.474,676.08,677.42,3752318.9211790003
2026-03-03T18:00:00+0000,677.39,680.43,677.38,679.82,3853465.981989
2026-03-03T18:30:00+0000,679.82,681.91,679.67,681.26,5499251.547688
2026-03-03T19:00:00+0000,681.24,681.52,679.665,680.5,3859379.0508929994
2026-03-03T19:30:00+0000,680.5,682.61,679.275,681.233,6675019.910327001
2026-03-03T20:00:00+0000,681.25,681.95,680.16,681.05,4816280.511605
2026-03-03T20:30:00+0000,681.04,681.51,679.21,680.27,9234219.206689
2026-03-04T14:30:00+0000,681.63,683.518,679.62,681.303,7047868.341589
2026-03-04T15:00:00+0000,681.41,686.27,680.87,686.15,7242411.767147
2026-03-04T15:30:00+0000,686.14,686.31,683.88,685.83,6268391.351406001
2026-03-04T16:00:00+0000,685.84,686.64,684.18,685.19,6472933.709861999
2026-03-04T16:30:00+0000,685.18,686.4,684.85,685.78,4337202.7903309995
2026-03-04T17:00:00+0000,685.795,686.36,685.31,685.325,3369566.032834
2026-03-04T17:30:00+0000,685.35,686.42,684.58,686.19,3863506.125926
2026-03-04T18:00:00+0000,686.2,686.49,685.38,686.105,3051556.443462
2026-03-04T18:30:00+0000,686.11,686.87,686.1,686.545,2931283.5680330005
2026-03-04T19:00:00+0000,686.55,686.96,686.39,686.6,2221266.984921
2026-03-04T19:30:00+0000,686.61,687.09,686.445,686.81,2684845.03971
2026-03-04T20:00:00+0000,686.815,687.005,685.475,686.23,4228708.145518
2026-03-04T20:30:00+0000,686.24,686.63,685.13,685.16,11199615.763286
2026-03-05T14:30:00+0000,682.08,685.1012,681.85,685.1,8371553.985201
2026-03-05T15:00:00+0000,685.09,685.53,680.33,680.82,9045328.321556
2026-03-05T15:30:00+0000,680.83,682.58,679.32,682.1,7439936.708017999
2026-03-05T16:00:00+0000,682.11,682.36,679.01,679.535,8573465.801142
2026-03-05T16:30:00+0000,679.53,681.35,679.46,681.06,5576245.854581
2026-03-05T17:00:00+0000,681.055,682.42,678.49,678.51,5386941.554188
2026-03-05T17:30:00+0000,678.51,678.805,676.03,676.46,7947373.526311
2026-03-05T18:00:00+0000,676.45,678.26,675.9,676.3,4862015.673154
2026-03-05T18:30:00+0000,676.28,677.96,675.82,676.62,4005923.739193
2026-03-05T19:00:00+0000,676.6,677.79,676.29,676.67,4123499.674602
2026-03-05T19:30:00+0000,676.67,677.73,675.61,677.09,4262249.218969
2026-03-05T20:00:00+0000,677.07,680.46,676.39,679.46,8441247.749715
2026-03-05T20:30:00+0000,679.47,681.75,679.17,681.44,17261563.336992
2026-03-06T14:30:00+0000,673.41,674.06,669.76,670.87,13139413.432154
2026-03-06T15:00:00+0000,670.91,674.36,670.791,674.17,7876685.545464
2026-03-06T15:30:00+0000,674.13,675.915,672.46,674.92,7090957.371468999
2026-03-06T16:00:00+0000,674.96,676.01,673.435,674.42,4958946.757091001
2026-03-06T16:30:00+0000,674.43,676.0,673.4,674.97,3958005.033725
2026-03-06T17:00:00+0000,674.98,675.84,673.35,673.81,3906889.225571
2026-03-06T17:30:00+0000,673.8,674.16,672.03,673.08,4299744.938916
2026-03-06T18:00:00+0000,673.09,676.11,672.97,674.64,5087835.553439
2026-03-06T18:30:00+0000,674.67,675.3,673.69,674.04,4250438.130398
2026-03-06T19:00:00+0000,674.07,675.43,673.78,674.92,3370453.539732
2026-03-06T19:30:00+0000,674.91,675.64,674.18,675.01,4736825.377354
2026-03-06T20:00:00+0000,675.0,675.97,671.98,672.23,7386157.084841
2026-03-06T20:30:00+0000,672.23,673.4,671.14,672.46,16551021.983665
2026-03-09T13:30:00+0000,666.39,667.63,662.7,664.08,10632504.272837
2026-03-09T14:00:00+0000,664.05,665.96,662.39,664.06,7962341.376366999
2026-03-09T14:30:00+0000,664.03,668.31,663.98,667.58,6056672.236083
2026-03-09T15:00:00+0000,667.58,669.92,667.58,669.77,5489496.395835
2026-03-09T15:30:00+0000,669.77,669.89,668.37,669.44,4434406.327068
2026-03-09T16:00:00+0000,669.46,671.6,669.1699,670.87,4433899.405657
2026-03-09T16:30:00+0000,670.87,672.25,669.89,671.2699,4638317.210948001
2026-03-09T17:00:00+0000,671.275,671.36,668.71,668.845,4269229.39947
2026-03-09T17:30:00+0000,668.84,669.34,668.09,668.815,3890731.92794
2026-03-09T18:00:00+0000,668.84,670.87,668.77,670.06,4301844.455805
2026-03-09T18:30:00+0000,670.06,671.3,669.9378,670.08,4130355.952378
2026-03-09T19:00:00+0000,670.1,677.515,669.9,677.39,12762824.618627999
2026-03-09T19:30:00+0000,677.37,679.92,675.88,678.31,16099791.653044
2026-03-10T13:30:00+0000,677.72,678.785,675.49,675.85,7086833.509709
2026-03-10T14:00:00+0000,675.83,678.05,674.76,677.62,4681251.332496
2026-03-10T14:30:00+0000,677.64,681.16,677.63,681.14,4972518.695669999
2026-03-10T15:00:00+0000,681.13,681.685,680.23,681.11,4361067.744995
2026-03-10T15:30:00+0000,681.1,681.9499,680.44,681.37,3389570.9949189997
2026-03-10T16:00:00+0000,681.36,681.4,679.68,680.6,3873370.5154239996
2026-03-10T16:30:00+0000,680.61,681.82,680.61,681.45,4146623.6294750003
2026-03-10T17:00:00+0000,681.45,683.36,681.27,683.265,4944327.482701
2026-03-10T17:30:00+0000,683.25,683.25,680.63,682.047,4947803.195152
2026-03-10T18:00:00+0000,682.05,682.19,677.38,679.35,10262002.431032
2026-03-10T18:30:00+0000,679.315,680.37,678.38,678.5,4689734.607532
2026-03-10T19:00:00+0000,678.52,679.53,677.41,677.41,4818163.367707999
2026-03-10T19:30:00+0000,677.42,678.32,676.23,677.07,10414889.448797
2026-03-11T13:30:00+0000,677.58,678.5,676.13,677.89,6041583.1561
2026-03-11T14:00:00+0000,677.9,680.08,675.195,676.14,6546752.712112
2026-03-11T14:30:00+0000,676.14,678.38,675.2,678.07,3405246.217131
2026-03-11T15:00:00+0000,678.08,678.64,674.59,674.67,5074826.246445
2026-03-11T15:30:00+0000,674.68,675.29,673.64,674.2018,3751819.8391579995
2026-03-11T16:00:00+0000,674.19,674.74,673.51,674.705,3828015.678854
2026-03-11T16:30:00+0000,674.7,676.32,674.65,676.29,2724587.372691
2026-03-11T17:00:00+0000,676.24,676.77,675.33,676.46,2877454.355544
2026-03-11T17:30:00+0000,676.46,676.6399,673.34,674.99,4984321.933754001
2026-03-11T18:00:00+0000,674.99,675.51,673.7,675.27,3592707.768926
2026-03-11T18:30:00+0000,675.27,675.79,674.76,675.25,4085093.5850090003
2026-03-11T19:00:00+0000,675.26,675.47,674.32,674.975,3957030.310273
2026-03-11T19:30:00+0000,674.99,676.6,674.75,676.35,7671725.567885
2026-03-12T13:30:00+0000,671.16,671.65,668.183,668.87,11018953.154624999
2026-03-12T14:00:00+0000,668.87,671.2,668.05,668.06,7337376.2922559995
2026-03-12T14:30:00+0000,668.06,670.551,667.3,668.5,7850131.448714
2026-03-12T15:00:00+0000,668.51,668.8,666.92,668.18,5772618.639719
2026-03-12T15:30:00+0000,668.18,670.31,667.24,669.2999,8016497.472414
2026-03-12T16:00:00+0000,669.31,671.31,667.67,668.84,6836917.332891
2026-03-12T16:30:00+0000,668.77,670.29,668.04,668.83,4544516.58459
2026-03-12T17:00:00+0000,668.82,670.3099,667.99,668.56,4077844.4210399995
2026-03-12T17:30:00+0000,668.56,669.75,667.2701,668.1601,5243230.099231999
2026-03-12T18:00:00+0000,668.17,669.22,667.6901,668.19,4572959.407414
2026-03-12T18:30:00+0000,668.18,668.48,667.2,667.329,5720964.503844
2026-03-12T19:00:00+0000,667.32,668.39,666.87,667.98,7304749.932681
2026-03-12T19:30:00+0000,667.99,668.65,665.9027,666.05,12773165.947255999
2026-03-13T13:30:00+0000,669.27,672.335,668.96,670.53,9643737.241465002
2026-03-13T14:00:00+0000,670.54,671.25,667.73,668.8401,6206631.6763780005
2026-03-13T14:30:00+0000,668.87,670.23,664.99,665.33,7003488.816346
2026-03-13T15:00:00+0000,665.34,666.94,664.43,664.59,6813713.150532
2026-03-13T15:30:00+0000,664.57,665.33,663.1,663.38,6424292.224351
2026-03-13T16:00:00+0000,663.36,664.965,663.34,664.32,4489074.125964
2026-03-13T16:30:00+0000,664.31,665.23,663.135,663.335,4984890.001115
2026-03-13T17:00:00+0000,663.32,665.08,663.13,664.37,3772409.807849
2026-03-13T17:30:00+0000,664.35,664.52,662.08,662.63,5456911.709434
2026-03-13T18:00:00+0000,662.64,663.73,662.45,663.34,3983028.134164
2026-03-13T18:30:00+0000,663.33,664.81,663.1,664.18,3489281.489406
2026-03-13T19:00:00+0000,664.18,664.2,662.16,662.37,6013873.38407
2026-03-13T19:30:00+0000,662.37,663.0,661.36,662.3,11378077.67491
2026-03-16T13:30:00+0000,668.38,670.9,667.69,670.8,9038268.749715999
2026-03-16T14:00:00+0000,670.8,671.4,669.99,670.27,5814176.794658001
2026-03-16T14:30:00+0000,670.27,670.35,667.575,669.83,6631446.965826999
2026-03-16T15:00:00+0000,669.84,670.32,668.62,670.06,3835304.239657
2026-03-16T15:30:00+0000,670.04,670.64,668.44,668.47,3881242.435813
2026-03-16T16:00:00+0000,668.47,669.19,667.15,667.45,7640715.32861
2026-03-16T16:30:00+0000,667.42,669.074,667.12,668.425,2896652.600831
2026-03-16T17:00:00+0000,668.43,669.75,668.406,669.2,3136895.14463
2026-03-16T17:30:00+0000,669.2,669.56,667.98,668.755,2786762.153093
2026-03-16T18:00:00+0000,668.76,670.08,668.66,669.8,5673034.709184
2026-03-16T18:30:00+0000,669.8,670.31,669.49,669.605,3808005.5516649997
2026-03-16T19:00:00+0000,669.605,672.07,668.69,669.27,7795060.609853
2026-03-16T19:30:00+0000,669.27,669.43,668.42,668.96,10484867.739091
2026-03-17T13:30:00+0000,672.39,674.44,671.91,673.89,7559560.042183001
2026-03-17T14:00:00+0000,673.88,673.91,671.56,672.56,6014061.938973
2026-03-17T14:30:00+0000,672.57,673.47,672.14,673.03,3356915.8849069998
2026-03-17T15:00:00+0000,673.02,673.27,671.6,671.635,4498372.472495
2026-03-17T15:30:00+0000,671.63,672.19,670.3,671.01,5317857.1190990005
2026-03-17T16:00:00+0000,671.02,671.59,669.7,671.21,4547044.631652
2026-03-17T16:30:00+0000,671.2,671.64,670.72,670.95,2581692.950193
2026-03-17T17:00:00+0000,670.94,671.94,670.93,671.53,2553352.072718
2026-03-17T17:30:00+0000,671.53,671.975,671.03,671.7,2665123.854807
2026-03-17T18:00:00+0000,671.7,672.3,670.86,670.9,5580664.946234
2026-03-17T18:30:00+0000,670.9,671.44,670.74,671.0899,3439274.068067
2026-03-17T19:00:00+0000,671.09,671.605,670.59,671.04,4892339.219536
2026-03-17T19:30:00+0000,671.04,671.28,670.47,670.73,10145942.058787
2026-03-18T13:30:00+0000,668.36,669.72,667.88,669.28,7502335.345174
2026-03-18T14:00:00+0000,669.28,669.41,665.72,665.96,5097109.462855
2026-03-18T14:30:00+0000,665.97,667.155,665.66,667.14,4118035.1825490003
2026-03-18T15:00:00+0000,667.13,668.0,666.4,666.9342,3556362.1349339997
2026-03-18T15:30:00+0000,666.91,667.62,666.67,667.04,2637485.7379750004
2026-03-18T16:00:00+0000,667.03,667.58,666.4918,667.07,2075467.5164749997
2026-03-18T16:30:00+0000,667.07,667.296,665.83,666.55,2369666.410071
2026-03-18T17:00:00+0000,666.54,666.63,665.43,665.84,3112600.3085310003
2026-03-18T17:30:00+0000,665.84,666.87,665.29,666.72,3091569.371924
2026-03-18T18:00:00+0000,666.71,667.44,665.38,666.12,4111069.3867880004
2026-03-18T18:30:00+0000,666.11,666.3,663.32,663.41,6801749.196083
2026-03-18T19:00:00+0000,663.4,664.72,662.68,662.91,7921701.109339
2026-03-18T19:30:00+0000,662.9,663.2192,661.19,661.51,14246446.643007
2026-03-19T13:30:00+0000,656.97,658.96,655.17,658.66,13773157.328256
2026-03-19T14:00:00+0000,658.64,659.47,656.04,656.33,6308582.184478
2026-03-19T14:30:00+0000,656.34,659.064,656.26,657.7985,5383914.629942
2026-03-19T15:00:00+0000,657.79,659.71,657.21,657.72,6492002.022668
2026-03-19T15:30:00+0000,657.72,657.95,656.18,657.925,6430176.601924
2026-03-19T16:00:00+0000,657.91,659.04,657.12,657.95,5449973.725256001
2026-03-19T16:30:00+0000,657.98,658.71,656.61,657.168,4799502.912515
2026-03-19T17:00:00+0000,657.16,657.55,655.61,657.12,4594503.442018
2026-03-19T17:30:00+0000,657.1,657.88,656.16,657.24,3777315.5324569996
2026-03-19T18:00:00+0000,657.23,658.62,656.63,657.175,5363921.951137001
2026-03-19T18:30:00+0000,657.18,658.81,656.32,658.45,5554772.426627001
2026-03-19T19:00:00+0000,658.44,662.98,658.39,660.25,16269792.361479001
2026-03-19T19:30:00+0000,660.24,660.74,658.97,659.735,11501309.745329
2026-03-20T13:30:00+0000,656.51,656.69,653.0,653.15,10639661.60494
2026-03-20T14:00:00+0000,653.17,653.8111,651.48,651.86,7781699.714159
2026-03-20T14:30:00+0000,651.86,653.5,651.2,652.12,18688613.370635998
2026-03-20T15:00:00+0000,652.11,654.16,651.5,651.92,6443641.909133
2026-03-20T15:30:00+0000,651.94,653.26,651.73,652.945,8483933.445639
2026-03-20T16:00:00+0000,652.97,653.99,652.78,653.1,6873537.182738
2026-03-20T16:30:00+0000,653.1,653.4,651.95,652.77,4407502.026207
2026-03-20T17:00:00+0000,652.76,653.25,651.75,652.16,4715130.927819
2026-03-20T17:30:00+0000,652.19,652.37,650.55,651.4,5026756.703873999
2026-03-20T18:00:00+0000,651.41,651.695,648.66,649.43,10109451.843963
2026-03-20T18:30:00+0000,649.43,649.655,647.64,648.07,9370440.222779
2026-03-20T19:00:00+0000,648.08,648.645,646.78,647.12,11823120.420572
2026-03-20T19:30:00+0000,647.13,648.54,644.72,648.54,26824868.878523998
2026-03-23T13:30:00+0000,658.07,660.25,656.07,660.22,15681908.354995
2026-03-23T14:00:00+0000,660.2,662.27,658.58,660.99,10460584.824226
2026-03-23T14:30:00+0000,660.98,661.8,659.95,661.05,5831334.599675
2026-03-23T15:00:00+0000,661.07,662.615,660.7,660.89,6990173.933598001
2026-03-23T15:30:00+0000,660.9,661.33,655.83,656.01,11768904.939516
2026-03-23T16:00:00+0000,655.99,657.63,653.94,654.1088,7951686.633213
2026-03-23T16:30:00+0000,654.12,656.74,653.99,655.58,5462107.537266
2026-03-23T17:00:00+0000,655.6,656.25,654.31,655.28,3642941.032282
2026-03-23T17:30:00+0000,655.28,658.25,655.26,658.06,5759320.038554
2026-03-23T18:00:00+0000,658.09,658.31,656.53,657.39,5101402.449397
2026-03-23T18:30:00+0000,657.41,659.65,657.41,658.95,6694841.475649
2026-03-23T19:00:00+0000,658.95,659.02,657.03,657.33,4990877.332013
2026-03-23T19:30:00+0000,657.32,658.35,655.37,655.375,13899495.357448
2026-03-24T13:30:00+0000,651.32,653.04,649.88,651.48,8574634.94177
2026-03-24T14:00:00+0000,651.48,653.5857,651.2262,652.49,6384274.994204
2026-03-24T14:30:00+0000,652.51,655.94,651.22,653.94,9994377.783765001
2026-03-24T15:00:00+0000,653.98,656.83,653.92,656.04,6093008.780605
2026-03-24T15:30:00+0000,656.06,657.03,654.91,655.04,3672449.8606510004
2026-03-24T16:00:00+0000,655.05,656.25,654.3,655.96,4155908.777549
2026-03-24T16:30:00+0000,655.97,656.12,654.04,655.15,3381336.90549
2026-03-24T17:00:00+0000,655.13,655.39,652.55,653.405,5179672.130315
2026-03-24T17:30:00+0000,653.4,654.34,652.38,654.3,5046427.659302
2026-03-24T18:00:00+0000,654.3,654.98,653.2,654.59,5000800.463733
2026-03-24T18:30:00+0000,654.59,656.59,654.28,654.86,5716928.016554
2026-03-24T19:00:00+0000,654.83,655.69,654.31,654.45,4244817.807149
2026-03-24T19:30:00+0000,654.45,654.775,652.56,653.2,10043622.505012
2026-03-25T13:30:00+0000,658.67,660.89,656.42,656.49,10632104.569949001
2026-03-25T14:00:00+0000,656.56,660.5,655.67,658.14,8706010.185978
2026-03-25T14:30:00+0000,658.16,659.25,657.65,658.69,5082723.698951
2026-03-25T15:00:00+0000,658.69,659.0078,654.24,657.84,9494707.840265
2026-03-25T15:30:00+0000,657.85,658.24,656.12,657.0,5218034.224951999
2026-03-25T16:00:00+0000,657.0,658.07,656.01,657.5,4334715.102477
2026-03-25T16:30:00+0000,657.46,658.315,657.06,657.75,4652673.045530001
2026-03-25T17:00:00+0000,657.75,658.32,656.915,658.02,4083275.2087890003
2026-03-25T17:30:00+0000,658.04,659.38,657.33,657.9,5590349.05491
2026-03-25T18:00:00+0000,657.89,658.52,657.41,657.515,3271897.378325
2026-03-25T18:30:00+0000,657.51,657.81,655.64,656.5,5186184.427497
2026-03-25T19:00:00+0000,656.49,657.3201,655.58,656.51,6317555.696719
2026-03-25T19:30:00+0000,656.51,657.06,655.755,656.74,9045105.029013
2026-03-26T13:30:00+0000,652.06,654.63,650.73,654.47,11889833.523271
2026-03-26T14:00:00+0000,654.47,654.84,653.365,653.62,5285650.016233
2026-03-26T14:30:00+0000,653.62,654.85,650.82,652.21,9302797.587780003
2026-03-26T15:00:00+0000,652.22,652.91,651.58,651.71,5533839.537457
2026-03-26T15:30:00+0000,651.71,652.35,650.87,651.52,4259256.157225001
2026-03-26T16:00:00+0000,651.49,651.69,649.29,649.47,5418568.358107
2026-03-26T16:30:00+0000,649.4913,649.72,648.89,649.64,3519120.753871
2026-03-26T17:00:00+0000,649.64,650.1,647.98,648.62,3483273.585485
2026-03-26T17:30:00+0000,648.62,649.06,646.44,646.67,5297799.548987
2026-03-26T18:00:00+0000,646.655,647.57,646.49,646.6,5021935.501585
2026-03-26T18:30:00+0000,646.61,647.65,646.58,647.43,5489132.607573
2026-03-26T19:00:00+0000,647.44,647.52,645.85,646.21,6513163.03828
2026-03-26T19:30:00+0000,646.21,646.27,644.82,645.095,13334699.630598001
2026-03-27T13:30:00+0000,642.5,642.66,638.594,639.05,10346434.510997001
2026-03-27T14:00:00+0000,639.03,640.8,638.66,639.1,6595156.300581
2026-03-27T14:30:00+0000,639.1,640.588,638.3,640.19,4570242.217018
2026-03-27T15:00:00+0000,640.19,641.49,638.9401,640.96,6539309.1551709995
2026-03-27T15:30:00+0000,640.99,642.14,640.11,640.28,4787593.419992
2026-03-27T16:00:00+0000,640.3,640.43,638.58,638.89,4244025.231103
2026-03-27T16:30:00+0000,638.88,639.63,638.08,638.7,4548129.174783
2026-03-27T17:00:00+0000,638.7,639.93,636.59,636.62,6145329.818753
2026-03-27T17:30:00+0000,636.62,637.25,635.94,636.13,4699458.491052
2026-03-27T18:00:00+0000,636.1398,636.34,635.13,635.77,5941920.454818
2026-03-27T18:30:00+0000,635.765,636.73,635.2,635.38,5524913.800225
2026-03-27T19:00:00+0000,635.38,635.68,634.52,634.859,7965028.983173
2026-03-27T19:30:00+0000,634.86,635.35,633.105,634.08,16968360.476582997
2026-03-30T13:30:00+0000,640.11,640.37,634.68,635.07,9426932.581601
2026-03-30T14:00:00+0000,635.055,636.81,635.0,635.86,6806833.490813999
2026-03-30T14:30:00+0000,635.85,637.58,634.73,637.51,7473552.168054
2026-03-30T15:00:00+0000,637.51,638.8,635.56,636.46,7234263.047939001
2026-03-30T15:30:00+0000,636.45,638.475,636.04,637.34,4736137.738807
2026-03-30T16:00:00+0000,637.34,637.46,635.165,635.26,3784257.54067
2026-03-30T16:30:00+0000,635.27,636.01,634.985,635.3,3350310.960647
2026-03-30T17:00:00+0000,635.295,635.85,633.24,633.4,4834324.403601
2026-03-30T17:30:00+0000,633.4,634.63,632.71,633.57,6178747.314906
2026-03-30T18:00:00+0000,633.56,633.75,632.26,632.28,5098118.683792
2026-03-30T18:30:00+0000,632.29,633.17,631.45,631.75,7322068.543236
2026-03-30T19:00:00+0000,631.75,631.92,629.28,629.58,8258266.761705999
2026-03-30T19:30:00+0000,629.585,632.6402,629.35,632.02,14022447.822509
2026-03-31T13:30:00+0000,638.94,642.71,638.31,642.63,11427564.858905999
2026-03-31T14:00:00+0000,642.64,642.95,640.89,642.5,8285976.779693
2026-03-31T14:30:00+0000,642.48,642.65,637.98,638.68,7946414.185227
2026-03-31T15:00:00+0000,638.69,642.29,638.67,640.68,10564323.206094999
2026-03-31T15:30:00+0000,640.68,641.29,639.69,639.79,5068026.658808
2026-03-31T16:00:00+0000,639.79,642.63,639.52,642.12,4713801.020781
2026-03-31T16:30:00+0000,642.11,649.46,641.65,646.64,17807376.483125
2026-03-31T17:00:00+0000,646.66,648.55,645.44,647.0,7522324.301454
2026-03-31T17:30:00+0000,647.03,648.41,646.14,646.415,8057582.124381
2026-03-31T18:00:00+0000,646.41,648.24,646.39,647.7,5643229.622295
2026-03-31T18:30:00+0000,647.71,648.9,647.2,648.64,6048425.458397
2026-03-31T19:00:00+0000,648.64,649.91,648.0,649.402,8232302.572263999
2026-03-31T19:30:00+0000,649.42,651.54,649.32,650.235,24962066.880122997
2026-04-01T13:30:00+0000,653.9,656.05,653.0,654.29,12938522.926039
2026-04-01T14:00:00+0000,654.3,655.47,653.89,655.03,6711307.189974
2026-04-01T14:30:00+0000,655.03,656.85,653.58,656.5,7510486.510288
2026-04-01T15:00:00+0000,656.5,657.07,656.31,656.33,4529490.947544999
2026-04-01T15:30:00+0000,656.33,658.095,655.93,657.82,4407697.701634999
2026-04-01T16:00:00+0000,657.815,658.0896,657.12,657.175,3896376.3160559996
2026-04-01T16:30:00+0000,657.185,657.97,656.84,657.81,3068043.006373
2026-04-01T17:00:00+0000,657.82,658.52,657.7001,658.3,3662964.027323
2026-04-01T17:30:00+0000,658.31,658.44,656.77,656.79,3638117.1247619996
2026-04-01T18:00:00+0000,656.79,656.94,653.83,654.23,7676156.976143001
2026-04-01T18:30:00+0000,654.225,655.5,653.667,654.41,6825378.216996
2026-04-01T19:00:00+0000,654.39,656.3401,654.255,656.1,5432761.841056
2026-04-01T19:30:00+0000,656.1,656.75,654.72,655.17,13413219.056940999
2026-04-02T13:30:00+0000,646.42,649.89,645.11,649.63,7727041.146113999
2026-04-02T14:00:00+0000,649.645,651.1,648.55,650.34,6307613.720226
2026-04-02T14:30:00+0000,650.35,658.2,650.1,655.39,10452911.609135
2026-04-02T15:00:00+0000,655.39,655.93,653.82,655.29,4455748.139308
2026-04-02T15:30:00+0000,655.32,655.8894,653.0301,654.0,3462320.168457
2026-04-02T16:00:00+0000,653.985,654.67,652.17,652.72,2745184.3791300002
2026-04-02T16:30:00+0000,652.71,654.95,652.52,653.56,2978553.5108200004
2026-04-02T17:00:00+0000,653.57,655.04,653.03,654.63,1474311.903972
2026-04-02T17:30:00+0000,654.65,654.75,652.55,653.2102,2170328.211889
2026-04-02T18:00:00+0000,653.24,654.418,653.24,653.5,2263145.930164
2026-04-02T18:30:00+0000,653.51,655.015,653.39,654.46,2809262.459437
2026-04-02T19:00:00+0000,654.46,655.27,654.13,654.3799,4594285.712356
2026-04-02T19:30:00+0000,654.37,656.1,654.09,655.88,7964205.9989599995
2026-04-06T13:30:00+0000,655.86,658.55,655.52,658.53,4393788.383808
2026-04-06T14:00:00+0000,657.93,659.72,656.03,658.37,3708259.52458
2026-04-06T14:30:00+0000,658.43,659.06,656.62,657.49,3126233.213816
2026-04-06T15:00:00+0000,657.51,658.04,656.66,656.925,1741076.260029
2026-04-06T15:30:00+0000,656.93,657.97,656.34,657.85,1603145.870435
2026-04-06T16:00:00+0000,657.868,658.04,657.2,657.7932,1099640.0847429999
2026-04-06T16:30:00+0000,657.78,658.51,656.88,657.93,1604516.249448
2026-04-06T17:00:00+0000,657.93,657.99,655.52,657.3901,2466625.068307
2026-04-06T17:30:00+0000,657.41,658.0,656.43,656.47,1619160.9016649998
2026-04-06T18:00:00+0000,656.5,658.65,656.22,658.24,2291518.369866
2026-04-06T18:30:00+0000,658.23,658.5224,657.73,658.29,1850340.2265940001
2026-04-06T19:00:00+0000,658.32,658.42,657.86,657.8801,1778894.266644
2026-04-06T19:30:00+0000,657.88,658.92,657.81,658.87,5262862.693001
2026-04-07T13:30:00+0000,656.65,657.58,654.01,654.0312,4232626.713314
2026-04-07T14:00:00+0000,654.07,654.78,651.92,654.4,5458608.049412
2026-04-07T14:30:00+0000,654.45,655.34,652.55,652.6,4129694.171131
2026-04-07T15:00:00+0000,652.58,653.86,651.06,653.255,5133389.691066001
2026-04-07T15:30:00+0000,653.26,654.4,652.57,653.81,2972464.398193
2026-04-07T16:00:00+0000,653.82,657.0,653.81,655.92,4083638.997761
2026-04-07T16:30:00+0000,655.89,656.87,655.34,656.04,1610473.427681
2026-04-07T17:00:00+0000,656.05,656.88,655.48,655.82,1550803.258105
2026-04-07T17:30:00+0000,655.83,658.4,655.57,656.725,2719709.89425
2026-04-07T18:00:00+0000,656.73,657.02,656.03,656.15,1976966.994721
2026-04-07T18:30:00+0000,656.13,656.34,653.4301,653.96,3145715.3836239995
2026-04-07T19:00:00+0000,653.96,658.17,653.4122,656.66,6624872.27814
2026-04-07T19:30:00+0000,656.65,659.61,655.89,659.27,11768127.381781003
2026-04-08T13:30:00+0000,676.39,677.08,673.97,674.63,13325341.420297
2026-04-08T14:00:00+0000,674.635,675.27,674.04,674.13,6678968.940642
2026-04-08T14:30:00+0000,674.13,674.35,671.46,672.88,7202825.135172
2026-04-08T15:00:00+0000,672.87,673.98,672.46,673.03,3973088.58933
2026-04-08T15:30:00+0000,673.09,675.12,673.005,674.89,3657364.9613300003
2026-04-08T16:00:00+0000,674.89,675.675,674.48,675.02,3258020.4320730004
2026-04-08T16:30:00+0000,675.03,676.23,674.89,676.053,2404351.532346
2026-04-08T17:00:00+0000,676.07,676.435,674.77,675.01,2927542.283526
2026-04-08T17:30:00+0000,675.0101,675.89,674.74,675.81,3717317.224792
2026-04-08T18:00:00+0000,675.8,676.605,674.34,674.88,6475724.746604
2026-04-08T18:30:00+0000,674.9,675.32,672.83,672.94,5911271.446146
2026-04-08T19:00:00+0000,672.925,674.49,672.78,673.54,6251849.556318
2026-04-08T19:30:00+0000,673.54,676.07,673.49,675.87,14811506.898408
2026-04-09T13:30:00+0000,674.84,675.7899,674.43,675.27,4488654.145423001
2026-04-09T14:00:00+0000,675.26,675.69,673.93,674.295,4319314.237476
2026-04-09T14:30:00+0000,674.29,675.5,673.77,675.31,4302869.065819
2026-04-09T15:00:00+0000,675.31,676.55,674.61,675.93,4086215.854916
2026-04-09T15:30:00+0000,675.92,678.9,675.73,678.83,5176705.185125999
2026-04-09T16:00:00+0000,678.82,680.75,678.82,679.9,4141643.210021
2026-04-09T16:30:00+0000,679.92,680.1,678.97,679.87,3194721.955669
2026-04-09T17:00:00+0000,679.855,681.016,679.71,680.2901,2649352.177713
2026-04-09T17:30:00+0000,680.2999,681.16,679.66,680.54,2245712.438566
2026-04-09T18:00:00+0000,680.54,680.61,678.58,678.85,3365902.118805
2026-04-09T18:30:00+0000,678.86,679.42,678.44,679.12,2463889.702094
2026-04-09T19:00:00+0000,679.13,680.24,678.9503,679.92,2535507.279709
2026-04-09T19:30:00+0000,679.91,680.67,679.83,679.87,6981220.209642
2026-04-10T13:30:00+0000,681.32,681.93,680.17,680.76,4823301.803904
2026-04-10T14:00:00+0000,680.75,681.57,680.028,681.52,2641450.269308
2026-04-10T14:30:00+0000,681.54,681.94,680.42,681.36,2657406.752895
2026-04-10T15:00:00+0000,681.36,682.03,680.8801,681.24,2299672.017527
2026-04-10T15:30:00+0000,681.23,681.45,679.12,679.46,2909745.293121
2026-04-10T16:00:00+0000,679.45,680.11,679.11,679.52,2286877.0314410003
2026-04-10T16:30:00+0000,679.52,679.71,678.5,679.49,2055334.482993
2026-04-10T17:00:00+0000,679.47,679.4891,678.59,678.6701,1486571.493231
2026-04-10T17:30:00+0000,678.65,679.53,678.45,679.45,1402181.454113
2026-04-10T18:00:00+0000,679.45,679.7,678.85,679.4,1634956.547027
2026-04-10T18:30:00+0000,679.415,679.46,678.87,679.31,1706263.790996
2026-04-10T19:00:00+0000,679.32,679.99,679.29,679.6401,2849463.574566
2026-04-10T19:30:00+0000,679.65,679.65,678.66,679.31,6623370.606221001
2026-04-13T13:30:00+0000,677.41,679.73,676.58,679.71,4994188.501351999
2026-04-13T14:00:00+0000,679.72,680.02,678.4,679.5688,3065294.327819
2026-04-13T14:30:00+0000,679.57,680.66,679.31,680.5213,1965508.98178
2026-04-13T15:00:00+0000,680.53,680.53,679.47,679.51,2324049.036596
2026-04-13T15:30:00+0000,679.53,680.26,679.22,679.48,1451546.267968
2026-04-13T16:00:00+0000,679.4701,681.62,679.015,681.39,2327705.831545
2026-04-13T16:30:00+0000,681.38,682.83,680.7,682.31,3830101.9631060003
2026-04-13T17:00:00+0000,682.32,682.82,682.09,682.48,1840443.791716
2026-04-13T17:30:00+0000,682.49,682.7,681.87,682.14,1626314.451671
2026-04-13T18:00:00+0000,682.15,682.65,682.15,682.375,1802232.762201
2026-04-13T18:30:00+0000,682.37,683.47,682.27,683.295,2273064.9934520004
2026-04-13T19:00:00+0000,683.29,683.84,683.04,683.805,2746885.263572
2026-04-13T19:30:00+0000,683.8,686.3,683.66,686.01,11623649.613247
2026-04-15T13:30:00+0000,695.26,696.35,694.2,695.68,5442545.363765
2026-04-15T14:00:00+0000,695.68,696.94,695.0,696.92,3983789.103256
2026-04-15T14:30:00+0000,696.92,697.14,695.93,696.73,3449629.343969
2026-04-15T15:00:00+0000,696.74,697.56,696.44,697.37,3955910.238589
2026-04-15T15:30:00+0000,697.37,697.56,696.82,697.01,2579296.498009
2026-04-15T16:00:00+0000,697.01,697.8,696.8,697.3599,2791966.032702
2026-04-15T16:30:00+0000,697.36,697.495,695.7,696.53,3135561.242895
2026-04-15T17:00:00+0000,696.56,697.62,696.41,697.42,2072346.5446660002
2026-04-15T17:30:00+0000,697.42,698.0,697.28,697.4801,2578842.248871
2026-04-15T18:00:00+0000,697.49,698.65,697.19,698.5,3288194.750429
2026-04-15T18:30:00+0000,698.49,699.84,698.48,699.64,4103781.0453709997
2026-04-15T19:00:00+0000,699.64,700.03,699.38,700.0,4304181.473797
2026-04-15T19:30:00+0000,699.995,700.28,699.26,699.84,8213264.559184
2026-04-16T13:30:00+0000,701.06,701.3,698.53,699.48,5302250.684929
2026-04-16T14:00:00+0000,699.47,700.15,698.652,699.14,3857900.250734
2026-04-16T14:30:00+0000,699.1499,700.21,698.87,699.93,2599304.8012850005
2026-04-16T15:00:00+0000,699.93,702.03,699.93,700.78,3596891.016307
2026-04-16T15:30:00+0000,700.77,702.36,700.66,702.22,3047923.784914
2026-04-16T16:00:00+0000,702.22,702.78,701.92,702.01,2386893.299604
2026-04-16T16:30:00+0000,702.015,702.0699,700.175,700.81,3739679.4423289998
2026-04-16T17:00:00+0000,700.83,700.94,699.83,700.7,3617185.2885760004
2026-04-16T17:30:00+0000,700.72,701.53,700.17,700.6,1833677.6212809999
2026-04-16T18:00:00+0000,700.61,701.18,699.4737,699.79,2173023.463003
2026-04-16T18:30:00+0000,699.8,701.03,699.775,700.705,2021732.685758
2026-04-16T19:00:00+0000,700.71,701.195,700.6,700.9101,2216368.8332080003
2026-04-16T19:30:00+0000,700.91,701.94,700.83,701.55,6272835.2730519995
2026-04-17T13:30:00+0000,706.14,708.36,705.76,708.3301,6894178.984553
2026-04-17T14:00:00+0000,708.35,709.46,708.15,709.225,5367841.632666
2026-04-17T14:30:00+0000,709.24,711.335,709.23,710.48,5414098.98873
2026-04-17T15:00:00+0000,710.48,711.17,709.86,710.62,4362162.83485
2026-04-17T15:30:00+0000,710.63,711.35,710.4193,710.74,8885700.416094
2026-04-17T16:00:00+0000,710.74,711.64,710.54,711.51,2279494.2109159995
2026-04-17T16:30:00+0000,711.515,712.39,711.515,711.91,2529452.830447
2026-04-17T17:00:00+0000,711.91,712.17,709.03,709.88,4452320.796064001
2026-04-17T17:30:00+0000,709.88,710.7,709.58,710.295,3506446.174389
2026-04-17T18:00:00+0000,710.31,710.48,709.14,709.81,2776347.473557
2026-04-17T18:30:00+0000,709.81,710.39,709.13,709.64,3118912.314088
2026-04-17T19:00:00+0000,709.64,709.89,708.99,709.26,2601549.027574
2026-04-17T19:30:00+0000,709.27,710.4,709.26,710.04,7560123.683664001
2026-04-20T13:30:00+0000,708.78,709.91,708.23,709.67,4580393.050222
2026-04-20T14:00:00+0000,709.67,709.72,708.67,708.95,2770964.8488510004
2026-04-20T14:30:00+0000,708.93,709.0,706.48,707.14,4744632.54905
2026-04-20T15:00:00+0000,707.155,708.52,706.14,708.27,3201538.867199
2026-04-20T15:30:00+0000,708.26,708.26,707.11,707.5992,1521445.27055
2026-04-20T16:00:00+0000,707.6,707.8,707.02,707.65,1558651.44291
2026-04-20T16:30:00+0000,707.66,708.1,707.37,707.6399,1348788.4705349999
2026-04-20T17:00:00+0000,707.64,708.39,707.26,707.98,1938196.4249939998
2026-04-20T17:30:00+0000,707.9882,708.26,707.61,707.74,1273667.461836
2026-04-20T18:00:00+0000,707.74,708.61,707.481,708.32,1888314.265988
2026-04-20T18:30:00+0000,708.32,708.61,707.86,708.265,2090619.024978
2026-04-20T19:00:00+0000,708.27,708.58,707.96,708.02,2047478.202215
2026-04-20T19:30:00+0000,708.02,708.8,707.6,708.69,7040104.18434
2026-04-21T13:30:00+0000,710.28,710.865,708.75,710.75,3505283.790937
2026-04-21T14:00:00+0000,710.77,711.275,710.16,710.57,2187366.724124
2026-04-21T14:30:00+0000,710.56,710.78,707.46,707.59,3069520.034003
2026-04-21T15:00:00+0000,707.59,708.2,706.15,706.69,4272664.81593
2026-04-21T15:30:00+0000,706.66,707.48,706.04,706.72,2244135.420912
2026-04-21T16:00:00+0000,706.745,707.885,706.28,706.36,2092467.163514
2026-04-21T16:30:00+0000,706.3314,707.14,705.51,705.58,1717743.63258
2026-04-21T17:00:00+0000,705.58,706.3088,703.84,704.69,4613468.717956999
2026-04-21T17:30:00+0000,704.68,707.41,704.64,705.795,3989002.308751
2026-04-21T18:00:00+0000,705.795,706.51,704.71,705.099,2892056.6743
2026-04-21T18:30:00+0000,705.095,706.89,705.0203,706.32,2717681.052158
2026-04-21T19:00:00+0000,706.33,707.78,706.19,707.725,3750527.055869
2026-04-21T19:30:00+0000,707.72,707.87,702.64,704.15,12123698.559307
2026-04-22T13:30:00+0000,709.15,709.49,708.22,709.39,3432219.429116
2026-04-22T14:00:00+0000,709.39,710.7,708.76,710.52,3132250.9397179997
2026-04-22T14:30:00+0000,710.51,710.65,709.465,710.04,2507774.849396
2026-04-22T15:00:00+0000,710.05,710.53,709.2901,710.2,1944951.6983349998
2026-04-22T15:30:00+0000,710.19,710.44,709.16,709.64,1596687.590844
2026-04-22T16:00:00+0000,709.65,710.12,709.08,709.155,1657141.61717
2026-04-22T16:30:00+0000,709.15,709.68,708.8,708.89,1468412.986316
2026-04-22T17:00:00+0000,708.91,710.42,708.89,710.04,1982788.78701
2026-04-22T17:30:00+0000,710.05,710.42,709.82,709.99,1140651.506509
2026-04-22T18:00:00+0000,709.97,710.22,709.2,709.45,2426808.797528
2026-04-22T18:30:00+0000,709.46,710.07,709.375,709.65,1903581.550628
2026-04-22T19:00:00+0000,709.66,710.58,709.19,710.45,2701092.872354
2026-04-22T19:30:00+0000,710.455,711.45,710.13,711.21,6989417.777275001
2026-04-23T13:30:00+0000,709.5,711.285,709.22,710.21,4030525.5366780004
2026-04-23T14:00:00+0000,710.19,710.96,709.13,710.53,2977880.2216800004
2026-04-23T14:30:00+0000,710.51,712.055,710.4,711.71,2389141.888611
2026-04-23T15:00:00+0000,711.7,712.28,711.4499,711.99,1888308.001945
2026-04-23T15:30:00+0000,711.99,712.3598,710.7,711.105,2320127.445623
2026-04-23T16:00:00+0000,711.105,711.24,710.305,710.73,1564315.572227
2026-04-23T16:30:00+0000,710.7489,711.27,710.58,710.87,1052622.9496539999
2026-04-23T17:00:00+0000,710.88,711.08,705.88,706.05,7001172.101314999
2026-04-23T17:30:00+0000,706.0406,707.7,702.2803,706.635,10283439.176882
2026-04-23T18:00:00+0000,706.67,708.59,706.22,708.5101,4143222.129972
2026-04-23T18:30:00+0000,708.51,709.48,706.74,707.1262,2892285.022029
2026-04-23T19:00:00+0000,707.1325,708.66,706.76,708.405,2319071.542832
2026-04-23T19:30:00+0000,708.42,708.91,706.47,708.44,6293096.77517
2026-04-24T13:30:00+0000,710.75,711.16,709.01,709.94,4495849.191646
2026-04-24T14:00:00+0000,709.91,710.7,709.14,709.86,3143659.4136300003
2026-04-24T14:30:00+0000,709.89,711.61,709.45,711.42,3438894.5353610003
2026-04-24T15:00:00+0000,711.44,712.15,711.19,711.85,1787980.849289
2026-04-24T15:30:00+0000,711.87,714.14,711.54,713.77,4187713.634198
2026-04-24T16:00:00+0000,713.77,713.98,712.99,713.3012,1653298.9082230001
2026-04-24T16:30:00+0000,713.321,713.8913,712.85,713.61,2040937.529863
2026-04-24T17:00:00+0000,713.6,713.79,712.72,713.02,1690569.8700059997
2026-04-24T17:30:00+0000,713.0,714.46,712.73,713.65,1529569.8509499999
2026-04-24T18:00:00+0000,713.66,713.79,712.95,713.02,2438855.751207
2026-04-24T18:30:00+0000,713.03,713.64,713.0,713.53,1162781.7912980001
2026-04-24T19:00:00+0000,713.53,714.47,713.53,713.74,2763566.1086759996
2026-04-24T19:30:00+0000,713.75,714.43,713.44,713.98,7238971.394680999
2026-04-27T13:30:00+0000,713.17,714.4093,712.6,714.085,4954248.678377001
2026-04-27T14:00:00+0000,714.09,714.34,713.35,713.445,2040133.3428139999
2026-04-27T14:30:00+0000,713.4592,714.45,713.072,713.62,2041563.3091600002
2026-04-27T15:00:00+0000,713.66,713.8,712.295,713.0,1773817.3835550002
2026-04-27T15:30:00+0000,712.99,713.48,712.76,713.4,1110626.007821
2026-04-27T16:00:00+0000,713.41,714.12,712.88,713.86,1708980.049292
2026-04-27T16:30:00+0000,713.87,714.31,713.86,714.13,1550808.68767
2026-04-27T17:00:00+0000,714.12,714.755,713.88,714.6,1813471.696063
2026-04-27T17:30:00+0000,714.6,715.21,714.58,714.8799,1568798.446893
2026-04-27T18:00:00+0000,714.85,715.24,714.72,715.1,1686947.6960250002
2026-04-27T18:30:00+0000,715.09,715.22,714.72,714.875,1161424.683436
2026-04-27T19:00:00+0000,714.87,715.21,714.71,715.14,1757123.1201429998
2026-04-27T19:30:00+0000,715.13,715.63,714.88,715.15,5877348.529414
2026-04-29T13:30:00+0000,711.0,711.19,709.66,710.77,3781890.691714
2026-04-29T14:00:00+0000,710.755,711.65,710.28,711.48,2151876.260543
2026-04-29T14:30:00+0000,711.48,712.2,711.3,711.44,1489637.3460650002
2026-04-29T15:00:00+0000,711.45,711.52,710.105,710.867,2034525.519572
2026-04-29T15:30:00+0000,710.88,711.1,709.21,710.04,2447031.402052
2026-04-29T16:00:00+0000,710.05,710.73,709.64,709.75,1263102.125904
2026-04-29T16:30:00+0000,709.745,710.05,708.91,709.675,1990799.7291440002
2026-04-29T17:00:00+0000,709.69,710.19,709.22,709.91,1459252.513179
2026-04-29T17:30:00+0000,709.92,710.74,709.78,710.61,1625151.934628
2026-04-29T18:00:00+0000,710.61,710.68,708.46,709.22,2909094.1572669996
2026-04-29T18:30:00+0000,709.23,710.66,708.37,710.57,3076127.696832
2026-04-29T19:00:00+0000,710.56,711.5,710.0,710.87,2483384.1905460004
2026-04-29T19:30:00+0000,710.86,711.62,710.08,711.59,6669233.1360410005
2026-04-30T13:30:00+0000,714.63,714.73,710.78,711.27,6007861.899275
2026-04-30T14:00:00+0000,711.26,712.34,710.445,712.01,4319295.863789
2026-04-30T14:30:00+0000,712.01,714.16,711.18,713.87,3549114.539306
2026-04-30T15:00:00+0000,713.87,714.59,713.55,714.43,2396213.8439300004
2026-04-30T15:30:00+0000,714.41,715.07,713.47,714.6,1999032.1414449997
2026-04-30T16:00:00+0000,714.6,715.39,714.07,715.18,1890668.741865
2026-04-30T16:30:00+0000,715.18,715.33,713.9,714.3475,1524390.002723
2026-04-30T17:00:00+0000,714.35,715.89,714.325,715.81,1511604.5332189999
2026-04-30T17:30:00+0000,715.82,717.16,715.82,717.0601,1878148.035645
2026-04-30T18:00:00+0000,717.08,718.11,717.03,717.88,3262004.978431
2026-04-30T18:30:00+0000,717.9,718.82,717.87,718.37,4206084.031603999
2026-04-30T19:00:00+0000,718.36,719.43,718.28,719.12,5191782.495502001
2026-04-30T19:30:00+0000,719.11,719.79,718.35,718.43,14695872.366014998
2026-05-01T13:30:00+0000,721.25,724.24,720.74,724.175,5129129.919361
2026-05-01T14:00:00+0000,724.19,724.87,723.77,724.2588,3035486.6266590003
2026-05-01T14:30:00+0000,724.27,724.27,722.3,722.72,3046591.1304989997
2026-05-01T15:00:00+0000,722.73,723.38,722.04,723.29,1716651.140031
2026-05-01T15:30:00+0000,723.295,724.38,722.71,723.385,2852539.170922
2026-05-01T16:00:00+0000,723.36,723.61,721.87,722.14,2607508.0031729997
2026-05-01T16:30:00+0000,722.1201,722.36,721.49,721.89,1761265.5972540001
2026-05-01T17:00:00+0000,721.89,722.98,721.86,722.98,2064556.650516
2026-05-01T17:30:00+0000,722.96,723.22,722.62,722.8,1463017.4702009999
2026-05-01T18:00:00+0000,722.79,722.92,721.5,722.18,2105587.0944100004
2026-05-01T18:30:00+0000,722.14,722.2,720.78,721.17,2041398.3871679998
2026-05-01T19:00:00+0000,721.17,722.59,721.09,722.42,2325583.559043
2026-05-01T19:30:00+0000,722.43,722.5,720.47,720.67,5675560.574628001
2026-05-04T13:30:00+0000,720.07,720.8,719.25,720.7602,4128639.5552439997
2026-05-04T14:00:00+0000,720.77,721.719,719.865,721.24,2729401.692988
2026-05-04T14:30:00+0000,721.22,722.12,720.7604,720.91,2577444.427844
2026-05-04T15:00:00+0000,720.92,721.56,717.45,718.44,5988772.131456001
2026-05-04T15:30:00+0000,718.45,718.74,716.98,717.5898,4605615.1022769995
2026-05-04T16:00:00+0000,717.59,717.87,714.99,717.0,4394877.509211
2026-05-04T16:30:00+0000,716.99,717.67,716.3,716.55,1738137.882499
2026-05-04T17:00:00+0000,716.54,718.64,716.48,718.57,2061582.8011899998
2026-05-04T17:30:00+0000,718.56,718.63,717.6,718.3301,1473103.358906
2026-05-04T18:00:00+0000,718.33,718.995,717.17,717.76,2227824.639831
2026-05-04T18:30:00+0000,717.76,717.87,716.83,717.47,1909513.923003
2026-05-04T19:00:00+0000,717.48,718.22,717.13,717.74,3978517.98251
2026-05-04T19:30:00+0000,717.75,718.26,717.35,718.07,7102534.213938001
2026-05-05T13:30:00+0000,721.77,722.79,721.4898,722.53,3927723.659977
2026-05-05T14:00:00+0000,722.6,723.67,721.79,723.29,3409547.191673
2026-05-05T14:30:00+0000,723.298,723.39,722.38,723.14,2163267.364628
2026-05-05T15:00:00+0000,723.15,723.65,723.03,723.48,2602011.511735
2026-05-05T15:30:00+0000,723.49,723.54,722.91,723.04,1124626.563101
2026-05-05T16:00:00+0000,723.04,723.87,722.96,723.58,1192561.394347
2026-05-05T16:30:00+0000,723.56,723.74,723.27,723.47,1004539.9271559999
2026-05-05T17:00:00+0000,723.47,723.86,723.12,723.855,1078211.813199
2026-05-05T17:30:00+0000,723.86,724.22,723.72,724.01,1564240.9899
2026-05-05T18:00:00+0000,724.01,724.7,724.0,724.475,1426946.032592
2026-05-05T18:30:00+0000,724.475,724.52,724.1,724.32,1195144.7328940001
2026-05-05T19:00:00+0000,724.33,725.04,724.31,724.72,2173182.319594
2026-05-05T19:30:00+0000,724.72,724.87,723.27,723.74,6967286.914527
2026-05-06T13:30:00+0000,728.16,729.8,727.82,729.65,4049361.7773210006
2026-05-06T14:00:00+0000,729.67,730.68,728.71,730.02,3187450.2399240006
2026-05-06T14:30:00+0000,730.04,732.56,730.01,732.1501,2976487.648767
2026-05-06T15:00:00+0000,732.16,732.49,731.38,732.05,2602113.0520289997
2026-05-06T15:30:00+0000,732.05,732.141509,730.94,731.64,1938729.4693380003
2026-05-06T16:00:00+0000,731.63,732.05,731.48,731.77,1404261.4328740002
2026-05-06T16:30:00+0000,731.7701,731.84,730.5289,730.985,1346202.085612
2026-05-06T17:00:00+0000,730.99,731.81,730.66,731.68,1583229.793819
2026-05-06T17:30:00+0000,731.68,732.13,731.545,732.125,1684398.693004
2026-05-06T18:00:00+0000,732.13,733.18,732.03,733.045,2035015.782373
2026-05-06T18:30:00+0000,733.04,733.46,732.72,732.96,3047859.163113
2026-05-06T19:00:00+0000,732.953,733.99,732.93,733.86,5070512.476237999
2026-05-06T19:30:00+0000,733.85,734.59,733.55,733.79,9450691.258362
2026-05-07T13:30:00+0000,735.05,735.13,733.55,733.94,4119845.027905
2026-05-07T14:00:00+0000,733.93,735.08,733.88,734.55,2935586.914549
2026-05-07T14:30:00+0000,734.63,736.11,734.45,736.08,2439597.791208
2026-05-07T15:00:00+0000,736.09,736.13,734.3,734.9088,4291958.520749
2026-05-07T15:30:00+0000,734.91,735.62,733.78,733.9799,2236720.095136
2026-05-07T16:00:00+0000,733.965,734.02,731.73,733.365,3790493.576212
2026-05-07T16:30:00+0000,733.36,733.82,731.59,732.04,2041536.650166
2026-05-07T17:00:00+0000,732.1,732.67,729.76,730.625,3304633.5940730004
2026-05-07T17:30:00+0000,730.63,731.8,730.15,731.72,2971931.589729
2026-05-07T18:00:00+0000,731.77,732.2,731.06,731.29,2183094.772847
2026-05-07T18:30:00+0000,731.29,731.94,729.75,731.14,2438565.715271
2026-05-07T19:00:00+0000,731.16,731.5,729.99,730.5,2922446.188295
2026-05-07T19:30:00+0000,730.5,731.9,730.4,731.56,7368959.3233630005
2026-05-08T13:30:00+0000,734.93,736.66,734.57,736.64,4365058.284329
2026-05-08T14:00:00+0000,736.62,737.5498,736.24,736.8,3029011.5439649997
2026-05-08T14:30:00+0000,736.8199,737.45,736.11,737.06,2141802.248654
2026-05-08T15:00:00+0000,737.05,737.35,736.0491,736.91,2089526.3439919997
2026-05-08T15:30:00+0000,736.89,737.37,736.31,736.89,2171152.165458
2026-05-08T16:00:00+0000,736.88,737.75,736.88,737.55,1899377.192364
2026-05-08T16:30:00+0000,737.56,737.63,736.81,736.92,1800543.433259
2026-05-08T17:00:00+0000,736.8928,737.84,736.82,737.69,2516023.641175
2026-05-08T17:30:00+0000,737.68,737.91,737.07,737.19,1335780.7577809999
2026-05-08T18:00:00+0000,737.17,738.08,737.15,737.73,2334029.9399699997
2026-05-08T18:30:00+0000,737.73,737.95,736.105,736.38,2619942.27185
2026-05-08T19:00:00+0000,736.38,737.33,736.35,736.64,2749310.00127
2026-05-08T19:30:00+0000,736.64,737.59,736.52,737.53,9587508.349214999
2026-05-11T13:30:00+0000,736.45,739.14,736.45,738.6701,4976838.434454
2026-05-11T14:00:00+0000,738.67,739.59,738.4,738.4674,2788657.433286
2026-05-11T14:30:00+0000,738.46,739.94,737.59,739.65,3193249.977406
2026-05-11T15:00:00+0000,739.65,740.1073,738.95,740.0707,2719269.1766709997
2026-05-11T15:30:00+0000,740.075,740.34,739.67,740.22,2426756.5884289998
2026-05-11T16:00:00+0000,740.23,740.4392,739.95,740.335,1523783.3263130002
2026-05-11T16:30:00+0000,740.32,740.43,738.84,739.3278,2829280.56825
2026-05-11T17:00:00+0000,739.34,739.91,738.88,739.81,1830621.171993
2026-05-11T17:30:00+0000,739.79,740.79,739.78,740.2,2120188.124204
2026-05-11T18:00:00+0000,740.2,740.65,740.05,740.34,2110113.905827
2026-05-11T18:30:00+0000,740.34,740.35,738.5,738.52,2610646.284294
2026-05-11T19:00:00+0000,738.56,739.19,738.16,738.49,3493652.082288
2026-05-11T19:30:00+0000,738.485,739.26,738.13,739.26,6316670.095953
2026-05-12T13:30:00+0000,736.89,737.22,734.86,735.11,4145620.713988
2026-05-12T14:00:00+0000,735.14,736.38,734.57,734.92,2890661.890698
2026-05-12T14:30:00+0000,734.92,735.19,733.54,733.79,3585169.473088
2026-05-12T15:00:00+0000,733.78,734.05,731.83,732.32,4170493.0689000003
2026-05-12T15:30:00+0000,732.34,733.73,732.12,732.49,2690195.6118489997
2026-05-12T16:00:00+0000,732.49,733.48,732.11,732.74,2613489.866829
2026-05-12T16:30:00+0000,732.73,733.04,731.83,732.12,2600817.583678
2026-05-12T17:00:00+0000,732.12,735.01,732.01,734.35,3172587.523832
2026-05-12T17:30:00+0000,734.34,735.2,734.13,735.06,2519889.882551
2026-05-12T18:00:00+0000,735.06,736.48,734.66,736.185,3165921.2914929995
2026-05-12T18:30:00+0000,736.19,736.57,735.77,736.0,2174876.393636
2026-05-12T19:00:00+0000,736.02,737.42,735.99,737.08,2467969.559092
2026-05-12T19:30:00+0000,737.08,738.84,737.07,738.22,8144984.29478
2026-05-13T13:30:00+0000,738.47,738.47,735.47,736.9,3801316.7826819997
2026-05-13T14:00:00+0000,736.91,738.75,736.791,738.305,2275916.8706489997
2026-05-13T14:30:00+0000,738.3,738.99,737.77,738.83,2610670.931425
2026-05-13T15:00:00+0000,738.84,739.38,738.69,739.29,2025223.2120619998
2026-05-13T15:30:00+0000,739.27,740.28,738.94,739.74,2089436.12298
2026-05-13T16:00:00+0000,739.73,741.98,739.53,741.725,2142537.886689
2026-05-13T16:30:00+0000,741.73,742.3,741.37,742.04,2096197.403412
2026-05-13T17:00:00+0000,742.07,742.895,742.07,742.62,1892413.4345089998
2026-05-13T17:30:00+0000,742.62,742.77,742.1,742.135,1420531.891399
2026-05-13T18:00:00+0000,742.13,743.91,742.091,743.53,2088401.767978
2026-05-13T18:30:00+0000,743.54,743.54,742.55,742.65,2144000.610256
2026-05-13T19:00:00+0000,742.65,743.71,742.63,743.49,2850464.17672
2026-05-13T19:30:00+0000,743.49,743.61,742.22,742.29,8682431.101399
2026-05-14T13:30:00+0000,743.65,745.885,743.56,744.43,4004180.6349760005
2026-05-14T14:00:00+0000,744.42,746.37,744.28,745.96,2866122.2549219998
2026-05-14T14:30:00+0000,745.95,747.53,745.76,747.18,2379614.1739609996
2026-05-14T15:00:00+0000,747.19,748.81,747.12,748.5105,2040896.2517529998
2026-05-14T15:30:00+0000,748.51,749.28,748.22,749.265,2408852.232366
2026-05-14T16:00:00+0000,749.28,749.53,747.85,748.0,1798136.1241990002
2026-05-14T16:30:00+0000,748.01,748.34,747.15,747.829,2184063.0353840003
2026-05-14T17:00:00+0000,747.83,748.31,746.307,746.91,2628025.789474
2026-05-14T17:30:00+0000,746.92,748.3,746.71,747.74,2793871.844086
2026-05-14T18:00:00+0000,747.72,748.3,746.65,747.56,2803954.5268719997
2026-05-14T18:30:00+0000,747.55,748.38,747.36,748.3,1853948.3703610003
2026-05-14T19:00:00+0000,748.3,748.69,748.03,748.085,2639989.4622989995
2026-05-14T19:30:00+0000,748.08,748.68,747.78,748.15,6855560.675549999
2026-05-15T13:30:00+0000,741.79,741.93,737.96,739.17,6207755.9999710005
2026-05-15T14:00:00+0000,739.15,742.68,738.97,741.13,4960945.709716
2026-05-15T14:30:00+0000,741.15,742.28,740.37,740.97,2534364.054471
2026-05-15T15:00:00+0000,740.98,741.7801,740.14,741.22,2428881.693585
2026-05-15T15:30:00+0000,741.26,741.95,739.11,740.2799,2308634.045385
2026-05-15T16:00:00+0000,740.29,741.37,739.69,741.31,5939815.947863
2026-05-15T16:30:00+0000,741.32,741.7,740.265,740.96,1269805.1024520001
2026-05-15T17:00:00+0000,740.975,742.95,740.685,742.5228,1418711.709961
2026-05-15T17:30:00+0000,742.54,743.0,742.06,742.96,1861876.00526
2026-05-15T18:00:00+0000,742.97,743.46,741.51,741.71,2521800.269332
2026-05-15T18:30:00+0000,741.72,741.87,740.45,741.64,1837807.95826
2026-05-15T19:00:00+0000,741.635,741.75,740.06,740.16,3357377.430144
2026-05-15T19:30:00+0000,740.14,740.82,738.54,739.09,11746140.179953001
2026-05-18T13:30:00+0000,739.83,741.415,737.56,740.57,4454167.94344
2026-05-18T14:00:00+0000,740.6,740.8,738.6,739.5,2614453.7801510002
2026-05-18T14:30:00+0000,739.49,739.84,736.37,738.285,3244248.359676
2026-05-18T15:00:00+0000,738.33,739.02,735.52,735.62,2657396.3890859997
2026-05-18T15:30:00+0000,735.59,737.365,735.21,736.28,1871783.83249
2026-05-18T16:00:00+0000,736.37,737.93,734.47,734.83,1919408.604912
2026-05-18T16:30:00+0000,734.82,737.3399,734.225,736.49,2023598.044901
2026-05-18T17:00:00+0000,736.49,737.42,735.94,737.36,1817972.5082770002
2026-05-18T17:30:00+0000,737.35,737.42,736.24,737.03,1514166.292802
2026-05-18T18:00:00+0000,737.04,737.145,733.71,734.71,3097954.980216
2026-05-18T18:30:00+0000,734.735,735.18,733.39,733.67,2713580.224614
2026-05-18T19:00:00+0000,733.68,738.02,733.62,735.52,5187108.355751
2026-05-18T19:30:00+0000,735.53,738.75,735.28,738.56,6420827.498736
2026-05-19T13:30:00+0000,734.78,736.3,733.09,735.33,4477806.0314110005
2026-05-19T14:00:00+0000,735.31,735.34,731.74,732.42,5421219.126331
2026-05-19T14:30:00+0000,732.42,733.47,731.53,733.16,3257842.568866
2026-05-19T15:00:00+0000,733.16,733.96,731.7,732.23,2148218.1690450003
2026-05-19T15:30:00+0000,732.225,733.94,732.04,732.99,1952166.9788409998
2026-05-19T16:00:00+0000,733.0,734.74,732.32,734.49,1841236.4527130001
2026-05-19T16:30:00+0000,734.495,736.3,734.3482,736.12,2717740.8753899997
2026-05-19T17:00:00+0000,736.12,737.65,735.92,736.98,2734401.336836
2026-05-19T17:30:00+0000,736.97,737.57,736.0,736.77,2425478.016539
2026-05-19T18:00:00+0000,736.83,737.31,735.82,735.88,3121132.778041
2026-05-19T18:30:00+0000,735.89,736.37,734.2,734.45,2621724.001056
2026-05-19T19:00:00+0000,734.41,736.15,733.9,734.77,2758424.972471
2026-05-19T19:30:00+0000,734.79,735.01,732.575,733.76,11357589.593236
2026-05-20T13:30:00+0000,735.71,737.23,734.27,736.13,4271999.013677
2026-05-20T14:00:00+0000,736.14,738.54,733.89,737.89,4301109.144381
2026-05-20T14:30:00+0000,737.9,739.48,737.44,739.2,3061334.756159
2026-05-20T15:00:00+0000,739.19,741.87,738.59,739.295,4251432.117195
2026-05-20T15:30:00+0000,739.295,740.92,739.23,740.24,1929803.519539
2026-05-20T16:00:00+0000,740.26,740.53,738.55,738.93,1688161.226669
2026-05-20T16:30:00+0000,738.95,740.01,738.5112,739.365,2024787.698373
2026-05-20T17:00:00+0000,739.4,740.35,738.74,740.155,1719376.233306
2026-05-20T17:30:00+0000,740.16,740.72,739.61,739.85,1440677.656641
2026-05-20T18:00:00+0000,739.86,740.49,739.3,740.08,2295863.735939
2026-05-20T18:30:00+0000,740.13,740.85,739.68,740.165,1610548.490344
2026-05-20T19:00:00+0000,740.165,740.96,740.02,740.82,2401746.5569909997
2026-05-20T19:30:00+0000,740.83,741.61,740.55,741.3,6700001.8847860005
2026-05-21T13:30:00+0000,738.64,740.18,737.4147,739.79,4439509.29659
2026-05-21T14:00:00+0000,739.78,740.615,737.44,738.505,2967216.557473
2026-05-21T14:30:00+0000,738.5,739.265,737.6,738.91,1598109.751015
2026-05-21T15:00:00+0000,738.96,739.37,737.03,738.8,2504679.142371
2026-05-21T15:30:00+0000,738.81,739.81,737.82,739.3,1718510.967127
2026-05-21T16:00:00+0000,739.3,739.96,738.38,738.8,1560982.890743
2026-05-21T16:30:00+0000,738.81,739.18,738.09,738.9,1494730.817306
2026-05-21T17:00:00+0000,738.93,743.05,738.93,742.15,4217452.635554999
2026-05-21T17:30:00+0000,742.16,744.87,741.97,743.68,2944383.9779229998
2026-05-21T18:00:00+0000,743.68,744.11,742.58,743.34,2663208.453493
2026-05-21T18:30:00+0000,743.35,743.72,740.08,741.0268,3401972.4612450004
2026-05-21T19:00:00+0000,741.04,742.88,740.98,742.68,2443906.4832079997
2026-05-21T19:30:00+0000,742.66,743.16,741.92,742.75,6069568.418551
2026-05-22T13:30:00+0000,746.24,748.16,745.65,747.54,3918826.731672
2026-05-22T14:00:00+0000,747.55,747.56,744.48,745.69,2377560.49969
2026-05-22T14:30:00+0000,745.7,746.72,745.46,746.495,1366013.78763
2026-05-22T15:00:00+0000,746.49,747.88,746.45,747.88,1451196.165587
2026-05-22T15:30:00+0000,747.89,748.04,747.31,747.61,1497540.8118659998
2026-05-22T16:00:00+0000,747.6,747.75,746.85,747.38,1214360.123612
2026-05-22T16:30:00+0000,747.38,747.6399,746.8605,747.28,937047.615852
2026-05-22T17:00:00+0000,747.305,748.78,746.63,748.735,2203989.637096
2026-05-22T17:30:00+0000,748.78,748.94,747.1,747.37,2253536.3309119996
2026-05-22T18:00:00+0000,747.3798,747.69,746.83,747.31,1808907.985673
2026-05-22T18:30:00+0000,747.3,747.47,746.81,747.12,1535462.619861
2026-05-22T19:00:00+0000,747.12,747.27,745.5,745.58,2629411.5297370004
2026-05-22T19:30:00+0000,745.575,746.21,744.955,745.59,6896506.982721001
2026-05-26T13:30:00+0000,750.01,751.12,749.131,750.78,3767286.705876
2026-05-26T14:00:00+0000,750.79,751.8691,750.54,751.54,2374097.4918959998
2026-05-26T14:30:00+0000,751.545,752.13,751.0,751.4,2005005.633037
2026-05-26T15:00:00+0000,751.39,751.47,749.73,749.85,2785852.254102
2026-05-26T15:30:00+0000,749.85,750.0,748.37,748.93,3316433.422698
2026-05-26T16:00:00+0000,748.93,749.77,748.6194,749.74,2049287.885059
2026-05-26T16:30:00+0000,749.74,750.03,748.87,749.01,1970984.844195
2026-05-26T17:00:00+0000,749.01,749.435,748.52,748.65,1393767.0730229998
2026-05-26T17:30:00+0000,748.65,749.32,748.5,749.03,1456573.469054
2026-05-26T18:00:00+0000,749.03,750.0,748.8,749.655,2282439.370621
2026-05-26T18:30:00+0000,749.64,750.0,749.0356,749.1,2398616.2640540004
2026-05-26T19:00:00+0000,749.09,749.58,748.85,749.51,2351828.6040930003
2026-05-26T19:30:00+0000,749.5,750.87,749.495,750.475,6871849.052694
2026-05-27T13:30:00+0000,750.88,751.3,749.23,750.49,5610000.580808
2026-05-27T14:00:00+0000,750.505,751.38,749.55,750.045,3054875.546142
2026-05-27T14:30:00+0000,750.04,751.02,749.27,749.68,1993282.5258169998
2026-05-27T15:00:00+0000,749.69,750.16,748.91,749.54,1628400.6656749998
2026-05-27T15:30:00+0000,749.54,750.2,748.37,749.105,2676826.64962
2026-05-27T16:00:00+0000,749.09,749.83,748.54,749.6701,1565540.3780319998
2026-05-27T16:30:00+0000,749.65,750.615,749.48,749.79,1591522.088514
2026-05-27T17:00:00+0000,749.79,749.91,748.22,749.16,1722640.4955469999
2026-05-27T17:30:00+0000,749.16,750.05,749.145,749.72,1302356.3428910002
2026-05-27T18:00:00+0000,749.71,750.81,749.3,750.72,1822472.633573
2026-05-27T18:30:00+0000,750.71,751.0501,750.41,750.81,1482434.50191
2026-05-27T19:00:00+0000,750.82,751.13,750.31,750.5601,1950320.616671
2026-05-27T19:30:00+0000,750.56,750.88,750.1,750.47,7409460.020859
2026-05-28T13:30:00+0000,750.25,750.42,749.23,750.17,3114242.953038
2026-05-28T14:00:00+0000,750.2,754.07,749.99,752.72,5294688.051643
2026-05-28T14:30:00+0000,752.74,752.98,751.73,752.8799,2262539.807693
2026-05-28T15:00:00+0000,752.87,754.14,752.75,753.94,2819415.335784
2026-05-28T15:30:00+0000,753.95,754.29,753.7801,754.08,1353033.052337
2026-05-28T16:00:00+0000,754.08,754.8501,753.69,754.38,1454922.2690639999
2026-05-28T16:30:00+0000,754.3999,754.8,754.07,754.72,1201280.05352
2026-05-28T17:00:00+0000,754.73,754.87,754.12,754.265,1233626.235774
2026-05-28T17:30:00+0000,754.27,754.93,754.1,754.7,2120407.872062
2026-05-28T18:00:00+0000,754.68,754.89,754.4,754.78,2278064.260532
2026-05-28T18:30:00+0000,754.76,754.76,754.18,754.24,2493475.13707
2026-05-28T19:00:00+0000,754.22,754.78,754.11,754.76,2254148.4315759996
2026-05-28T19:30:00+0000,754.76,755.15,754.45,754.64,6683958.15968
2026-05-29T13:30:00+0000,755.9,757.91,755.5,757.82,4661796.458082
2026-05-29T14:00:00+0000,757.82,758.08,755.84,756.6,4731537.454269
2026-05-29T14:30:00+0000,756.6,756.96,754.69,756.04,4048190.6539579993
2026-05-29T15:00:00+0000,756.03,757.42,755.89,756.78,2738570.883924
2026-05-29T15:30:00+0000,756.81,757.34,756.3,756.42,1669285.095429
2026-05-29T16:00:00+0000,756.42,757.465,756.34,756.75,1437727.7979799998
2026-05-29T16:30:00+0000,756.76,757.82,756.5,756.81,1556046.6752819999
2026-05-29T17:00:00+0000,756.81,757.025,756.22,756.61,1467958.069365
2026-05-29T17:30:00+0000,756.6,756.68,755.23,755.3,2165111.119145
2026-05-29T18:00:00+0000,755.31,756.415,755.13,756.29,2014199.6779620002
2026-05-29T18:30:00+0000,756.29,756.77,755.41,755.49,2396085.6884549996
2026-05-29T19:00:00+0000,755.48,756.88,755.36,756.86,2762365.5206199996
2026-05-29T19:30:00+0000,756.86,757.63,756.17,756.4,10239448.456077
2026-06-01T13:30:00+0000,755.36,756.77,754.69,755.55,5080251.971914001
2026-06-01T14:00:00+0000,755.61,756.76,755.32,755.855,3431521.652163
2026-06-01T14:30:00+0000,755.84,756.18,755.28,755.655,1787707.165938
2026-06-01T15:00:00+0000,755.65,756.405,755.45,756.16,2697667.218968
2026-06-01T15:30:00+0000,756.14,757.42,756.14,756.715,3080522.0301090004
2026-06-01T16:00:00+0000,756.7,757.25,755.871,756.78,1670906.854581
2026-06-01T16:30:00+0000,756.78,758.04,756.78,757.95,2014255.7098619998
2026-06-01T17:00:00+0000,757.94,758.55,757.02,758.52,1931135.525477
2026-06-01T17:30:00+0000,758.53,760.28,757.73,759.55,4099045.09355
2026-06-01T18:00:00+0000,759.55,759.91,759.32,759.8205,1678140.6936630001
2026-06-01T18:30:00+0000,759.82,759.87,759.44,759.52,1571268.9203829998
2026-06-01T19:00:00+0000,759.52,759.76,759.37,759.68,1761780.8566190002
2026-06-01T19:30:00+0000,759.67,759.6792,758.04,758.43,6283433.619136
2026-06-02T13:30:00+0000,757.03,757.77,756.75,757.62,3190261.282876
2026-06-02T14:00:00+0000,757.63,758.47,757.23,757.735,2606435.8394599995
2026-06-02T14:30:00+0000,757.74,759.73,757.72,759.72,2366791.791786
2026-06-02T15:00:00+0000,759.71,760.4,759.375,759.89,2163019.542429
2026-06-02T15:30:00+0000,759.87,760.04,759.59,759.69,1272948.187253
2026-06-02T16:00:00+0000,759.7,760.01,759.23,759.35,1119411.4965249998
2026-06-02T16:30:00+0000,759.359,759.935,759.1,759.865,1090395.158787
2026-06-02T17:00:00+0000,759.865,759.97,758.925,759.025,1235791.911405
2026-06-02T17:30:00+0000,759.0112,759.319,758.78,758.875,969108.505613
2026-06-02T18:00:00+0000,758.88,759.35,758.81,758.9564,1621758.4943980002
2026-06-02T18:30:00+0000,758.9553,759.23,758.625,759.04,1423586.7079170002
2026-06-02T19:00:00+0000,759.06,759.575,759.055,759.33,2640758.476158
2026-06-02T19:30:00+0000,759.33,759.69,759.12,759.45,4631861.955487
2026-06-03T13:30:00+0000,758.15,758.8,754.74,755.92,5346509.356412001
2026-06-03T14:00:00+0000,755.95,756.98,755.8087,756.81,2802033.586534
2026-06-03T14:30:00+0000,756.8,757.01,755.71,756.17,1822384.3707569998
2026-06-03T15:00:00+0000,756.16,756.52,755.33,756.12,1672913.231093
2026-06-03T15:30:00+0000,756.125,756.29,754.79,755.2,1955004.9813699997
2026-06-03T16:00:00+0000,755.2,755.46,753.88,754.31,1841244.1081690001
2026-06-03T16:30:00+0000,754.31,755.16,753.57,755.12,2685023.781157
2026-06-03T17:00:00+0000,755.12,755.18,753.99,754.6325,1837809.8796819998
2026-06-03T17:30:00+0000,754.63,755.76,754.2,755.565,1912124.533342
2026-06-03T18:00:00+0000,755.57,756.04,754.99,755.98,2174064.594028
2026-06-03T18:30:00+0000,755.98,756.05,755.49,755.583,3136001.888969
2026-06-03T19:00:00+0000,755.585,755.59,754.61,754.83,2539415.117455
2026-06-03T19:30:00+0000,754.83,755.48,753.9,754.19,11697093.419398999
2026-06-04T13:30:00+0000,752.1,753.7,751.47,753.2,4422909.1963059995
2026-06-04T14:00:00+0000,753.18,754.29,752.23,754.02,2853586.681663
2026-06-04T14:30:00+0000,754.02,754.24,753.38,754.21,2048937.9118360002
2026-06-04T15:00:00+0000,754.215,755.97,754.2,755.865,4865778.604749
2026-06-04T15:30:00+0000,755.86,755.95,754.8,755.34,1866587.2823259998
2026-06-04T16:00:00+0000,755.35,756.67,755.2,756.5,2260336.924753
2026-06-04T16:30:00+0000,756.52,756.93,756.05,756.795,1805665.189911
2026-06-04T17:00:00+0000,756.79,757.18,756.59,757.11,1528658.9362090002
2026-06-04T17:30:00+0000,757.11,757.74,757.02,757.685,1803452.9229930001
2026-06-04T18:00:00+0000,757.68,757.93,757.531,757.81,2461789.5872029997
2026-06-04T18:30:00+0000,757.8,758.0,757.5,757.62,1813026.967433
2026-06-04T19:00:00+0000,757.64,758.3,757.59,758.29,3456732.913588
2026-06-04T19:30:00+0000,758.29,758.31,756.8,757.06,10505078.374786
2026-06-05T13:30:00+0000,752.31,752.82,748.67,748.73,6019934.1634
2026-06-05T14:00:00+0000,748.76,750.96,748.225,749.22,4759480.934377
2026-06-05T14:30:00+0000,749.21,750.7399,749.11,749.88,2434685.2054979997
2026-06-05T15:00:00+0000,749.89,750.18,747.54,748.148,2782882.96845
2026-06-05T15:30:00+0000,748.11,748.42,746.19,746.58,3177624.78685
2026-06-05T16:00:00+0000,746.5681,746.59,744.62,744.7401,4044590.964416
2026-06-05T16:30:00+0000,744.74,744.81,742.46,744.54,5477454.899666
2026-06-05T17:00:00+0000,744.54,744.56,742.81,744.03,4953741.830325
2026-06-05T17:30:00+0000,744.02,745.295,743.56,744.67,4237035.018224999
2026-06-05T18:00:00+0000,744.68,744.79,740.5,740.9,6048847.240902999
2026-06-05T18:30:00+0000,740.9,741.14,738.48,739.23,8811433.651085
2026-06-05T19:00:00+0000,739.23,739.4,735.525,738.45,7221592.047047
2026-06-05T19:30:00+0000,738.45,739.8,736.96,737.42,14935169.254579999
2026-06-08T13:30:00+0000,743.36,744.51,740.8,740.85,5975631.384740001
2026-06-08T14:00:00+0000,740.8,743.02,740.6,742.48,3108513.6893800003
2026-06-08T14:30:00+0000,742.44,745.02,741.97,744.995,3375503.138072
2026-06-08T15:00:00+0000,744.98,745.34,743.11,743.23,2304595.0969700003
2026-06-08T15:30:00+0000,743.25,744.35,741.87,742.765,2480487.739522
2026-06-08T16:00:00+0000,742.75,743.97,742.115,742.14,1818058.388099
2026-06-08T16:30:00+0000,742.16,742.97,741.51,741.91,1750761.0998069998
2026-06-08T17:00:00+0000,741.92,742.06,740.08,742.03,3192749.7833100003
2026-06-08T17:30:00+0000,742.01,742.39,740.4,741.13,1932703.057869
2026-06-08T18:00:00+0000,741.13,742.3,741.06,741.96,2365077.335195
2026-06-08T18:30:00+0000,741.97,742.45,740.75,740.97,2097385.856471
2026-06-08T19:00:00+0000,740.97,741.16,738.19,739.2,3449861.991844
2026-06-08T19:30:00+0000,739.21,740.18,738.77,739.31,5881517.688839
2026-06-09T13:30:00+0000,743.63,746.9,743.28,744.38,5018621.139943
2026-06-09T14:00:00+0000,744.3638,745.045,739.42,741.21,5431663.32164
2026-06-09T14:30:00+0000,741.17,741.71,734.65,737.75,6250345.460895001
2026-06-09T15:00:00+0000,737.79,738.42,730.77,731.0,3768991.7017449997
2026-06-09T15:30:00+0000,731.0,732.75,728.96,729.06,6137252.67225
2026-06-09T16:00:00+0000,729.08,730.57,725.3,727.36,6671117.053407
2026-06-09T16:30:00+0000,727.34,728.57,722.59,726.62,8876686.2633
2026-06-09T17:00:00+0000,726.62,731.28,726.4,730.76,5104355.268486001
2026-06-09T17:30:00+0000,730.78,733.95,730.21,732.56,4578735.882706
2026-06-09T18:00:00+0000,732.65,735.18,732.14,735.1,3416538.1279309997
2026-06-09T18:30:00+0000,735.12,737.13,734.3,736.74,3468559.957954
2026-06-09T19:00:00+0000,736.74,737.69,733.2,734.6,4294518.6448369995
2026-06-09T19:30:00+0000,734.58,737.47,732.53,737.05,10798435.300043
2026-06-10T13:30:00+0000,733.39,736.98,731.5,735.72,5019329.416554
2026-06-10T14:00:00+0000,735.75,738.38,735.01,737.25,3285728.034685
2026-06-10T14:30:00+0000,737.22,737.95,732.2601,732.84,3284584.562706
2026-06-10T15:00:00+0000,732.87,734.42,729.51,731.43,3542043.39311
2026-06-10T15:30:00+0000,731.49,732.77,728.49,731.95,4044687.4975429997
2026-06-10T16:00:00+0000,731.98,732.51,729.9,730.68,1735725.1828529998
2026-06-10T16:30:00+0000,730.68,732.31,729.4,730.3601,1560515.698671
2026-06-10T17:00:00+0000,730.36,731.37,728.67,729.59,2313912.336103
2026-06-10T17:30:00+0000,729.59,730.8,727.86,730.66,2431341.8833259996
2026-06-10T18:00:00+0000,730.69,731.77,729.32,729.55,2346670.173504
2026-06-10T18:30:00+0000,729.575,729.5801,727.0,727.43,3786397.380637
2026-06-10T19:00:00+0000,727.44,728.13,725.48,725.99,4479985.537564
2026-06-10T19:30:00+0000,725.99,727.89,725.33,725.42,10407921.014518
2026-06-11T13:30:00+0000,728.76,731.56,726.35,729.73,6997705.483359
2026-06-11T14:00:00+0000,729.75,731.575,726.95,728.815,4115146.4461819995
2026-06-11T14:30:00+0000,728.845,730.07,725.11,725.6,3151154.8747920003
2026-06-11T15:00:00+0000,725.57,728.78,724.405,727.18,3628407.9224269995
2026-06-11T15:30:00+0000,727.18,729.46,726.73,728.1,3321669.948942
2026-06-11T16:00:00+0000,728.08,730.31,727.57,727.88,2487868.40284
2026-06-11T16:30:00+0000,727.88,729.95,726.5,726.5201,2786663.3529969994
2026-06-11T17:00:00+0000,726.54,732.68,725.26,732.52,5980131.739855
2026-06-11T17:30:00+0000,732.54,736.62,732.21,734.95,8439562.375054002
2026-06-11T18:00:00+0000,734.91,735.77,732.57,734.52,5167465.949476
2026-06-11T18:30:00+0000,734.55,736.31,734.05,735.755,3328328.478503
2026-06-11T19:00:00+0000,735.74,738.24,735.26,737.92,5279445.213160999
2026-06-11T19:30:00+0000,737.93,740.0,737.32,737.64,16226982.230526
2026-06-12T13:30:00+0000,740.71,740.89,735.03,736.62,6021628.028261
2026-06-12T14:00:00+0000,736.78,741.15,736.52,739.59,3647356.8816440003
2026-06-12T14:30:00+0000,739.59,742.72,737.17,742.36,4053156.2558649997
2026-06-12T15:00:00+0000,742.39,744.44,741.64,744.15,2661359.9550710004
2026-06-12T15:30:00+0000,744.16,744.19,738.44,738.89,4913574.936286999
2026-06-12T16:00:00+0000,738.89,742.24,738.17,740.61,3661567.6893619997
2026-06-12T16:30:00+0000,740.62,741.64,740.26,741.56,1537869.693464
2026-06-12T17:00:00+0000,741.58,743.0,741.21,742.09,2201206.8755869996
2026-06-12T17:30:00+0000,742.12,742.24,740.87,741.3,1974370.302919
2026-06-12T18:00:00+0000,741.33,742.05,740.42,741.26,2531865.945569
2026-06-12T18:30:00+0000,741.25,742.335,740.96,741.01,2554141.187428
2026-06-12T19:00:00+0000,740.99,742.21,740.95,741.42,2902444.975916
2026-06-12T19:30:00+0000,741.41,742.0,740.07,741.63,6401967.799444001
2026-06-15T13:30:00+0000,751.85,754.09,751.76,753.32,5554231.986263
2026-06-15T14:00:00+0000,753.32,753.96,752.51,753.65,2772971.575348
2026-06-15T14:30:00+0000,753.65,754.39,752.95,754.1922,2420192.652873
2026-06-15T15:00:00+0000,754.2,755.23,754.2,755.14,2340753.334976
2026-06-15T15:30:00+0000,755.12,756.28,754.5,756.14,2625637.467111
2026-06-15T16:00:00+0000,756.155,756.68,755.92,756.5,2241290.0086850002
2026-06-15T16:30:00+0000,756.48,756.62,755.525,755.85,1853773.3246129998
2026-06-15T17:00:00+0000,755.84,756.35,755.09,756.13,2140094.7177069997
2026-06-15T17:30:00+0000,756.12,756.3,755.07,755.205,1549254.098714
2026-06-15T18:00:00+0000,755.21,755.39,754.65,754.72,2029603.556079
2026-06-15T18:30:00+0000,754.72,755.47,754.42,755.0,2571881.9276679996
2026-06-15T19:00:00+0000,755.01,755.25,754.36,754.37,4121971.7176739997
2026-06-15T19:30:00+0000,754.37,754.94,753.4,754.66,11698649.105346
2026-06-16T13:30:00+0000,754.55,755.44,754.0,754.09,3450428.301242
2026-06-16T14:00:00+0000,754.11,755.29,753.06,753.06,2888561.702374
2026-06-16T14:30:00+0000,753.065,753.96,752.27,752.93,3283824.634046
2026-06-16T15:00:00+0000,752.94,753.738,752.299,752.6499,2283206.221407
2026-06-16T15:30:00+0000,752.66,753.43,751.71,752.75,4483455.729813
2026-06-16T16:00:00+0000,752.74,753.97,752.72,753.36,2012787.806766
2026-06-16T16:30:00+0000,753.35,753.42,752.332,752.73,1873540.792179
2026-06-16T17:00:00+0000,752.72,752.8,751.89,752.19,2518927.255099
2026-06-16T17:30:00+0000,752.18,752.68,751.45,752.12,2174127.339176
2026-06-16T18:00:00+0000,752.105,752.35,751.72,752.135,1904974.899952
2026-06-16T18:30:00+0000,752.14,752.25,751.63,751.78,2047109.094611
2026-06-16T19:00:00+0000,751.765,751.86,750.08,751.22,4520994.470333
2026-06-16T19:30:00+0000,751.22,751.32,749.88,750.39,11878179.16134
2026-06-17T13:30:00+0000,751.29,751.77,749.86,749.8794,4744611.5940499995
2026-06-17T14:00:00+0000,749.87,752.15,749.61,751.69,3138451.250581
2026-06-17T14:30:00+0000,751.6888,751.73,747.85,749.06,3944221.04038
2026-06-17T15:00:00+0000,749.06,750.24,748.5911,750.0,3162571.911566
2026-06-17T15:30:00+0000,750.01,750.8599,749.76,750.62,1797094.7749799998
2026-06-17T16:00:00+0000,750.63,751.03,750.3,750.76,1238703.388423
2026-06-17T16:30:00+0000,750.76,750.861,749.91,750.005,1402388.601371
2026-06-17T17:00:00+0000,749.99,749.9925,748.42,749.66,2407637.766336
2026-06-17T17:30:00+0000,749.66,750.91,749.09,750.865,1846552.785847
2026-06-17T18:00:00+0000,750.82,750.8699,743.4662,746.225,8265168.098249999
2026-06-17T18:30:00+0000,746.21,750.34,745.11,746.0,8828474.052978002
2026-06-17T19:00:00+0000,745.98,747.39,741.78,742.06,9010089.746035
2026-06-17T19:30:00+0000,742.05,742.36,739.22,741.02,19215071.915017
2026-06-18T13:30:00+0000,747.76,748.2,743.86,744.75,5975952.982141
2026-06-18T14:00:00+0000,744.81,746.9,744.25,745.37,4617344.180377999
2026-06-18T14:30:00+0000,745.33,747.31,744.43,746.84,2548535.913105
2026-06-18T15:00:00+0000,746.86,747.07,745.15,745.38,2346300.076161
2026-06-18T15:30:00+0000,745.38,746.53,744.331,746.2501,14685009.034481
2026-06-18T16:00:00+0000,746.26,746.88,745.75,746.65,4873949.801421
2026-06-18T16:30:00+0000,746.65,747.25,746.21,746.64,2403959.777186
2026-06-18T17:00:00+0000,746.66,748.13,746.42,747.55,3010445.6423110003
2026-06-18T17:30:00+0000,747.57,747.96,746.98,747.01,2098000.298106
2026-06-18T18:00:00+0000,747.02,747.08,746.42,746.5,3111801.969909
2026-06-18T18:30:00+0000,746.51,746.97,746.16,746.385,2605681.291227
2026-06-18T19:00:00+0000,746.39,746.46,745.2,746.01,2541768.643379
2026-06-18T19:30:00+0000,746.01,748.23,745.61,746.56,11542068.877515
2026-06-22T13:30:00+0000,747.7,749.94,747.52,749.91,4405235.275801
2026-06-22T14:00:00+0000,749.91,750.18,746.44,746.51,2621112.265835
2026-06-22T14:30:00+0000,746.51,746.61,743.15,744.72,3306671.408228
2026-06-22T15:00:00+0000,744.69,745.4263,743.87,744.39,2267762.1393179996
2026-06-22T15:30:00+0000,744.38,746.28,744.18,744.61,2230894.81451
2026-06-22T16:00:00+0000,744.62,745.36,743.59,744.785,2190559.248701
2026-06-22T16:30:00+0000,744.79,745.31,744.04,744.95,1633612.2162469998
2026-06-22T17:00:00+0000,744.96,745.26,743.96,744.7,1425252.695805
2026-06-22T17:30:00+0000,744.73,745.34,743.98,744.69,2106489.9507959997
2026-06-22T18:00:00+0000,744.71,745.74,744.28,745.1299,2671842.3525010003
2026-06-22T18:30:00+0000,745.13,745.5301,743.6,743.725,2329450.321738
2026-06-22T19:00:00+0000,743.73,744.365,743.2801,743.405,3590115.365739
2026-06-22T19:30:00+0000,743.405,744.87,743.13,744.37,9187067.331519
2026-06-23T13:30:00+0000,733.81,737.23,732.3,737.17,6835392.191545
2026-06-23T14:00:00+0000,737.125,739.63,737.0,738.9,3882407.7823759997
2026-06-23T14:30:00+0000,738.9,739.11,736.3499,737.03,2730080.274286
2026-06-23T15:00:00+0000,737.07,737.43,734.26,734.59,2344398.643001
2026-06-23T15:30:00+0000,734.6,736.22,734.21,735.97,2393134.302839
2026-06-23T16:00:00+0000,735.98,737.6699,735.86,737.38,2110288.785638
2026-06-23T16:30:00+0000,737.38,737.98,736.94,737.444,1762028.4051229998
2026-06-23T17:00:00+0000,737.43,738.1,736.51,737.53,1450724.4703389998
2026-06-23T17:30:00+0000,737.56,738.03,735.75,735.795,1668022.4781980002
2026-06-23T18:00:00+0000,735.83,736.57,735.22,735.4,2441362.858812
2026-06-23T18:30:00+0000,735.39,735.5088,733.32,734.0225,3946460.5655850004
2026-06-23T19:00:00+0000,734.0,735.6,733.7,735.01,6267415.517524
2026-06-23T19:30:00+0000,735.02,735.56,733.5,733.67,15555497.130865
2026-06-24T13:30:00+0000,735.17,737.7,734.3,735.935,6077867.704753
2026-06-24T14:00:00+0000,735.94,736.975,734.11,736.49,2755222.4105620002
2026-06-24T14:30:00+0000,736.46,739.71,736.16,739.66,2623095.307787
2026-06-24T15:00:00+0000,739.68,739.945,737.97,739.64,2371635.71351
2026-06-24T15:30:00+0000,739.63,739.93,737.83,738.34,1782935.446128
2026-06-24T16:00:00+0000,738.34,738.87,737.81,738.08,923656.236328
2026-06-24T16:30:00+0000,738.09,738.1,735.39,735.69,2060229.5044379998
2026-06-24T17:00:00+0000,735.7,736.46,732.06,732.16,2701956.736329
2026-06-24T17:30:00+0000,732.16,733.15,731.28,731.87,2501945.9542819997
2026-06-24T18:00:00+0000,731.86,734.66,731.77,734.34,3543636.302747
2026-06-24T18:30:00+0000,734.352,734.57,731.23,731.93,3334395.634266
2026-06-24T19:00:00+0000,731.93,732.94,730.84,731.98,3929893.5099599995
2026-06-24T19:30:00+0000,731.97,733.35,730.93,733.12,8698224.263638001
2026-06-25T13:30:00+0000,738.91,739.37,729.6,729.85,6805477.996362
2026-06-25T14:00:00+0000,729.84,736.5,729.78,735.475,4927984.772784
2026-06-25T14:30:00+0000,735.44,737.82,734.75,735.23,3305200.327457
2026-06-25T15:00:00+0000,735.26,736.52,731.85,734.29,3319860.474669
2026-06-25T15:30:00+0000,734.29,735.79,733.92,734.14,1886167.97157
2026-06-25T16:00:00+0000,734.16,736.27,733.67,734.19,1844585.933165
2026-06-25T16:30:00+0000,734.225,734.225,731.5,732.54,1746431.178385
2026-06-25T17:00:00+0000,732.56,734.25,732.08,733.26,1488101.238038
2026-06-25T17:30:00+0000,733.27,733.79,731.6,733.45,2574048.1527509997
2026-06-25T18:00:00+0000,733.44,736.06,731.38,735.84,2836578.2441370003
2026-06-25T18:30:00+0000,735.83,735.85,732.69,733.88,2412485.7002959996
2026-06-25T19:00:00+0000,733.93,733.9414,731.87,732.3924,3431337.623299
2026-06-25T19:30:00+0000,732.39,733.38,731.33,733.26,7775767.05312
2026-06-26T13:30:00+0000,728.945,731.31,726.86,730.895,5052231.362298
2026-06-26T14:00:00+0000,730.87,734.2425,730.63,733.49,3903913.969479
2026-06-26T14:30:00+0000,733.49,733.92,731.6005,732.45,2630466.83794
2026-06-26T15:00:00+0000,732.46,734.67,731.62,734.67,2366786.822896
2026-06-26T15:30:00+0000,734.67,736.53,734.18,735.4,3425103.588466
2026-06-26T16:00:00+0000,735.4,735.52,732.74,733.42,2409494.7559159994
2026-06-26T16:30:00+0000,733.4,734.9,733.4,734.47,2174583.339079
2026-06-26T17:00:00+0000,734.48,735.86,733.79,734.72,2712692.226818
2026-06-26T17:30:00+0000,734.72,735.39,733.47,733.66,2131067.6163649997
2026-06-26T18:00:00+0000,733.69,734.59,732.74,732.83,2538110.014695
2026-06-26T18:30:00+0000,732.83,733.67,731.28,731.62,4121076.9925410002
2026-06-26T19:00:00+0000,731.63,732.99,731.33,732.19,4103996.686993
2026-06-26T19:30:00+0000,732.2,733.86,716.58,729.09,11968873.242189001
2026-06-29T13:30:00+0000,736.525,739.895,735.3,736.8899,5328438.505458999
2026-06-29T14:00:00+0000,736.87,737.07,732.09,736.07,5725595.051898001
2026-06-29T14:30:00+0000,736.08,738.32,735.88,737.86,3683556.669197
2026-06-29T15:00:00+0000,737.88,738.02,736.33,737.77,2120533.785018
2026-06-29T15:30:00+0000,737.76,738.58,737.21,738.51,2058357.1812259997
2026-06-29T16:00:00+0000,738.54,739.13,738.26,738.33,3621131.387782
2026-06-29T16:30:00+0000,738.34,738.95,737.97,738.68,1832788.859249
2026-06-29T17:00:00+0000,738.69,740.375,738.69,740.14,1939483.85709
2026-06-29T17:30:00+0000,740.135,740.82,739.98,740.41,1155863.5700380001
2026-06-29T18:00:00+0000,740.4,740.77,740.12,740.215,2597931.881809
2026-06-29T18:30:00+0000,740.215,741.19,740.15,740.685,1967640.554155
2026-06-29T19:00:00+0000,740.69,741.12,740.34,740.87,4266342.013564
2026-06-29T19:30:00+0000,740.87,741.56,740.23,740.88,9688968.948884
2026-06-30T13:30:00+0000,741.29,743.96,740.89,743.92,4907035.30806
2026-06-30T14:00:00+0000,743.91,744.575,742.86,744.48,4723231.383912
2026-06-30T14:30:00+0000,744.47,745.38,742.93,743.3199,2316229.2159269997
2026-06-30T15:00:00+0000,743.32,745.36,743.24,745.26,1910669.688141
2026-06-30T15:30:00+0000,745.275,746.0,744.794,745.79,1734611.30836
2026-06-30T16:00:00+0000,745.8,746.62,745.76,746.29,1937583.5233629998
2026-06-30T16:30:00+0000,746.29,747.04,746.12,746.77,1698647.6351299998
2026-06-30T17:00:00+0000,746.78,747.14,746.37,746.49,1460252.8044659998
2026-06-30T17:30:00+0000,746.51,746.67,746.15,746.49,1586720.315209
2026-06-30T18:00:00+0000,746.49,747.08,746.32,746.8,1602368.1729779998
2026-06-30T18:30:00+0000,746.77,747.44,746.56,747.13,1968747.1732609998
2026-06-30T19:00:00+0000,747.13,748.02,747.11,747.42,3948682.741185
2026-06-30T19:30:00+0000,747.43,747.86,746.3,746.32,12903138.239486
2026-07-01T13:30:00+0000,745.0,745.34,742.375,745.34,6248319.780160001
2026-07-01T14:00:00+0000,745.34,747.02,745.0,746.82,3160628.1056270003
2026-07-01T14:30:00+0000,746.82,747.11,745.69,746.96,2621320.8115060003
2026-07-01T15:00:00+0000,746.99,749.32,746.9,749.29,3500269.6532690004
2026-07-01T15:30:00+0000,749.28,749.365,748.34,748.79,1746022.235043
2026-07-01T16:00:00+0000,748.811,749.435,748.67,748.9701,1419219.815506
2026-07-01T16:30:00+0000,748.98,749.21,747.3225,747.52,1599317.7472680002
2026-07-01T17:00:00+0000,747.51,748.42,747.04,747.93,1658228.5623330001
2026-07-01T17:30:00+0000,747.94,748.18,747.16,747.195,1192765.34767
2026-07-01T18:00:00+0000,747.2,747.69,746.71,747.13,1682524.656304
2026-07-01T18:30:00+0000,747.13,747.38,746.45,746.85,1772080.706216
2026-07-01T19:00:00+0000,746.86,747.69,744.4399,746.94,2376613.627936
2026-07-01T19:30:00+0000,746.94,747.31,745.16,745.69,8209251.417610999
2026-07-02T13:30:00+0000,747.4,751.245,747.1,750.76,4151072.63712
2026-07-02T14:00:00+0000,750.78,751.31,747.61,747.94,3477273.1287599998
2026-07-02T14:30:00+0000,747.95,749.38,746.015,747.66,2970260.0394599997
2026-07-02T15:00:00+0000,747.65,747.828,744.2,744.91,3225987.3537100004
2026-07-02T15:30:00+0000,744.88,746.71,744.05,744.645,2013499.545709
2026-07-02T16:00:00+0000,744.65,744.87,743.37,743.54,1953289.8083179998
2026-07-02T16:30:00+0000,743.56,743.57,741.81,742.18,2608627.241003
2026-07-02T17:00:00+0000,742.2,742.28,740.37,741.53,3884836.965866
2026-07-02T17:30:00+0000,741.54,742.1,740.03,740.24,2104679.657098
2026-07-02T18:00:00+0000,740.26,742.9,740.05,742.72,2043094.943033
2026-07-02T18:30:00+0000,742.71,743.51,742.53,742.9895,1979944.4814960002
2026-07-02T19:00:00+0000,742.99,743.1302,741.27,742.31,2698619.5095430003
2026-07-02T19:30:00+0000,742.33,745.58,742.17,744.8,10801957.227503
2026-07-06T13:30:00+0000,748.74,749.54,747.41,748.5,4689912.455059
2026-07-06T14:00:00+0000,748.54,749.98,747.97,749.93,4206634.931867
2026-07-06T14:30:00+0000,749.9301,750.275,749.1,750.275,2379500.715059
2026-07-06T15:00:00+0000,750.28,750.81,749.61,750.76,2627643.471067
2026-07-06T15:30:00+0000,750.78,750.97,750.35,750.84,1999398.7840300002
2026-07-06T16:00:00+0000,750.83,751.12,750.55,750.65,1858391.373375
2026-07-06T16:30:00+0000,750.65,751.08,750.37,750.46,1850051.8111720001
2026-07-06T17:00:00+0000,750.48,751.53,750.405,750.7,2156796.1350020003
2026-07-06T17:30:00+0000,750.7,750.75,749.63,750.1299,1544997.618365
2026-07-06T18:00:00+0000,750.13,751.6064,750.13,751.33,2025600.4246369998
2026-07-06T18:30:00+0000,751.33,752.025,751.01,751.93,2110296.559826
2026-07-06T19:00:00+0000,751.94,752.41,751.66,752.29,3650236.695103
2026-07-06T19:30:00+0000,752.28,752.29,750.77,751.3,10857361.350653999
2026-07-07T13:30:00+0000,750.22,750.96,748.25,748.85,4656790.919175999
2026-07-07T14:00:00+0000,748.8504,749.2,746.09,746.7,3612884.215161
2026-07-07T14:30:00+0000,746.68,747.01,745.21,746.445,3491082.992988
2026-07-07T15:00:00+0000,746.46,746.68,745.76,746.369,1945689.798806
2026-07-07T15:30:00+0000,746.36,747.45,745.43,747.36,1835243.221919
2026-07-07T16:00:00+0000,747.38,748.99,747.25,748.77,2242794.016864
2026-07-07T16:30:00+0000,748.765,749.13,748.24,748.96,1984460.6797420003
2026-07-07T17:00:00+0000,748.96,749.34,748.42,748.84,1581717.709063
2026-07-07T17:30:00+0000,748.85,749.27,748.65,749.18,1333493.887878
2026-07-07T18:00:00+0000,749.18,749.3,748.83,748.99,1640885.028921
2026-07-07T18:30:00+0000,749.0,749.07,747.42,747.51,2669485.9825379997
2026-07-07T19:00:00+0000,747.5,747.7,746.0,746.7,4315283.998869
2026-07-07T19:30:00+0000,746.67,747.97,746.38,747.66,7045783.8816019995
2026-07-08T13:30:00+0000,743.16,744.925,742.64,744.04,4722813.2813
2026-07-08T14:00:00+0000,744.01,744.7,742.68,743.11,3379962.296931
2026-07-08T14:30:00+0000,743.09,743.69,740.93,741.84,3284936.2345310003
2026-07-08T15:00:00+0000,741.83,742.03,739.55,739.94,2786304.272445
2026-07-08T15:30:00+0000,739.96,741.27,739.51,740.64,2399105.212308
2026-07-08T16:00:00+0000,740.68,743.47,740.61,743.1,2163717.647334
2026-07-08T16:30:00+0000,743.09,744.75,742.45,744.68,2351873.735255
2026-07-08T17:00:00+0000,744.66,745.78,743.985,745.72,1870600.7325589997
2026-07-08T17:30:00+0000,745.73,746.09,743.95,744.39,1787587.3818970001
2026-07-08T18:00:00+0000,744.38,745.51,744.0,744.67,1869937.801725
2026-07-08T18:30:00+0000,744.67,745.5,744.26,745.33,1528047.184536
2026-07-08T19:00:00+0000,745.34,745.725,744.68,745.19,1676431.753307
2026-07-08T19:30:00+0000,745.2,746.15,744.41,745.31,5801615.928582
2026-07-09T13:30:00+0000,747.35,749.23,745.68,748.67,4212492.7215100005
2026-07-09T14:00:00+0000,748.69,749.02,745.59,747.8799,4081511.652863
2026-07-09T14:30:00+0000,747.86,748.92,747.1,748.73,1561713.7942
2026-07-09T15:00:00+0000,748.72,749.98,748.6,749.8,1817330.103145
2026-07-09T15:30:00+0000,749.78,750.25,749.485,749.87,1203571.652226
2026-07-09T16:00:00+0000,749.88,750.82,749.87,750.64,2642493.216252
2026-07-09T16:30:00+0000,750.64,750.8999,750.24,750.44,1774051.139037
2026-07-09T17:00:00+0000,750.45,751.79,750.4,751.755,1389238.540382
2026-07-09T17:30:00+0000,751.76,751.97,751.18,751.63,1525586.8097640001
2026-07-09T18:00:00+0000,751.625,751.865,751.24,751.4505,1669890.8828560002
2026-07-09T18:30:00+0000,751.45,751.5895,750.86,751.0499,2317797.0512079997
2026-07-09T19:00:00+0000,751.05,751.47,750.6601,751.1,2073627.7078550002
2026-07-09T19:30:00+0000,751.09,751.72,750.83,751.64,6229407.294159
2026-07-10T13:30:00+0000,752.05,753.235,751.8,752.915,2964532.2988210004
2026-07-10T14:00:00+0000,752.92,753.35,752.11,752.5859,1946052.2099449998
2026-07-10T14:30:00+0000,752.61,753.25,748.1,751.2199,4847906.111670999
2026-07-10T15:00:00+0000,751.18,753.42,750.652,753.25,1530379.331285
2026-07-10T15:30:00+0000,753.25,753.39,751.38,752.8175,1718079.065178
2026-07-10T16:00:00+0000,752.81,753.69,752.81,753.21,1461138.18167
2026-07-10T16:30:00+0000,753.21,754.14,753.03,754.01,1743270.305541
2026-07-10T17:00:00+0000,754.01,754.06,753.48,754.01,2932558.9493409996
2026-07-10T17:30:00+0000,754.02,754.41,753.875,753.99,1288410.993454
2026-07-10T18:00:00+0000,754.0,754.72,753.93,754.43,1875387.819869
2026-07-10T18:30:00+0000,754.42,754.66,754.31,754.495,1383267.276337
2026-07-10T19:00:00+0000,754.495,755.18,754.455,754.96,3340942.6705449997
2026-07-10T19:30:00+0000,754.96,755.42,754.57,754.9,7855869.15223
2026-07-13T13:30:00+0000,752.47,753.91,751.92,753.62,3751474.7599879997
2026-07-13T14:00:00+0000,753.63,753.9105,750.3,753.09,3941122.854893
2026-07-13T14:30:00+0000,753.09,753.3,751.0,752.7401,2257192.651164
2026-07-13T15:00:00+0000,752.74,753.055,751.8812,752.38,1106520.626377
2026-07-13T15:30:00+0000,752.39,752.525,751.0945,751.235,1405152.0451230002
2026-07-13T16:00:00+0000,751.23,751.81,749.93,750.29,1861463.4326770003
2026-07-13T16:30:00+0000,750.27,750.66,748.93,749.87,2644614.564533
2026-07-13T17:00:00+0000,749.9,750.64,749.53,749.81,1651594.537891
2026-07-13T17:30:00+0000,749.81,750.26,749.21,749.235,1404437.626802
2026-07-13T18:00:00+0000,749.26,750.21,749.04,749.24,2197699.9562
2026-07-13T18:30:00+0000,749.24,750.07,748.9702,749.56,3467578.323725
2026-07-13T19:00:00+0000,749.58,749.97,748.17,748.38,3246914.5033990005
2026-07-13T19:30:00+0000,748.39,749.61,748.0,749.1,9398358.553429
2026-07-14T13:30:00+0000,750.91,751.79,749.44,751.31,3805741.915364
2026-07-14T14:00:00+0000,751.32,751.48,748.66,750.71,2549930.722527
2026-07-14T14:30:00+0000,750.71,753.34,750.47,751.71,2646837.685168
2026-07-14T15:00:00+0000,751.71,753.08,751.28,752.66,2208895.3374699997
2026-07-14T15:30:00+0000,752.64,752.9,750.62,750.98,2104052.945114
2026-07-14T16:00:00+0000,750.99,751.05,750.0,750.78,1723173.797188
2026-07-14T16:30:00+0000,750.78,751.85,750.62,751.85,1188067.708514
2026-07-14T17:00:00+0000,751.87,752.61,751.5,752.3,1216389.030294
2026-07-14T17:30:00+0000,752.32,752.49,751.76,752.275,844522.407102
2026-07-14T18:00:00+0000,752.28,752.77,751.93,752.5,1155831.67795
2026-07-14T18:30:00+0000,752.485,752.6,751.66,752.1705,2554736.96332
2026-07-14T19:00:00+0000,752.19,752.45,751.77,752.15,2353792.5952159995
2026-07-14T19:30:00+0000,752.16,752.52,751.71,751.87,5532511.420648
2026-07-15T13:30:00+0000,754.24,755.58,753.18,754.45,4112527.388127
2026-07-15T14:00:00+0000,754.52,755.56,753.35,754.62,3514893.940215
2026-07-15T14:30:00+0000,754.64,754.87,752.741,753.4607,2544267.508561
2026-07-15T15:00:00+0000,753.48,754.16,752.2,753.605,2035920.9131299998
2026-07-15T15:30:00+0000,753.6,753.84,752.28,752.6695,1632831.378331
2026-07-15T16:00:00+0000,752.64,752.828,750.44,750.83,2397761.4135569995
2026-07-15T16:30:00+0000,750.81,752.32,750.2,751.67,2378838.914031
2026-07-15T17:00:00+0000,751.68,752.85,751.58,752.81,2015123.427149
2026-07-15T17:30:00+0000,752.81,754.55,752.81,754.1901,2091459.07573
2026-07-15T18:00:00+0000,754.2,754.84,754.14,754.635,2270203.874075
2026-07-15T18:30:00+0000,754.635,754.92,753.1,753.19,2251065.573947
2026-07-15T19:00:00+0000,753.19,753.93,753.05,753.63,2082597.718551
2026-07-15T19:30:00+0000,753.63,754.8,753.09,754.74,6634208.680889
2026-07-16T13:30:00+0000,752.76,753.52,750.67,751.905,3924121.1680819998
2026-07-16T14:00:00+0000,751.9,754.388,751.64,754.35,2925076.7716699997
2026-07-16T14:30:00+0000,754.34,754.57,753.34,754.17,2194154.307147
2026-07-16T15:00:00+0000,754.2,754.44,752.98,753.8001,1798294.7674639998
2026-07-16T15:30:00+0000,753.82,754.405,753.03,753.57,1521624.0142370001
2026-07-16T16:00:00+0000,753.6,753.6,751.45,751.93,2256825.941606
2026-07-16T16:30:00+0000,751.94,752.97,751.59,752.86,1668648.3315980001
2026-07-16T17:00:00+0000,752.88,752.91,752.03,752.705,1885337.3374680001
2026-07-16T17:30:00+0000,752.71,752.81,751.08,751.31,1887716.86537
2026-07-16T18:00:00+0000,751.33,751.71,750.46,750.91,2429375.540841
2026-07-16T18:30:00+0000,750.92,750.93,749.92,750.23,2133624.695108
2026-07-16T19:00:00+0000,750.22,750.7,748.86,749.1,3295130.9328359994
2026-07-16T19:30:00+0000,749.08,751.04,747.88,750.76,11103307.888278
2026-07-17T13:30:00+0000,742.08,744.83,740.8,744.8101,7356673.684296001
2026-07-17T14:00:00+0000,744.81,747.29,744.6701,746.335,6763798.090105001
2026-07-17T14:30:00+0000,746.34,746.79,744.85,745.05,3041279.9279810004
2026-07-17T15:00:00+0000,745.05,745.57,743.96,745.445,2897484.7881419994
2026-07-17T15:30:00+0000,745.44,747.06,744.4401,746.87,2658272.056219
2026-07-17T16:00:00+0000,746.88,747.1,744.83,745.94,4703725.713494
2026-07-17T16:30:00+0000,745.95,747.27,745.54,746.32,1742602.452557
2026-07-17T17:00:00+0000,746.37,747.17,745.97,746.87,2899265.6641570004
2026-07-17T17:30:00+0000,746.88,746.99,744.38,744.58,2078069.2319030003
2026-07-17T18:00:00+0000,744.58,745.14,743.24,743.71,3013874.186822
2026-07-17T18:30:00+0000,743.69,744.66,743.095,744.37,2441452.523123
2026-07-17T19:00:00+0000,744.39,744.47,742.13,743.16,3087634.4163269997
2026-07-17T19:30:00+0000,743.17,744.4,742.6,743.2,8791834.181446
2026-07-20T13:30:00+0000,747.06,748.73,745.52,745.69,4618973.465144
2026-07-20T14:00:00+0000,745.68,746.36,744.26,745.68,2751037.9266230003
2026-07-20T14:30:00+0000,745.69,745.96,743.69,744.11,2480689.152331
2026-07-20T15:00:00+0000,744.14,745.97,743.805,745.87,2142177.502225
2026-07-20T15:30:00+0000,745.89,746.44,745.1,745.99,1586431.829279
2026-07-20T16:00:00+0000,746.0,747.005,745.58,746.5,1971435.336232
2026-07-20T16:30:00+0000,746.49,746.78,744.47,745.0,2831996.5451619998
2026-07-20T17:00:00+0000,745.01,745.21,743.56,744.12,1950275.281511
2026-07-20T17:30:00+0000,744.13,744.92,743.59,744.55,1689522.4956939998
2026-07-20T18:00:00+0000,744.55,745.38,744.13,744.47,2173259.078218
2026-07-20T18:30:00+0000,744.48,744.49,742.43,742.72,2656670.2962809997
2026-07-20T19:00:00+0000,742.76,743.19,741.5103,742.73,4002148.5813100003
2026-07-20T19:30:00+0000,742.74,743.34,741.61,742.1,9195723.396745
2026-07-21T13:30:00+0000,746.29,746.69,744.18,745.37,3666814.4395599994
2026-07-21T14:00:00+0000,745.38,746.99,744.79,746.87,1822977.7121080002
2026-07-21T14:30:00+0000,746.85,747.26,745.77,746.74,1709603.85078
2026-07-21T15:00:00+0000,746.77,748.01,745.83,748.0,1761475.730147
2026-07-21T15:30:00+0000,747.98,748.0,747.41,747.52,1482423.902996
2026-07-21T16:00:00+0000,747.52,748.75,747.49,748.66,1335436.141633
2026-07-21T16:30:00+0000,748.64,749.04,748.4,748.69,1370318.363599
2026-07-21T17:00:00+0000,748.6884,748.855,748.24,748.36,1709707.908997
2026-07-21T17:30:00+0000,748.36,748.93,748.215,748.59,1315988.9840300002
2026-07-21T18:00:00+0000,748.59,748.77,748.065,748.21,1440639.992106
2026-07-21T18:30:00+0000,748.22,748.64,747.94,748.37,1323156.369542
2026-07-21T19:00:00+0000,748.38,748.47,748.09,748.26,1560036.5938920001
2026-07-21T19:30:00+0000,748.25,748.7,748.09,748.315,5062638.417024001
2026-07-22T13:30:00+0000,746.62,748.785,746.37,748.78,2943151.40097
2026-07-22T14:00:00+0000,748.77,749.38,747.09,747.3,2023260.2761099997
2026-07-22T14:30:00+0000,747.29,747.977,746.68,747.935,1979846.0782509998
2026-07-22T15:00:00+0000,747.93,749.68,747.89,749.41,1721296.597891
2026-07-22T15:30:00+0000,749.42,749.79,748.7507,749.76,1130245.7504419999
2026-07-22T16:00:00+0000,749.76,750.02,749.49,749.85,1295030.560506
2026-07-22T16:30:00+0000,749.86,750.0048,749.48,749.83,1130205.62811
2026-07-22T17:00:00+0000,749.835,749.96,748.95,749.0445,2071303.905305
2026-07-22T17:30:00+0000,749.05,749.41,748.39,748.52,1569094.506587
2026-07-22T18:00:00+0000,748.515,748.71,748.01,748.49,1456205.170782
2026-07-22T18:30:00+0000,748.49,748.6,748.05,748.41,1398301.1919649998
2026-07-22T19:00:00+0000,748.44,748.46,747.65,748.0,1429325.079208
2026-07-22T19:30:00+0000,748.0,748.3,747.295,747.39,6409385.2844360005
2026-07-23T13:30:00+0000,739.37,742.56,738.47,739.575,6447260.045862
2026-07-23T14:00:00+0000,739.58,740.93,738.87,739.8,2993387.5761589995
2026-07-23T14:30:00+0000,739.74,740.64,738.01,738.31,2968971.3780770004
2026-07-23T15:00:00+0000,738.32,738.48,735.81,735.9299,4787896.600009
2026-07-23T15:30:00+0000,735.91,737.9,735.21,737.845,3057980.6152419997
2026-07-23T16:00:00+0000,737.845,739.66,737.53,739.45,3328804.1091130003
2026-07-23T16:30:00+0000,739.45,739.72,737.75,738.66,1806843.5105400002
2026-07-23T17:00:00+0000,738.67,739.2,737.79,738.75,3404947.528609
2026-07-23T17:30:00+0000,738.74,738.8,737.13,737.19,1461224.0279719997
2026-07-23T18:00:00+0000,737.16,737.49,736.8001,737.42,1698412.163228
2026-07-23T18:30:00+0000,737.415,737.69,736.61,737.05,2287795.189339
2026-07-23T19:00:00+0000,737.08,737.9,736.47,737.48,2189529.0336769996
2026-07-23T19:30:00+0000,737.49,738.65,735.72,738.24,11583633.107407
2026-07-24T13:30:00+0000,738.51,739.88,737.43,737.53,3364480.436023
2026-07-24T14:00:00+0000,737.5,739.95,737.333,739.18,3985337.326102
2026-07-24T14:30:00+0000,739.19,740.7,737.43,740.59,2579850.114988
2026-07-24T15:00:00+0000,740.59,743.13,739.58,742.61,3753384.25001
2026-07-24T15:30:00+0000,742.6,743.25,742.0,743.015,1712274.8844460002
2026-07-24T16:00:00+0000,743.04,743.72,742.64,743.19,2096913.206528
2026-07-24T16:30:00+0000,743.17,743.19,740.74,741.45,1721177.858118
2026-07-24T17:00:00+0000,741.47,741.84,740.2301,741.71,1533376.6125440001
2026-07-24T17:30:00+0000,741.75,742.1692,740.92,740.98,1180613.2362250001
2026-07-24T18:00:00+0000,740.99,741.29,739.0,739.035,2079780.974924
2026-07-24T18:30:00+0000,739.05,739.16,737.64,738.38,3024223.4970650002
2026-07-24T19:00:00+0000,738.39,738.895,737.29,737.65,4396808.278365999
2026-07-24T19:30:00+0000,737.72,739.1,737.64,738.85,8653175.873034999
2026-07-27T13:30:00+0000,744.91,745.53,741.6,741.6,3968790.53921
2026-07-27T14:00:00+0000,741.6,742.13,738.2,738.315,4520096.220502
2026-07-27T14:30:00+0000,738.33,739.88,736.54,739.6901,3965963.3485689997
2026-07-27T15:00:00+0000,739.72,740.31,737.88,738.29,2775515.220251
2026-07-27T15:30:00+0000,738.27,738.27,736.335,737.485,1651374.7978620003
2026-07-27T16:00:00+0000,737.4925,739.68,736.86,738.72,2107427.025564
2026-07-27T16:30:00+0000,738.72,739.35,736.64,737.057,1101077.7786070001
2026-07-27T17:00:00+0000,737.07,737.1,735.87,736.2,1529010.905389
2026-07-27T17:30:00+0000,736.22,737.85,736.18,737.8,967985.1068010001
2026-07-27T18:00:00+0000,737.84,737.97,737.03,737.62,1386997.8420799999
2026-07-27T18:30:00+0000,737.64,739.25,736.62,739.06,2158102.719847
2026-07-27T19:00:00+0000,739.06,739.77,738.49,739.65,2059169.1919459999
2026-07-27T19:30:00+0000,739.65,739.85,738.5,739.02,8370624.117198999
2026-07-28T13:30:00+0000,739.19,739.49,735.98,736.5,5761644.067422999
2026-07-28T14:00:00+0000,736.49,738.215,736.27,737.7,3092941.6673890003
2026-07-28T14:30:00+0000,737.72,739.82,737.15,738.64,3411187.279741
2026-07-28T15:00:00+0000,738.7,741.9,738.01,741.2,3377393.532599
2026-07-28T15:30:00+0000,741.17,742.45,740.991,742.215,1642955.484691
2026-07-28T16:00:00+0000,742.205,742.35,741.21,741.21,1634078.8844929999
2026-07-28T16:30:00+0000,741.23,742.7901,740.92,742.61,1568716.476729
2026-07-28T17:00:00+0000,742.61,742.78,741.08,741.31,1525889.625818
2026-07-28T17:30:00+0000,741.3,741.92,740.51,741.19,1271743.351301
2026-07-28T18:00:00+0000,741.2,741.52,740.42,740.59,1595854.800537
2026-07-28T18:30:00+0000,740.59,741.615,740.5,741.45,1496561.59696
2026-07-28T19:00:00+0000,741.45,741.96,741.31,741.7,3800145.932956
2026-07-28T19:30:00+0000,741.71,741.73,740.43,740.76,8721388.75467
2026-07-29T13:30:00+0000,739.97,740.39,736.61,737.36,3647652.162215
2026-07-29T14:00:00+0000,737.43,738.33,734.26,734.92,3959927.2385170003
2026-07-29T14:30:00+0000,734.91,735.84,733.79,734.82,2934120.1739850002
2026-07-29T15:00:00+0000,734.82,735.66,734.35,734.42,1872285.922913
2026-07-29T15:30:00+0000,734.44,734.99,733.02,733.73,1560847.96789
2026-07-29T16:00:00+0000,733.76,734.03,731.73,733.85,2541177.323806
2026-07-29T16:30:00+0000,733.84,734.87,732.88,734.87,2109734.5686480002
2026-07-29T17:00:00+0000,734.88,737.24,734.74,735.74,2287580.1692770002
2026-07-29T17:30:00+0000,735.75,736.42,735.27,736.4075,1745325.989554
2026-07-29T18:00:00+0000,736.37,739.55,736.3183,737.31,4539831.269041
2026-07-29T18:30:00+0000,737.36,742.68,735.95,741.95,4868217.41722
2026-07-29T19:00:00+0000,741.945,742.59,734.2806,735.15,5737212.204971001
2026-07-29T19:30:00+0000,735.21,735.74,729.1,729.51,19746191.926808998
2026-07-30T13:30:00+0000,736.05,738.66,734.63,738.625,7413893.470349
2026-07-30T14:00:00+0000,738.62,739.3,737.38,738.64,4419742.844285999
2026-07-30T14:30:00+0000,738.66,739.11,735.6099,736.23,4300753.745109
2026-07-30T15:00:00+0000,736.23,736.82,734.59,734.8,3739309.935753
2026-07-30T15:30:00+0000,734.84,737.67,734.68,737.13,3055861.95789
2026-07-30T16:00:00+0000,737.15,739.22,736.87,738.76,2803860.860642
2026-07-30T16:30:00+0000,738.77,739.17,737.755,738.985,1700734.37173
2026-07-30T17:00:00+0000,738.98,740.24,738.9799,739.76,2378230.7045400003
2026-07-30T17:30:00+0000,739.765,740.38,739.19,739.78,2141705.848099
2026-07-30T18:00:00+0000,739.785,740.44,739.705,740.38,2068339.257493
2026-07-30T18:30:00+0000,740.4,740.83,740.03,740.77,2254743.5900060004
2026-07-30T19:00:00+0000,740.75,742.45,740.74,741.78,3489882.2683389997
2026-07-30T19:30:00+0000,741.77,742.1,741.0,741.73,12583952.042191
2026-07-31T13:30:00+0000,744.68,746.301,741.55,741.94,6641947.74379
2026-07-31T14:00:00+0000,741.94,742.365,737.68,740.49,6281481.541707
2026-07-31T14:30:00+0000,740.48,742.95,740.13,742.5,3225764.0955850002
2026-07-31T15:00:00+0000,742.53,743.1,740.09,740.3,2403720.083782
2026-07-31T15:30:00+0000,740.29,743.33,739.81,743.0908,2398087.924281
2026-07-31T16:00:00+0000,743.09,744.43,742.46,744.42,2187394.377758
2026-07-31T16:30:00+0000,744.43,745.03,743.99,744.62,1599581.935578
2026-07-31T17:00:00+0000,744.62,746.4,744.5,746.29,2473090.672675
2026-07-31T17:30:00+0000,746.3,746.5,745.19,745.44,2632063.386303
2026-07-31T18:00:00+0000,745.44,746.43,745.295,746.01,2684155.854788
2026-07-31T18:30:00+0000,746.04,746.54,745.67,746.155,2658678.9005890004
2026-07-31T19:00:00+0000,746.14,747.92,745.79,747.49,5184506.023953
2026-07-31T19:30:00+0000,747.49,748.895,746.34,746.81,10315788.418297
2026-08-03T13:30:00+0000,749.44,753.6387,748.8,753.62,6362417.043501
2026-08-03T14:00:00+0000,753.6,754.78,753.0,754.5,4491045.114233
2026-08-03T14:30:00+0000,754.5,755.4055,754.31,755.3701,4020891.498068
2026-08-03T15:00:00+0000,755.38,755.7,754.79,755.11,3516100.705908
2026-08-03T15:30:00+0000,755.12,756.21,755.075,755.955,4039321.5156170004
2026-08-03T16:00:00+0000,755.96,756.6,755.76,756.57,2511221.526438
2026-08-03T16:30:00+0000,756.57,756.62,756.015,756.22,2549639.514839
2026-08-03T17:00:00+0000,756.22,757.155,755.98,757.085,2381145.049694
2026-08-03T17:30:00+0000,757.084,757.78,757.01,757.6451,4030087.7939119996
2026-08-03T18:00:00+0000,757.645,758.33,757.48,757.57,2872924.424055
2026-08-03T18:30:00+0000,757.58,758.29,757.34,757.935,2861229.355738
2026-08-03T19:00:00+0000,757.94,758.58,757.94,758.34,2562541.448155
2026-08-03T19:30:00+0000,758.35,758.51,757.43,757.67,8420308.50918
2026-08-04T13:30:00+0000,760.63,763.48,760.52,763.39,5347763.18216
2026-08-04T14:00:00+0000,763.37,765.3828,763.09,764.49,4491573.535525
2026-08-04T14:30:00+0000,764.47,766.42,764.1,766.3,4144555.7651270004
2026-08-04T15:00:00+0000,766.33,767.87,766.17,767.35,3608306.2330329996
2026-08-04T15:30:00+0000,767.34,768.9,767.16,768.44,3744266.026539
2026-08-04T16:00:00+0000,768.445,769.34,768.14,769.23,3533096.881478
2026-08-04T16:30:00+0000,769.22,770.32,769.0,770.265,3171936.2952620005
2026-08-04T17:00:00+0000,770.27,771.605,770.165,771.28,3620504.1849850006
2026-08-04T17:30:00+0000,771.29,773.085,770.965,771.57,4021880.071725
2026-08-04T18:00:00+0000,771.57,772.45,771.08,772.37,3036169.2788200006
2026-08-04T18:30:00+0000,772.3799,772.4798,771.41,772.07,3337994.899836
2026-08-04T19:00:00+0000,772.085,773.12,772.05,772.32,4267388.713105001
2026-08-04T19:30:00+0000,772.31,773.41,770.96,771.25,11015364.071617
2026-08-05T13:30:00+0000,775.85,776.85,774.39,776.7036,6270056.173954
2026-08-05T14:00:00+0000,776.67,776.7,774.75,774.7809,2821372.631274
2026-08-05T14:30:00+0000,774.78,775.0201,772.54,773.47,3655079.576447
2026-08-05T15:00:00+0000,773.46,773.95,771.0,771.71,2983035.147039
2026-08-05T15:30:00+0000,771.7,772.52,770.33,770.645,2192678.7564589996
2026-08-05T16:00:00+0000,770.63,772.12,769.91,772.1,3237271.1807770003
2026-08-05T16:30:00+0000,772.09,772.22,771.2,771.8525,1947402.061888
2026-08-05T17:00:00+0000,771.89,772.16,771.01,771.34,1746793.200858
2026-08-05T17:30:00+0000,771.33,772.01,771.07,771.555,1116580.949116
2026-08-05T18:00:00+0000,771.56,772.25,771.54,771.94,2078974.614844
2026-08-05T18:30:00+0000,771.93,771.96,771.2,771.391,2023029.4901029998
2026-08-05T19:00:00+0000,771.4,771.989,771.24,771.7999,2298969.982385
2026-08-05T19:30:00+0000,771.78,771.89,769.51,769.76,5981823.665624999
2026-08-06T13:30:00+0000,770.21,771.525,769.0576,770.92,3146698.88617
2026-08-06T14:00:00+0000,770.95,771.82,770.07,770.45,1815163.363877
2026-08-06T14:30:00+0000,770.45,771.06,769.53,770.985,2240062.383621
2026-08-06T15:00:00+0000,771.0,771.21,768.62,769.24,2627379.185568
2026-08-06T15:30:00+0000,769.24,769.78,767.95,768.125,2448926.528122
2026-08-06T16:00:00+0000,768.16,768.54,767.46,768.26,3145680.002279
2026-08-06T16:30:00+0000,768.27,769.04,767.9081,768.96,1376691.923274
2026-08-06T17:00:00+0000,768.99,769.18,767.81,767.83,1493337.495765
2026-08-06T17:30:00+0000,767.83,768.64,767.72,768.6303,1630689.3719890001
2026-08-06T18:00:00+0000,768.65,769.73,768.45,769.43,2156819.980448
2026-08-06T18:30:00+0000,769.43,769.47,768.515,768.96,1523572.879592
2026-08-06T19:00:00+0000,768.97,769.79,768.57,768.66,2346788.3617599998
2026-08-06T19:30:00+0000,768.655,769.0,767.7,768.53,6407181.108472
2026-08-07T13:30:00+0000,771.02,772.37,770.46,771.0403,3780530.164736
2026-08-07T14:00:00+0000,771.07,773.29,769.61,773.19,2914471.710818
2026-08-07T14:30:00+0000,773.16,773.35,771.71,772.88,2045033.906645
2026-08-07T15:00:00+0000,772.88,773.89,772.37,773.65,2692433.028871
2026-08-07T15:30:00+0000,773.66,773.915,772.83,773.03,1973325.185894
2026-08-07T16:00:00+0000,773.04,773.38,771.334,771.725,1923374.017717
2026-08-07T16:30:00+0000,771.735,772.86,771.0615,771.965,2968469.3024429996
2026-08-07T17:00:00+0000,771.9601,772.41,771.74,772.09,1066860.7413320001
2026-08-07T17:30:00+0000,772.11,772.46,771.73,772.17,978255.782515
2026-08-07T18:00:00+0000,772.165,772.285,771.45,771.48,1871136.9222209998
2026-08-07T18:30:00+0000,771.475,771.81,770.89,771.71,1920814.6550260002
2026-08-07T19:00:00+0000,771.68,773.45,771.66,773.075,2990524.8357320004
2026-08-07T19:30:00+0000,773.08,773.83,772.52,773.2,6489011.441537
2026-08-10T13:30:00+0000,772.6,773.63,772.5,773.469,3353033.593172
2026-08-10T14:00:00+0000,773.42,774.46,773.39,774.355,3356651.820806
2026-08-10T14:30:00+0000,774.355,775.05,773.5,773.515,2840722.7991919997
2026-08-10T15:00:00+0000,773.51,774.19,773.31,773.74,1828048.1937759998
2026-08-10T15:30:00+0000,773.76,774.41,773.16,774.31,1447568.686983
2026-08-10T16:00:00+0000,774.34,774.435,773.35,773.37,1471052.005293
2026-08-10T16:30:00+0000,773.37,773.488,771.62,772.95,2456905.7031360003
2026-08-10T17:00:00+0000,772.94,773.28,772.5,773.1095,1281702.537696
2026-08-10T17:30:00+0000,773.11,773.26,772.49,772.739,1118356.571454
2026-08-10T18:00:00+0000,772.73,773.06,772.5,772.53,1819801.423883
2026-08-10T18:30:00+0000,772.52,773.33,772.32,773.19,2461730.634859
2026-08-10T19:00:00+0000,773.2,773.44,772.88,772.93,1815863.686565
2026-08-10T19:30:00+0000,772.945,773.29,772.315,773.06,5565508.709113001
2026-08-11T13:30:00+0000,774.53,774.61,772.58,773.615,2757878.4074500003
2026-08-11T14:00:00+0000,773.615,774.08,773.33,773.87,1892558.000003
2026-08-11T14:30:00+0000,773.88,774.035,773.21,773.62,1901860.342181
2026-08-11T15:00:00+0000,773.63,773.81,772.2,772.401,1928445.910783
2026-08-11T15:30:00+0000,772.41,772.56,771.75,772.0,1804161.055822
2026-08-11T16:00:00+0000,772.03,772.45,771.38,771.819,3076784.202966
2026-08-11T16:30:00+0000,771.8175,772.01,771.04,771.14,2044917.5722
2026-08-11T17:00:00+0000,771.15,771.26,770.26,770.85,1348140.9742339998
2026-08-11T17:30:00+0000,770.85,771.355,770.73,771.2399,1082038.114005
2026-08-11T18:00:00+0000,771.22,771.2395,769.2,769.5,1700323.9877519999
2026-08-11T18:30:00+0000,769.52,770.465,769.515,770.075,2216612.392175
2026-08-11T19:00:00+0000,770.09,770.69,769.85,770.63,1757541.6801860002
2026-08-11T19:30:00+0000,770.63,771.095,769.79,770.42,5284958.04659
2026-08-12T13:30:00+0000,774.71,774.9,772.09,772.59,3796860.824386
2026-08-12T14:00:00+0000,772.595,773.305,771.88,772.795,2357899.524598
2026-08-12T14:30:00+0000,772.79,773.2,771.28,772.22,2454078.8782530003
2026-08-12T15:00:00+0000,772.2209,772.41,771.71,772.37,1532929.793441
2026-08-12T15:30:00+0000,772.4,772.47,771.56,772.03,1424862.224892
2026-08-12T16:00:00+0000,772.015,772.67,771.97,772.45,1406275.998905
2026-08-12T16:30:00+0000,772.45,773.2,772.18,772.905,1337185.3767209998
2026-08-12T17:00:00+0000,772.91,773.29,772.61,772.78,1225884.175092
2026-08-12T17:30:00+0000,772.83,773.0,772.6414,772.8101,1127493.4860099999
2026-08-12T18:00:00+0000,772.81,773.31,772.78,773.09,1290211.788292
2026-08-12T18:30:00+0000,773.09,773.63,773.04,773.06,1380020.0680219997
2026-08-12T19:00:00+0000,773.035,773.38,772.8,772.98,1912258.1702629998
2026-08-12T19:30:00+0000,772.98,773.02,772.0,772.52,3814534.8627470005
2026-08-13T13:30:00+0000,774.87,777.69,774.111,777.61,3492714.3111779997
2026-08-13T14:00:00+0000,777.6,779.25,777.52,779.19,2405248.937475
2026-08-13T14:30:00+0000,779.19,779.37,777.38,777.76,2690324.517943
2026-08-13T15:00:00+0000,777.77,778.23,775.92,776.17,2401308.341007
2026-08-13T15:30:00+0000,776.18,776.37,775.38,775.49,2249005.230537
2026-08-13T16:00:00+0000,775.48,776.52,775.46,776.52,1515631.255009
2026-08-13T16:30:00+0000,776.525,776.8,776.205,776.7,1163321.281324
2026-08-13T17:00:00+0000,776.71,777.48,776.71,777.11,843257.830341
2026-08-13T17:30:00+0000,777.1,777.24,776.62,776.745,769371.6409819999
2026-08-13T18:00:00+0000,776.75,777.17,776.66,776.98,1622414.8358550002
2026-08-13T18:30:00+0000,776.99,777.93,776.99,777.74,1328408.068627
2026-08-13T19:00:00+0000,777.75,778.43,777.72,778.0301,2102035.796762
2026-08-13T19:30:00+0000,778.03,778.24,777.35,777.8,6612440.640563
2026-08-14T13:30:00+0000,778.54,778.6,777.66,778.29,2604620.213773
2026-08-14T14:00:00+0000,778.25,778.8,777.13,777.41,1859338.2384140003
2026-08-14T14:30:00+0000,777.4,777.48,776.74,776.74,1689723.3075309999
2026-08-14T15:00:00+0000,776.745,777.11,775.86,776.3,1863254.6723000002
2026-08-14T15:30:00+0000,776.29,776.46,775.81,776.22,2085738.7102289998
2026-08-14T16:00:00+0000,776.23,776.82,776.1,776.71,1711116.2130689998
2026-08-14T16:30:00+0000,776.7,776.735,775.66,775.7,1248042.486472
2026-08-14T17:00:00+0000,775.7,776.13,775.63,775.77,1057736.2676769998
2026-08-14T17:30:00+0000,775.78,775.98,775.4301,775.83,1027512.2436070001
2026-08-14T18:00:00+0000,775.835,776.33,775.73,775.925,1757065.0126469997
2026-08-14T18:30:00+0000,775.93,776.4919,775.82,776.19,1282245.452105
2026-08-14T19:00:00+0000,776.19,776.33,775.83,776.155,1800567.7235530003
2026-08-14T19:30:00+0000,776.155,776.42,775.92,776.3,3780474.162347
2026-08-17T13:30:00+0000,776.18,776.775,775.18,775.2905,2610085.978224
2026-08-17T14:00:00+0000,775.265,775.77,775.0,775.46,1706851.5542499998
2026-08-17T14:30:00+0000,775.45,775.5899,774.89,775.27,1802634.7344199999
2026-08-17T15:00:00+0000,775.27,775.86,775.15,775.715,1240582.970621
2026-08-17T15:30:00+0000,775.715,775.82,774.71,775.3,1508777.9451879999
2026-08-17T16:00:00+0000,775.295,775.61,775.06,775.29,971658.18809
2026-08-17T16:30:00+0000,775.3,775.41,774.61,774.68,1045706.5216570001
2026-08-17T17:00:00+0000,774.67,774.78,773.47,773.58,1886437.301895
2026-08-17T17:30:00+0000,773.57,773.86,773.1,773.41,1734857.314095
2026-08-17T18:00:00+0000,773.42,773.8,773.28,773.59,1751647.9115260001
2026-08-17T18:30:00+0000,773.58,773.82,773.23,773.535,1500129.696639
2026-08-17T19:00:00+0000,773.535,773.59,773.12,773.12,2021992.0673590002
2026-08-17T19:30:00+0000,773.13,773.36,772.51,772.68,8584781.378292002
2026-08-18T13:30:00+0000,768.7,769.5,767.9,768.47,4497725.739738
2026-08-18T14:00:00+0000,768.49,769.27,767.63,768.66,3241944.0932869995
2026-08-18T14:30:00+0000,768.64,769.25,767.71,767.92,2680568.7434799997
2026-08-18T15:00:00+0000,767.93,768.38,767.33,767.84,2045026.686235
2026-08-18T15:30:00+0000,767.855,768.63,767.6,768.35,1886587.6414259998
2026-08-18T16:00:00+0000,768.35,768.87,768.14,768.21,1068763.395663
2026-08-18T16:30:00+0000,768.19,768.87,768.07,768.63,1200940.4726280002
2026-08-18T17:00:00+0000,768.62,768.82,768.08,768.3,1012249.98089
2026-08-18T17:30:00+0000,768.29,768.392495,767.61,767.62,971314.318264
2026-08-18T18:00:00+0000,767.62,768.565,767.45,768.36,2735355.130134
2026-08-18T18:30:00+0000,768.355,768.43,767.68,767.7,1462054.087249
2026-08-18T19:00:00+0000,767.69,768.18,767.56,768.02,1735178.298842
2026-08-18T19:30:00+0000,768.015,768.22,766.92,767.41,9886892.599809
2026-08-19T13:30:00+0000,770.36,770.63,768.1,769.99,3945599.2471180004
2026-08-19T14:00:00+0000,770.02,770.26,768.73,770.03,2147689.317229
2026-08-19T14:30:00+0000,769.98,772.2399,769.8102,772.2,2281726.484696
2026-08-19T15:00:00+0000,772.195,772.47,770.88,771.1087,1634121.543218
2026-08-19T15:30:00+0000,771.13,771.18,770.07,770.6209,1923875.0053870003
2026-08-19T16:00:00+0000,770.64,771.99,770.4,770.67,1194056.4174489998
2026-08-19T16:30:00+0000,770.68,770.755,769.5,769.68,2026712.783981
2026-08-19T17:00:00+0000,769.69,770.229,769.02,769.57,1419652.218629
2026-08-19T17:30:00+0000,769.58,769.89,769.16,769.5076,1138571.971168
2026-08-19T18:00:00+0000,769.53,770.55,768.96,769.58,1666140.760247
2026-08-19T18:30:00+0000,769.58,770.09,769.48,769.515,1391174.2337870002
2026-08-19T19:00:00+0000,769.53,770.02,769.43,769.63,2425688.0727310004
2026-08-19T19:30:00+0000,769.65,770.38,768.2,769.06,7794965.5851030005
2026-08-20T13:30:00+0000,765.96,767.75,765.86,766.55,3825051.467647
2026-08-20T14:00:00+0000,766.5,766.95,765.36,766.22,2480023.509007
2026-08-20T14:30:00+0000,766.205,767.48,765.93,767.15,1917633.393805
2026-08-20T15:00:00+0000,767.17,768.15,765.97,766.75,3537053.4085850003
2026-08-20T15:30:00+0000,766.74,766.87,765.23,765.84,2163022.702179
2026-08-20T16:00:00+0000,765.84,766.09,765.45,765.745,1331059.066898
2026-08-20T16:30:00+0000,765.74,766.64,765.36,766.42,1368500.1722
2026-08-20T17:00:00+0000,766.39,766.43,764.71,764.78,1826596.260045
2026-08-20T17:30:00+0000,764.78,765.01,764.23,764.54,1622266.622252
2026-08-20T18:00:00+0000,764.55,764.55,763.15,763.56,2385373.995062
2026-08-20T18:30:00+0000,763.565,763.85,763.21,763.24,2145666.761418
2026-08-20T19:00:00+0000,763.25,763.8,763.17,763.49,2591424.3979780003
2026-08-20T19:30:00+0000,763.48,763.65,762.04,762.65,10765381.091909999
2026-08-21T13:30:00+0000,766.05,766.15,764.17,764.5124,4165705.5746029997
2026-08-21T14:00:00+0000,764.53,765.53,764.45,764.65,2997282.237681
2026-08-21T14:30:00+0000,764.65,765.835,764.215,765.8151,1543832.2876420002
2026-08-21T15:00:00+0000,765.81,766.41,765.455,765.955,2389206.0057969997
2026-08-21T15:30:00+0000,765.96,767.85,765.82,767.2,4984622.772024
2026-08-21T16:00:00+0000,767.2,767.3299,765.87,766.515,2939390.3870960004
2026-08-21T16:30:00+0000,766.51,766.57,765.81,766.39,1522505.743032
2026-08-21T17:00:00+0000,766.39,766.53,765.705,765.8,1420017.7262270001
2026-08-21T17:30:00+0000,765.82,765.9,765.43,765.43,916657.368815
2026-08-21T18:00:00+0000,765.44,765.735,765.26,765.285,1044825.6202180001
2026-08-21T18:30:00+0000,765.27,766.23,765.06,766.1975,1643203.2956480002
2026-08-21T19:00:00+0000,766.2,766.365,765.85,766.05,2116650.460423
2026-08-21T19:30:00+0000,766.05,766.8,765.34,765.69,5994064.003620001
2026-08-24T13:30:00+0000,764.78,764.81,762.08,763.39,3817053.319911
2026-08-24T14:00:00+0000,763.41,763.945,762.5,762.92,2859125.257229
2026-08-24T14:30:00+0000,762.92,764.11,762.78,763.64,3871742.6930679996
2026-08-24T15:00:00+0000,763.64,764.0062,762.37,763.7401,1708192.134852
2026-08-24T15:30:00+0000,763.74,764.73,763.4,764.5201,1627798.1914789998
2026-08-24T16:00:00+0000,764.52,765.22,764.43,764.89,1364950.15442
2026-08-24T16:30:00+0000,764.91,765.0,764.12,764.19,1109290.729808
2026-08-24T17:00:00+0000,764.2,764.78,763.335,763.4,1339397.268111
2026-08-24T17:30:00+0000,763.38,763.57,763.05,763.29,1143577.867595
2026-08-24T18:00:00+0000,763.31,764.84,763.28,764.8,1491775.005198
2026-08-24T18:30:00+0000,764.8,765.11,763.97,764.0,1268562.350752
2026-08-24T19:00:00+0000,763.97,764.23,763.81,763.96,1106889.399977
2026-08-24T19:30:00+0000,763.96,764.24,763.35,763.46,4531232.2433589995
2026-08-25T13:30:00+0000,766.16,766.78,765.5001,765.69,2576827.492025
2026-08-25T14:00:00+0000,765.69,765.81,764.68,764.7,2140509.027788
2026-08-25T14:30:00+0000,764.7,765.06,763.0501,764.72,2764881.234093
2026-08-25T15:00:00+0000,764.73,765.39,764.3,765.31,1107460.4841220002
2026-08-25T15:30:00+0000,765.32,765.85,764.6,765.44,1352637.988
2026-08-25T16:00:00+0000,765.46,765.85,765.3213,765.76,1465730.404121
2026-08-25T16:30:00+0000,765.75,765.95,765.33,765.76,708695.911781
2026-08-25T17:00:00+0000,765.76,765.84,764.63,764.82,1170651.232204
2026-08-25T17:30:00+0000,764.82,765.16,764.74,765.04,1792689.147756
2026-08-25T18:00:00+0000,765.03,765.09,764.72,764.97,1022630.617099
2026-08-25T18:30:00+0000,764.97,765.87,764.97,765.64,1581315.045438
2026-08-25T19:00:00+0000,765.65,765.85,764.87,765.15,1920114.2288529999
2026-08-25T19:30:00+0000,765.17,766.22,765.01,765.83,4404259.961742
2026-08-26T13:30:00+0000,764.73,766.8999,764.68,766.89,2430906.229705
2026-08-26T14:00:00+0000,766.88,766.96,764.83,765.08,1522030.890988
2026-08-26T14:30:00+0000,765.07,765.94,764.92,765.85,1248905.709924
2026-08-26T15:00:00+0000,765.87,766.47,765.56,765.85,1370327.975328
2026-08-26T15:30:00+0000,765.84,766.31,765.14,765.32,1325521.0897249999
2026-08-26T16:00:00+0000,765.33,765.44,764.73,764.8,1285940.0251870002
2026-08-26T16:30:00+0000,764.795,764.98,763.93,764.72,1602009.6102220002
2026-08-26T17:00:00+0000,764.7,765.72,764.5701,765.65,1076954.054345
2026-08-26T17:30:00+0000,765.65,765.87,765.44,765.68,1050097.059067
2026-08-26T18:00:00+0000,765.67,765.98,765.35,765.61,1216539.946705
2026-08-26T18:30:00+0000,765.61,766.64,765.52,766.51,1897756.686528
2026-08-26T19:00:00+0000,766.53,767.35,766.47,766.89,1776256.2727339999
2026-08-26T19:30:00+0000,766.9,767.21,765.49,766.01,5081072.836955
2026-08-27T13:30:00+0000,768.5,769.69,767.16,768.4056,4933106.53044
2026-08-27T14:00:00+0000,768.4,769.88,768.05,769.675,2351021.859595
2026-08-27T14:30:00+0000,769.6999,770.44,769.06,770.395,1424257.29907
2026-08-27T15:00:00+0000,770.41,771.1,770.2281,770.315,1487528.465159
2026-08-27T15:30:00+0000,770.31,770.88,769.39,770.64,1979116.3492739997
2026-08-27T16:00:00+0000,770.64,770.97,770.34,770.91,990601.694224
2026-08-27T16:30:00+0000,770.91,772.03,770.82,771.99,1287892.627735
2026-08-27T17:00:00+0000,772.02,772.355,771.6,771.75,1570887.7928240001
2026-08-27T17:30:00+0000,771.75,772.06,771.1,771.225,1354551.907895
2026-08-27T18:00:00+0000,771.225,771.39,769.26,769.46,1852913.184596
2026-08-27T18:30:00+0000,769.47,770.12,769.16,769.65,1763875.1155170002
2026-08-27T19:00:00+0000,769.65,770.28,769.52,769.94,2267861.367859
2026-08-27T19:30:00+0000,769.945,771.36,769.87,771.07,5509763.630856
2026-08-28T13:30:00+0000,771.76,772.87,771.47,771.78,2278338.854439
2026-08-28T14:00:00+0000,771.79,773.13,769.77,771.3,4082253.005889
2026-08-28T14:30:00+0000,771.3,775.04,770.9,774.9601,2843709.3545549996
2026-08-28T15:00:00+0000,774.98,775.3,773.82,774.95,2243456.198539
2026-08-28T15:30:00+0000,774.97,775.0,770.83,771.07,2563767.500533
2026-08-28T16:00:00+0000,771.085,771.65,769.13,769.6,2460624.92466
2026-08-28T16:30:00+0000,769.6,770.7,769.54,769.69,2048737.933819
2026-08-28T17:00:00+0000,769.68,769.71,768.3076,768.82,1685330.67919
2026-08-28T17:30:00+0000,768.84,769.74,768.6,769.5399,1037551.863175
2026-08-28T18:00:00+0000,769.56,769.8,768.89,769.06,1040208.914997
2026-08-28T18:30:00+0000,769.05,769.58,768.31,768.68,1342490.70122
2026-08-28T19:00:00+0000,768.68,774.18,768.47,769.515,1969370.854612
2026-08-28T19:30:00+0000,769.51,769.88,769.02,769.34,6019913.069328001
2026-08-31T13:30:00+0000,767.33,767.62,765.5,766.18,3576187.9517550003
2026-08-31T14:00:00+0000,766.19,766.3,764.715,764.93,1962949.794733
2026-08-31T14:30:00+0000,764.885,766.399,764.8,765.95,1532770.364585
2026-08-31T15:00:00+0000,765.95,766.46,765.38,765.94,1353548.0605569999
2026-08-31T15:30:00+0000,765.95,766.34,765.31,765.4199,1144197.1575200001
2026-08-31T16:00:00+0000,765.42,765.95,764.98,765.9,1262119.609752
2026-08-31T16:30:00+0000,765.8949,765.98,765.19,765.84,1190050.9131399998
2026-08-31T17:00:00+0000,765.85,766.06,765.39,765.42,783153.9773040001
2026-08-31T17:30:00+0000,765.425,766.81,765.17,766.52,1100872.3811320001
2026-08-31T18:00:00+0000,766.5,766.84,766.18,766.3,1160332.8765830002
2026-08-31T18:30:00+0000,766.3,766.42,765.05,765.67,2182246.843694
2026-08-31T19:00:00+0000,765.67,766.75,765.67,766.635,1637170.935255
2026-08-31T19:30:00+0000,766.62,767.995,766.18,766.95,10900390.925226001
2026-09-01T13:30:00+0000,762.01,762.48,761.17,762.015,3486208.4542769995
2026-09-01T14:00:00+0000,762.02,764.0,761.74,763.7695,2220261.570143
2026-09-01T14:30:00+0000,763.76,764.55,763.3501,763.54,2187768.101184
2026-09-01T15:00:00+0000,763.56,763.66,762.67,763.59,1630574.7174419998
2026-09-01T15:30:00+0000,763.59,764.67,763.44,764.29,1663440.813594
2026-09-01T16:00:00+0000,764.29,764.34,762.29,762.5399,2154933.169185
2026-09-01T16:30:00+0000,762.54,762.63,761.58,762.26,1771388.290287
2026-09-01T17:00:00+0000,762.26,762.29,760.73,761.68,1761686.6304970002
2026-09-01T17:30:00+0000,761.68,762.23,761.46,761.82,1623457.814419
2026-09-01T18:00:00+0000,761.81,762.04,761.07,761.21,1715379.2149669998
2026-09-01T18:30:00+0000,761.2199,761.245,759.48,760.7295,3076874.8651630003
2026-09-01T19:00:00+0000,760.72,761.61,760.62,761.36,2297462.616763
2026-09-01T19:30:00+0000,761.3999,761.76,760.58,761.66,6577664.434888
2026-09-02T13:30:00+0000,762.45,763.065,761.73,763.065,2875068.036389
2026-09-02T14:00:00+0000,763.03,765.585,762.86,765.27,2579549.3719099998
2026-09-02T14:30:00+0000,765.275,766.34,764.93,765.31,1874082.190328
2026-09-02T15:00:00+0000,765.31,766.4,765.14,766.295,1225501.1711880001
2026-09-02T15:30:00+0000,766.325,766.43,764.97,765.925,1281795.962165
2026-09-02T16:00:00+0000,765.92,765.92,764.69,764.85,715739.58962
2026-09-02T16:30:00+0000,764.85,765.32,764.7,764.92,726053.09298
2026-09-02T17:00:00+0000,764.92,765.48,764.46,764.71,879641.432896
2026-09-02T17:30:00+0000,764.75,765.29,764.35,765.18,874676.325619
2026-09-02T18:00:00+0000,765.18,766.0899,764.73,765.32,1715153.015116
2026-09-02T18:30:00+0000,765.34,765.5252,764.59,764.81,1930212.845863
2026-09-02T19:00:00+0000,764.79,765.52,764.67,765.48,1869383.4760640003
2026-09-02T19:30:00+0000,765.47,765.485,764.75,765.14,3858811.758612
2026-09-03T13:30:00+0000,767.9,770.045,767.85,769.56,5506339.451362001
2026-09-03T14:00:00+0000,769.53,769.57,767.53,768.67,2989303.551317
2026-09-03T14:30:00+0000,768.67,769.33,767.45,769.28,2299417.355488
2026-09-03T15:00:00+0000,769.26,772.95,769.25,772.94,3700223.933547
2026-09-03T15:30:00+0000,772.94,773.32,772.275,773.32,2236444.606786
2026-09-03T16:00:00+0000,773.31,773.31,772.21,772.435,1821335.0613260001
2026-09-03T16:30:00+0000,772.45,773.23,772.3,772.88,1304866.926705
2026-09-03T17:00:00+0000,772.9,773.0,772.12,772.6687,995162.036554
2026-09-03T17:30:00+0000,772.65,773.49,772.6475,773.275,1271512.2828080002
2026-09-03T18:00:00+0000,773.26,774.03,773.26,773.73,1708993.0212909998
2026-09-03T18:30:00+0000,773.759,773.9,773.4,773.67,1492256.467853
2026-09-03T19:00:00+0000,773.665,773.705,773.13,773.41,2773984.4582940005
2026-09-03T19:30:00+0000,773.415,773.55,772.69,773.1,7417687.748246999
2026-09-04T13:30:00+0000,772.01,772.87,771.81,772.31,3439777.4846089995
2026-09-04T14:00:00+0000,772.32,772.36,770.76,771.21,2254573.6034130002
2026-09-04T14:30:00+0000,771.205,771.29,769.3,769.45,1818886.571265
2026-09-04T15:00:00+0000,769.47,769.99,769.05,769.43,2315210.003588
2026-09-04T15:30:00+0000,769.48,770.06,769.0,769.9575,1260154.91112
2026-09-04T16:00:00+0000,769.955,771.15,769.83,770.66,1311667.254019
2026-09-04T16:30:00+0000,770.66,771.32,770.5551,770.89,997951.53611
2026-09-04T17:00:00+0000,770.9,770.97,769.8,769.852,1039274.285781
2026-09-04T17:30:00+0000,769.85,769.87,769.13,769.459,1589560.61331
2026-09-04T18:00:00+0000,769.44,769.99,769.2101,769.88,1133436.150269
2026-09-04T18:30:00+0000,769.89,770.37,769.68,770.25,1279041.2926730001
2026-09-04T19:00:00+0000,770.26,770.38,769.59,770.01,2445337.4118149998
2026-09-04T19:30:00+0000,770.0,770.48,769.63,770.23,5884389.113035
2026-09-08T13:30:00+0000,769.07,769.7,766.82,767.46,4400661.778216001
2026-09-08T14:00:00+0000,767.45,767.63,765.99,766.7,2871180.5429410003
2026-09-08T14:30:00+0000,766.7,767.949,766.44,767.65,1578013.4588239999
2026-09-08T15:00:00+0000,767.67,768.37,767.35,767.805,2173622.944348
2026-09-08T15:30:00+0000,767.8,768.08,767.34,767.39,1728868.835824
2026-09-08T16:00:00+0000,767.4,767.79,766.81,767.1,1680475.3136860002
2026-09-08T16:30:00+0000,767.1,767.61,766.55,766.94,1340756.077362
2026-09-08T17:00:00+0000,766.9292,768.12,766.9292,767.475,1058924.460157
2026-09-08T17:30:00+0000,767.49,767.88,767.315,767.46,1237534.402255
2026-09-08T18:00:00+0000,767.48,767.89,767.46,767.765,1163437.141659
2026-09-08T18:30:00+0000,767.77,767.79,765.67,766.77,2603180.823283
2026-09-08T19:00:00+0000,766.78,767.1,766.485,766.98,1918621.657749
2026-09-08T19:30:00+0000,766.97,767.15,765.14,765.94,8082115.244205999
2026-09-09T13:30:00+0000,764.08,764.38,763.231,764.1,2580738.541272
2026-09-09T14:00:00+0000,764.09,764.2,762.49,763.98,2393226.73675
2026-09-09T14:30:00+0000,763.97,764.01,763.25,763.78,1109461.47213
2026-09-09T15:00:00+0000,763.79,764.47,760.94,761.54,2911910.1229109997
2026-09-09T15:30:00+0000,761.5401,763.0957,761.48,762.17,1942091.308702
2026-09-09T16:00:00+0000,762.17,762.41,761.32,761.63,1195450.590647
2026-09-09T16:30:00+0000,761.615,762.86,761.58,762.566,1235847.415763
2026-09-09T17:00:00+0000,762.575,763.29,762.372,762.92,1228788.5577099998
2026-09-09T17:30:00+0000,762.93,763.32,762.38,763.025,788150.6989719999
2026-09-09T18:00:00+0000,763.02,763.17,762.28,762.84,1606671.607015
2026-09-09T18:30:00+0000,762.845,763.39,762.59,762.9,962799.7584670001
2026-09-09T19:00:00+0000,762.92,763.4097,762.64,763.1,2133756.7957840003
2026-09-09T19:30:00+0000,763.1,763.21,762.1,762.34,7398322.966290001
2026-09-10T13:30:00+0000,758.03,758.98,756.7022,756.78,6778537.684436
2026-09-10T14:00:00+0000,756.752,760.11,756.64,758.71,4933534.725761
2026-09-10T14:30:00+0000,758.715,759.6,758.4305,759.3995,2930892.543823
2026-09-10T15:00:00+0000,759.4,759.56,758.55,759.19,2650949.927592
2026-09-10T15:30:00+0000,759.22,759.97,758.22,758.54,1780843.919655
2026-09-10T16:00:00+0000,758.55,759.0791,757.79,758.085,1556844.289036
2026-09-10T16:30:00+0000,758.08,759.345,757.26,759.205,1908962.8485420002
2026-09-10T17:00:00+0000,759.2,759.85,758.51,758.59,1391723.160032
2026-09-10T17:30:00+0000,758.58,758.77,758.03,758.27,1051346.8316739998
2026-09-10T18:00:00+0000,758.27,758.56,757.47,757.69,1616509.833602
2026-09-10T18:30:00+0000,757.67,758.39,757.2599,757.775,1588615.359478
2026-09-10T19:00:00+0000,757.775,759.8,757.31,757.615,2581422.188171
2026-09-10T19:30:00+0000,757.61,758.29,757.44,757.83,6492324.575058
2026-09-11T13:30:00+0000,764.72,766.38,764.225,766.31,4452248.609783
2026-09-11T14:00:00+0000,766.31,766.33,764.63,765.73,2440359.14305
2026-09-11T14:30:00+0000,765.75,765.78,763.6,763.97,3192468.824403
2026-09-11T15:00:00+0000,763.9538,766.24,763.81,766.0,1458431.060279
2026-09-11T15:30:00+0000,765.98,766.27,765.382,765.71,1885197.015563
2026-09-11T16:00:00+0000,765.72,766.2,764.87,764.92,2670663.4532430004
2026-09-11T16:30:00+0000,764.94,765.76,764.81,765.62,2048772.259573
2026-09-11T17:00:00+0000,765.64,766.33,765.51,765.995,2444972.3963850006
2026-09-11T17:30:00+0000,765.995,766.26,765.3,765.74,1708373.8821780002
2026-09-11T18:00:00+0000,765.74,765.97,765.14,765.41,2007490.4645770001
2026-09-11T18:30:00+0000,765.42,765.58,764.94,765.04,1570438.229186
2026-09-11T19:00:00+0000,765.04,765.3,764.55,765.02,2495919.988841
2026-09-11T19:30:00+0000,765.025,765.13,764.04,764.195,8519707.500173
